[2025-01-12 20:15:23] local.ERROR: SQLSTATE[HY000] [2002] Connection refused (Connection: mysql, SQL: select * from `sessions` where `id` = wEF2RdvOeHRjqZoSqHGuu6erUJsv5uns6GzUmzSW limit 1) {"exception":"[object] (Illuminate\\Database\\QueryException(code: 2002): SQLSTATE[HY000] [2002] Connection refused (Connection: mysql, SQL: select * from `sessions` where `id` = wEF2RdvOeHRjqZoSqHGuu6erUJsv5uns6GzUmzSW limit 1) at /home/lutxise/Projects/Lutxise/vendor/laravel/framework/src/Illuminate/Database/Connection.php:825)
[stacktrace]
#0 /home/lutxise/Projects/Lutxise/vendor/laravel/framework/src/Illuminate/Database/Connection.php(979): Illuminate\\Database\\Connection->runQueryCallback()
#1 /home/lutxise/Projects/Lutxise/vendor/laravel/framework/src/Illuminate/Database/Connection.php(958): Illuminate\\Database\\Connection->tryAgainIfCausedByLostConnection()
#2 /home/lutxise/Projects/Lutxise/vendor/laravel/framework/src/Illuminate/Database/Connection.php(781): Illuminate\\Database\\Connection->handleQueryException()
#3 /home/lutxise/Projects/Lutxise/vendor/laravel/framework/src/Illuminate/Database/Connection.php(398): Illuminate\\Database\\Connection->run()
#4 /home/lutxise/Projects/Lutxise/vendor/laravel/framework/src/Illuminate/Database/Query/Builder.php(3133): Illuminate\\Database\\Connection->select()
#5 /home/lutxise/Projects/Lutxise/vendor/laravel/framework/src/Illuminate/Database/Query/Builder.php(3118): Illuminate\\Database\\Query\\Builder->runSelect()
#6 /home/lutxise/Projects/Lutxise/vendor/laravel/framework/src/Illuminate/Database/Query/Builder.php(3706): Illuminate\\Database\\Query\\Builder->Illuminate\\Database\\Query\\{closure}()
#7 /home/lutxise/Projects/Lutxise/vendor/laravel/framework/src/Illuminate/Database/Query/Builder.php(3117): Illuminate\\Database\\Query\\Builder->onceWithColumns()
#8 /home/lutxise/Projects/Lutxise/vendor/laravel/framework/src/Illuminate/Database/Concerns/BuildsQueries.php(344): Illuminate\\Database\\Query\\Builder->get()
#9 /home/lutxise/Projects/Lutxise/vendor/laravel/framework/src/Illuminate/Database/Query/Builder.php(3038): Illuminate\\Database\\Query\\Builder->first()
#10 /home/lutxise/Projects/Lutxise/vendor/laravel/framework/src/Illuminate/Session/DatabaseSessionHandler.php(97): Illuminate\\Database\\Query\\Builder->find()
#11 /home/lutxise/Projects/Lutxise/vendor/laravel/framework/src/Illuminate/Session/Store.php(116): Illuminate\\Session\\DatabaseSessionHandler->read()
#12 /home/lutxise/Projects/Lutxise/vendor/laravel/framework/src/Illuminate/Session/Store.php(104): Illuminate\\Session\\Store->readFromHandler()
#13 /home/lutxise/Projects/Lutxise/vendor/laravel/framework/src/Illuminate/Session/Store.php(88): Illuminate\\Session\\Store->loadSession()
#14 /home/lutxise/Projects/Lutxise/vendor/laravel/framework/src/Illuminate/Session/Middleware/StartSession.php(147): Illuminate\\Session\\Store->start()
#15 /home/lutxise/Projects/Lutxise/vendor/laravel/framework/src/Illuminate/Support/helpers.php(399): Illuminate\\Session\\Middleware\\StartSession->Illuminate\\Session\\Middleware\\{closure}()
#16 /home/lutxise/Projects/Lutxise/vendor/laravel/framework/src/Illuminate/Session/Middleware/StartSession.php(144): tap()
#17 /home/lutxise/Projects/Lutxise/vendor/laravel/framework/src/Illuminate/Session/Middleware/StartSession.php(116): Illuminate\\Session\\Middleware\\StartSession->startSession()
#18 /home/lutxise/Projects/Lutxise/vendor/laravel/framework/src/Illuminate/Session/Middleware/StartSession.php(64): Illuminate\\Session\\Middleware\\StartSession->handleStatefulRequest()
#19 /home/lutxise/Projects/Lutxise/vendor/laravel/framework/src/Illuminate/Pipeline/Pipeline.php(183): Illuminate\\Session\\Middleware\\StartSession->handle()
#20 /home/lutxise/Projects/Lutxise/vendor/laravel/framework/src/Illuminate/Cookie/Middleware/AddQueuedCookiesToResponse.php(37): Illuminate\\Pipeline\\Pipeline->Illuminate\\Pipeline\\{closure}()
#21 /home/lutxise/Projects/Lutxise/vendor/laravel/framework/src/Illuminate/Pipeline/Pipeline.php(183): Illuminate\\Cookie\\Middleware\\AddQueuedCookiesToResponse->handle()
#22 /home/lutxise/Projects/Lutxise/vendor/laravel/framework/src/Illuminate/Cookie/Middleware/EncryptCookies.php(75): Illuminate\\Pipeline\\Pipeline->Illuminate\\Pipeline\\{closure}()
#23 /home/lutxise/Projects/Lutxise/vendor/laravel/framework/src/Illuminate/Pipeline/Pipeline.php(183): Illuminate\\Cookie\\Middleware\\EncryptCookies->handle()
#24 /home/lutxise/Projects/Lutxise/vendor/laravel/framework/src/Illuminate/Pipeline/Pipeline.php(119): Illuminate\\Pipeline\\Pipeline->Illuminate\\Pipeline\\{closure}()
#25 /home/lutxise/Projects/Lutxise/vendor/laravel/framework/src/Illuminate/Routing/Router.php(807): Illuminate\\Pipeline\\Pipeline->then()
#26 /home/lutxise/Projects/Lutxise/vendor/laravel/framework/src/Illuminate/Routing/Router.php(786): Illuminate\\Routing\\Router->runRouteWithinStack()
#27 /home/lutxise/Projects/Lutxise/vendor/laravel/framework/src/Illuminate/Routing/Router.php(750): Illuminate\\Routing\\Router->runRoute()
#28 /home/lutxise/Projects/Lutxise/vendor/laravel/framework/src/Illuminate/Routing/Router.php(739): Illuminate\\Routing\\Router->dispatchToRoute()
#29 /home/lutxise/Projects/Lutxise/vendor/laravel/framework/src/Illuminate/Foundation/Http/Kernel.php(201): Illuminate\\Routing\\Router->dispatch()
#30 /home/lutxise/Projects/Lutxise/vendor/laravel/framework/src/Illuminate/Pipeline/Pipeline.php(144): Illuminate\\Foundation\\Http\\Kernel->Illuminate\\Foundation\\Http\\{closure}()
#31 /home/lutxise/Projects/Lutxise/vendor/livewire/livewire/src/Features/SupportDisablingBackButtonCache/DisableBackButtonCacheMiddleware.php(19): Illuminate\\Pipeline\\Pipeline->Illuminate\\Pipeline\\{closure}()
#32 /home/lutxise/Projects/Lutxise/vendor/laravel/framework/src/Illuminate/Pipeline/Pipeline.php(183): Livewire\\Features\\SupportDisablingBackButtonCache\\DisableBackButtonCacheMiddleware->handle()
#33 /home/lutxise/Projects/Lutxise/vendor/laravel/framework/src/Illuminate/Foundation/Http/Middleware/TransformsRequest.php(21): Illuminate\\Pipeline\\Pipeline->Illuminate\\Pipeline\\{closure}()
#34 /home/lutxise/Projects/Lutxise/vendor/laravel/framework/src/Illuminate/Foundation/Http/Middleware/ConvertEmptyStringsToNull.php(31): Illuminate\\Foundation\\Http\\Middleware\\TransformsRequest->handle()
#35 /home/lutxise/Projects/Lutxise/vendor/laravel/framework/src/Illuminate/Pipeline/Pipeline.php(183): Illuminate\\Foundation\\Http\\Middleware\\ConvertEmptyStringsToNull->handle()
#36 /home/lutxise/Projects/Lutxise/vendor/laravel/framework/src/Illuminate/Foundation/Http/Middleware/TransformsRequest.php(21): Illuminate\\Pipeline\\Pipeline->Illuminate\\Pipeline\\{closure}()
#37 /home/lutxise/Projects/Lutxise/vendor/laravel/framework/src/Illuminate/Foundation/Http/Middleware/TrimStrings.php(51): Illuminate\\Foundation\\Http\\Middleware\\TransformsRequest->handle()
#38 /home/lutxise/Projects/Lutxise/vendor/laravel/framework/src/Illuminate/Pipeline/Pipeline.php(183): Illuminate\\Foundation\\Http\\Middleware\\TrimStrings->handle()
#39 /home/lutxise/Projects/Lutxise/vendor/laravel/framework/src/Illuminate/Http/Middleware/ValidatePostSize.php(27): Illuminate\\Pipeline\\Pipeline->Illuminate\\Pipeline\\{closure}()
#40 /home/lutxise/Projects/Lutxise/vendor/laravel/framework/src/Illuminate/Pipeline/Pipeline.php(183): Illuminate\\Http\\Middleware\\ValidatePostSize->handle()
#41 /home/lutxise/Projects/Lutxise/vendor/laravel/framework/src/Illuminate/Foundation/Http/Middleware/PreventRequestsDuringMaintenance.php(110): Illuminate\\Pipeline\\Pipeline->Illuminate\\Pipeline\\{closure}()
#42 /home/lutxise/Projects/Lutxise/vendor/laravel/framework/src/Illuminate/Pipeline/Pipeline.php(183): Illuminate\\Foundation\\Http\\Middleware\\PreventRequestsDuringMaintenance->handle()
#43 /home/lutxise/Projects/Lutxise/vendor/laravel/framework/src/Illuminate/Http/Middleware/HandleCors.php(49): Illuminate\\Pipeline\\Pipeline->Illuminate\\Pipeline\\{closure}()
#44 /home/lutxise/Projects/Lutxise/vendor/laravel/framework/src/Illuminate/Pipeline/Pipeline.php(183): Illuminate\\Http\\Middleware\\HandleCors->handle()
#45 /home/lutxise/Projects/Lutxise/vendor/laravel/framework/src/Illuminate/Http/Middleware/TrustProxies.php(58): Illuminate\\Pipeline\\Pipeline->Illuminate\\Pipeline\\{closure}()
#46 /home/lutxise/Projects/Lutxise/vendor/laravel/framework/src/Illuminate/Pipeline/Pipeline.php(183): Illuminate\\Http\\Middleware\\TrustProxies->handle()
#47 /home/lutxise/Projects/Lutxise/vendor/laravel/framework/src/Illuminate/Foundation/Http/Middleware/InvokeDeferredCallbacks.php(22): Illuminate\\Pipeline\\Pipeline->Illuminate\\Pipeline\\{closure}()
#48 /home/lutxise/Projects/Lutxise/vendor/laravel/framework/src/Illuminate/Pipeline/Pipeline.php(183): Illuminate\\Foundation\\Http\\Middleware\\InvokeDeferredCallbacks->handle()
#49 /home/lutxise/Projects/Lutxise/vendor/laravel/framework/src/Illuminate/Pipeline/Pipeline.php(119): Illuminate\\Pipeline\\Pipeline->Illuminate\\Pipeline\\{closure}()
#50 /home/lutxise/Projects/Lutxise/vendor/laravel/framework/src/Illuminate/Foundation/Http/Kernel.php(176): Illuminate\\Pipeline\\Pipeline->then()
#51 /home/lutxise/Projects/Lutxise/vendor/laravel/framework/src/Illuminate/Foundation/Http/Kernel.php(145): Illuminate\\Foundation\\Http\\Kernel->sendRequestThroughRouter()
#52 /home/lutxise/Projects/Lutxise/vendor/laravel/framework/src/Illuminate/Foundation/Application.php(1190): Illuminate\\Foundation\\Http\\Kernel->handle()
#53 /home/lutxise/Projects/Lutxise/public/index.php(17): Illuminate\\Foundation\\Application->handleRequest()
#54 /home/lutxise/Projects/Lutxise/vendor/laravel/framework/src/Illuminate/Foundation/resources/server.php(23): require_once('...')
#55 {main}

[previous exception] [object] (PDOException(code: 2002): SQLSTATE[HY000] [2002] Connection refused at /home/lutxise/Projects/Lutxise/vendor/laravel/framework/src/Illuminate/Database/Connectors/Connector.php:66)
[stacktrace]
#0 /home/lutxise/Projects/Lutxise/vendor/laravel/framework/src/Illuminate/Database/Connectors/Connector.php(66): PDO->__construct()
#1 /home/lutxise/Projects/Lutxise/vendor/laravel/framework/src/Illuminate/Database/Connectors/Connector.php(85): Illuminate\\Database\\Connectors\\Connector->createPdoConnection()
#2 /home/lutxise/Projects/Lutxise/vendor/laravel/framework/src/Illuminate/Database/Connectors/Connector.php(48): Illuminate\\Database\\Connectors\\Connector->tryAgainIfCausedByLostConnection()
#3 /home/lutxise/Projects/Lutxise/vendor/laravel/framework/src/Illuminate/Database/Connectors/MySqlConnector.php(24): Illuminate\\Database\\Connectors\\Connector->createConnection()
#4 /home/lutxise/Projects/Lutxise/vendor/laravel/framework/src/Illuminate/Database/Connectors/ConnectionFactory.php(185): Illuminate\\Database\\Connectors\\MySqlConnector->connect()
#5 [internal function]: Illuminate\\Database\\Connectors\\ConnectionFactory->Illuminate\\Database\\Connectors\\{closure}()
#6 /home/lutxise/Projects/Lutxise/vendor/laravel/framework/src/Illuminate/Database/Connection.php(1231): call_user_func()
#7 /home/lutxise/Projects/Lutxise/vendor/laravel/framework/src/Illuminate/Database/Connection.php(1267): Illuminate\\Database\\Connection->getPdo()
#8 /home/lutxise/Projects/Lutxise/vendor/laravel/framework/src/Illuminate/Database/Connection.php(512): Illuminate\\Database\\Connection->getReadPdo()
#9 /home/lutxise/Projects/Lutxise/vendor/laravel/framework/src/Illuminate/Database/Connection.php(407): Illuminate\\Database\\Connection->getPdoForSelect()
#10 /home/lutxise/Projects/Lutxise/vendor/laravel/framework/src/Illuminate/Database/Connection.php(812): Illuminate\\Database\\Connection->Illuminate\\Database\\{closure}()
#11 /home/lutxise/Projects/Lutxise/vendor/laravel/framework/src/Illuminate/Database/Connection.php(979): Illuminate\\Database\\Connection->runQueryCallback()
#12 /home/lutxise/Projects/Lutxise/vendor/laravel/framework/src/Illuminate/Database/Connection.php(958): Illuminate\\Database\\Connection->tryAgainIfCausedByLostConnection()
#13 /home/lutxise/Projects/Lutxise/vendor/laravel/framework/src/Illuminate/Database/Connection.php(781): Illuminate\\Database\\Connection->handleQueryException()
#14 /home/lutxise/Projects/Lutxise/vendor/laravel/framework/src/Illuminate/Database/Connection.php(398): Illuminate\\Database\\Connection->run()
#15 /home/lutxise/Projects/Lutxise/vendor/laravel/framework/src/Illuminate/Database/Query/Builder.php(3133): Illuminate\\Database\\Connection->select()
#16 /home/lutxise/Projects/Lutxise/vendor/laravel/framework/src/Illuminate/Database/Query/Builder.php(3118): Illuminate\\Database\\Query\\Builder->runSelect()
#17 /home/lutxise/Projects/Lutxise/vendor/laravel/framework/src/Illuminate/Database/Query/Builder.php(3706): Illuminate\\Database\\Query\\Builder->Illuminate\\Database\\Query\\{closure}()
#18 /home/lutxise/Projects/Lutxise/vendor/laravel/framework/src/Illuminate/Database/Query/Builder.php(3117): Illuminate\\Database\\Query\\Builder->onceWithColumns()
#19 /home/lutxise/Projects/Lutxise/vendor/laravel/framework/src/Illuminate/Database/Concerns/BuildsQueries.php(344): Illuminate\\Database\\Query\\Builder->get()
#20 /home/lutxise/Projects/Lutxise/vendor/laravel/framework/src/Illuminate/Database/Query/Builder.php(3038): Illuminate\\Database\\Query\\Builder->first()
#21 /home/lutxise/Projects/Lutxise/vendor/laravel/framework/src/Illuminate/Session/DatabaseSessionHandler.php(97): Illuminate\\Database\\Query\\Builder->find()
#22 /home/lutxise/Projects/Lutxise/vendor/laravel/framework/src/Illuminate/Session/Store.php(116): Illuminate\\Session\\DatabaseSessionHandler->read()
#23 /home/lutxise/Projects/Lutxise/vendor/laravel/framework/src/Illuminate/Session/Store.php(104): Illuminate\\Session\\Store->readFromHandler()
#24 /home/lutxise/Projects/Lutxise/vendor/laravel/framework/src/Illuminate/Session/Store.php(88): Illuminate\\Session\\Store->loadSession()
#25 /home/lutxise/Projects/Lutxise/vendor/laravel/framework/src/Illuminate/Session/Middleware/StartSession.php(147): Illuminate\\Session\\Store->start()
#26 /home/lutxise/Projects/Lutxise/vendor/laravel/framework/src/Illuminate/Support/helpers.php(399): Illuminate\\Session\\Middleware\\StartSession->Illuminate\\Session\\Middleware\\{closure}()
#27 /home/lutxise/Projects/Lutxise/vendor/laravel/framework/src/Illuminate/Session/Middleware/StartSession.php(144): tap()
#28 /home/lutxise/Projects/Lutxise/vendor/laravel/framework/src/Illuminate/Session/Middleware/StartSession.php(116): Illuminate\\Session\\Middleware\\StartSession->startSession()
#29 /home/lutxise/Projects/Lutxise/vendor/laravel/framework/src/Illuminate/Session/Middleware/StartSession.php(64): Illuminate\\Session\\Middleware\\StartSession->handleStatefulRequest()
#30 /home/lutxise/Projects/Lutxise/vendor/laravel/framework/src/Illuminate/Pipeline/Pipeline.php(183): Illuminate\\Session\\Middleware\\StartSession->handle()
#31 /home/lutxise/Projects/Lutxise/vendor/laravel/framework/src/Illuminate/Cookie/Middleware/AddQueuedCookiesToResponse.php(37): Illuminate\\Pipeline\\Pipeline->Illuminate\\Pipeline\\{closure}()
#32 /home/lutxise/Projects/Lutxise/vendor/laravel/framework/src/Illuminate/Pipeline/Pipeline.php(183): Illuminate\\Cookie\\Middleware\\AddQueuedCookiesToResponse->handle()
#33 /home/lutxise/Projects/Lutxise/vendor/laravel/framework/src/Illuminate/Cookie/Middleware/EncryptCookies.php(75): Illuminate\\Pipeline\\Pipeline->Illuminate\\Pipeline\\{closure}()
#34 /home/lutxise/Projects/Lutxise/vendor/laravel/framework/src/Illuminate/Pipeline/Pipeline.php(183): Illuminate\\Cookie\\Middleware\\EncryptCookies->handle()
#35 /home/lutxise/Projects/Lutxise/vendor/laravel/framework/src/Illuminate/Pipeline/Pipeline.php(119): Illuminate\\Pipeline\\Pipeline->Illuminate\\Pipeline\\{closure}()
#36 /home/lutxise/Projects/Lutxise/vendor/laravel/framework/src/Illuminate/Routing/Router.php(807): Illuminate\\Pipeline\\Pipeline->then()
#37 /home/lutxise/Projects/Lutxise/vendor/laravel/framework/src/Illuminate/Routing/Router.php(786): Illuminate\\Routing\\Router->runRouteWithinStack()
#38 /home/lutxise/Projects/Lutxise/vendor/laravel/framework/src/Illuminate/Routing/Router.php(750): Illuminate\\Routing\\Router->runRoute()
#39 /home/lutxise/Projects/Lutxise/vendor/laravel/framework/src/Illuminate/Routing/Router.php(739): Illuminate\\Routing\\Router->dispatchToRoute()
#40 /home/lutxise/Projects/Lutxise/vendor/laravel/framework/src/Illuminate/Foundation/Http/Kernel.php(201): Illuminate\\Routing\\Router->dispatch()
#41 /home/lutxise/Projects/Lutxise/vendor/laravel/framework/src/Illuminate/Pipeline/Pipeline.php(144): Illuminate\\Foundation\\Http\\Kernel->Illuminate\\Foundation\\Http\\{closure}()
#42 /home/lutxise/Projects/Lutxise/vendor/livewire/livewire/src/Features/SupportDisablingBackButtonCache/DisableBackButtonCacheMiddleware.php(19): Illuminate\\Pipeline\\Pipeline->Illuminate\\Pipeline\\{closure}()
#43 /home/lutxise/Projects/Lutxise/vendor/laravel/framework/src/Illuminate/Pipeline/Pipeline.php(183): Livewire\\Features\\SupportDisablingBackButtonCache\\DisableBackButtonCacheMiddleware->handle()
#44 /home/lutxise/Projects/Lutxise/vendor/laravel/framework/src/Illuminate/Foundation/Http/Middleware/TransformsRequest.php(21): Illuminate\\Pipeline\\Pipeline->Illuminate\\Pipeline\\{closure}()
#45 /home/lutxise/Projects/Lutxise/vendor/laravel/framework/src/Illuminate/Foundation/Http/Middleware/ConvertEmptyStringsToNull.php(31): Illuminate\\Foundation\\Http\\Middleware\\TransformsRequest->handle()
#46 /home/lutxise/Projects/Lutxise/vendor/laravel/framework/src/Illuminate/Pipeline/Pipeline.php(183): Illuminate\\Foundation\\Http\\Middleware\\ConvertEmptyStringsToNull->handle()
#47 /home/lutxise/Projects/Lutxise/vendor/laravel/framework/src/Illuminate/Foundation/Http/Middleware/TransformsRequest.php(21): Illuminate\\Pipeline\\Pipeline->Illuminate\\Pipeline\\{closure}()
#48 /home/lutxise/Projects/Lutxise/vendor/laravel/framework/src/Illuminate/Foundation/Http/Middleware/TrimStrings.php(51): Illuminate\\Foundation\\Http\\Middleware\\TransformsRequest->handle()
#49 /home/lutxise/Projects/Lutxise/vendor/laravel/framework/src/Illuminate/Pipeline/Pipeline.php(183): Illuminate\\Foundation\\Http\\Middleware\\TrimStrings->handle()
#50 /home/lutxise/Projects/Lutxise/vendor/laravel/framework/src/Illuminate/Http/Middleware/ValidatePostSize.php(27): Illuminate\\Pipeline\\Pipeline->Illuminate\\Pipeline\\{closure}()
#51 /home/lutxise/Projects/Lutxise/vendor/laravel/framework/src/Illuminate/Pipeline/Pipeline.php(183): Illuminate\\Http\\Middleware\\ValidatePostSize->handle()
#52 /home/lutxise/Projects/Lutxise/vendor/laravel/framework/src/Illuminate/Foundation/Http/Middleware/PreventRequestsDuringMaintenance.php(110): Illuminate\\Pipeline\\Pipeline->Illuminate\\Pipeline\\{closure}()
#53 /home/lutxise/Projects/Lutxise/vendor/laravel/framework/src/Illuminate/Pipeline/Pipeline.php(183): Illuminate\\Foundation\\Http\\Middleware\\PreventRequestsDuringMaintenance->handle()
#54 /home/lutxise/Projects/Lutxise/vendor/laravel/framework/src/Illuminate/Http/Middleware/HandleCors.php(49): Illuminate\\Pipeline\\Pipeline->Illuminate\\Pipeline\\{closure}()
#55 /home/lutxise/Projects/Lutxise/vendor/laravel/framework/src/Illuminate/Pipeline/Pipeline.php(183): Illuminate\\Http\\Middleware\\HandleCors->handle()
#56 /home/lutxise/Projects/Lutxise/vendor/laravel/framework/src/Illuminate/Http/Middleware/TrustProxies.php(58): Illuminate\\Pipeline\\Pipeline->Illuminate\\Pipeline\\{closure}()
#57 /home/lutxise/Projects/Lutxise/vendor/laravel/framework/src/Illuminate/Pipeline/Pipeline.php(183): Illuminate\\Http\\Middleware\\TrustProxies->handle()
#58 /home/lutxise/Projects/Lutxise/vendor/laravel/framework/src/Illuminate/Foundation/Http/Middleware/InvokeDeferredCallbacks.php(22): Illuminate\\Pipeline\\Pipeline->Illuminate\\Pipeline\\{closure}()
#59 /home/lutxise/Projects/Lutxise/vendor/laravel/framework/src/Illuminate/Pipeline/Pipeline.php(183): Illuminate\\Foundation\\Http\\Middleware\\InvokeDeferredCallbacks->handle()
#60 /home/lutxise/Projects/Lutxise/vendor/laravel/framework/src/Illuminate/Pipeline/Pipeline.php(119): Illuminate\\Pipeline\\Pipeline->Illuminate\\Pipeline\\{closure}()
#61 /home/lutxise/Projects/Lutxise/vendor/laravel/framework/src/Illuminate/Foundation/Http/Kernel.php(176): Illuminate\\Pipeline\\Pipeline->then()
#62 /home/lutxise/Projects/Lutxise/vendor/laravel/framework/src/Illuminate/Foundation/Http/Kernel.php(145): Illuminate\\Foundation\\Http\\Kernel->sendRequestThroughRouter()
#63 /home/lutxise/Projects/Lutxise/vendor/laravel/framework/src/Illuminate/Foundation/Application.php(1190): Illuminate\\Foundation\\Http\\Kernel->handle()
#64 /home/lutxise/Projects/Lutxise/public/index.php(17): Illuminate\\Foundation\\Application->handleRequest()
#65 /home/lutxise/Projects/Lutxise/vendor/laravel/framework/src/Illuminate/Foundation/resources/server.php(23): require_once('...')
#66 {main}
"} 
[2025-01-13 00:26:47] local.ERROR: SQLSTATE[HY000] [2002] Connection refused (Connection: mysql, SQL: select * from `sessions` where `id` = hAKpjPyvqj1gaKwkLzukoQMu29lHCMSjZdrcOKQr limit 1) {"exception":"[object] (Illuminate\\Database\\QueryException(code: 2002): SQLSTATE[HY000] [2002] Connection refused (Connection: mysql, SQL: select * from `sessions` where `id` = hAKpjPyvqj1gaKwkLzukoQMu29lHCMSjZdrcOKQr limit 1) at /home/lutxise/Projects/Lutxise/vendor/laravel/framework/src/Illuminate/Database/Connection.php:825)
[stacktrace]
#0 /home/lutxise/Projects/Lutxise/vendor/laravel/framework/src/Illuminate/Database/Connection.php(979): Illuminate\\Database\\Connection->runQueryCallback()
#1 /home/lutxise/Projects/Lutxise/vendor/laravel/framework/src/Illuminate/Database/Connection.php(958): Illuminate\\Database\\Connection->tryAgainIfCausedByLostConnection()
#2 /home/lutxise/Projects/Lutxise/vendor/laravel/framework/src/Illuminate/Database/Connection.php(781): Illuminate\\Database\\Connection->handleQueryException()
#3 /home/lutxise/Projects/Lutxise/vendor/laravel/framework/src/Illuminate/Database/Connection.php(398): Illuminate\\Database\\Connection->run()
#4 /home/lutxise/Projects/Lutxise/vendor/laravel/framework/src/Illuminate/Database/Query/Builder.php(3133): Illuminate\\Database\\Connection->select()
#5 /home/lutxise/Projects/Lutxise/vendor/laravel/framework/src/Illuminate/Database/Query/Builder.php(3118): Illuminate\\Database\\Query\\Builder->runSelect()
#6 /home/lutxise/Projects/Lutxise/vendor/laravel/framework/src/Illuminate/Database/Query/Builder.php(3706): Illuminate\\Database\\Query\\Builder->Illuminate\\Database\\Query\\{closure}()
#7 /home/lutxise/Projects/Lutxise/vendor/laravel/framework/src/Illuminate/Database/Query/Builder.php(3117): Illuminate\\Database\\Query\\Builder->onceWithColumns()
#8 /home/lutxise/Projects/Lutxise/vendor/laravel/framework/src/Illuminate/Database/Concerns/BuildsQueries.php(344): Illuminate\\Database\\Query\\Builder->get()
#9 /home/lutxise/Projects/Lutxise/vendor/laravel/framework/src/Illuminate/Database/Query/Builder.php(3038): Illuminate\\Database\\Query\\Builder->first()
#10 /home/lutxise/Projects/Lutxise/vendor/laravel/framework/src/Illuminate/Session/DatabaseSessionHandler.php(97): Illuminate\\Database\\Query\\Builder->find()
#11 /home/lutxise/Projects/Lutxise/vendor/laravel/framework/src/Illuminate/Session/Store.php(116): Illuminate\\Session\\DatabaseSessionHandler->read()
#12 /home/lutxise/Projects/Lutxise/vendor/laravel/framework/src/Illuminate/Session/Store.php(104): Illuminate\\Session\\Store->readFromHandler()
#13 /home/lutxise/Projects/Lutxise/vendor/laravel/framework/src/Illuminate/Session/Store.php(88): Illuminate\\Session\\Store->loadSession()
#14 /home/lutxise/Projects/Lutxise/vendor/laravel/framework/src/Illuminate/Session/Middleware/StartSession.php(147): Illuminate\\Session\\Store->start()
#15 /home/lutxise/Projects/Lutxise/vendor/laravel/framework/src/Illuminate/Support/helpers.php(399): Illuminate\\Session\\Middleware\\StartSession->Illuminate\\Session\\Middleware\\{closure}()
#16 /home/lutxise/Projects/Lutxise/vendor/laravel/framework/src/Illuminate/Session/Middleware/StartSession.php(144): tap()
#17 /home/lutxise/Projects/Lutxise/vendor/laravel/framework/src/Illuminate/Session/Middleware/StartSession.php(116): Illuminate\\Session\\Middleware\\StartSession->startSession()
#18 /home/lutxise/Projects/Lutxise/vendor/laravel/framework/src/Illuminate/Session/Middleware/StartSession.php(64): Illuminate\\Session\\Middleware\\StartSession->handleStatefulRequest()
#19 /home/lutxise/Projects/Lutxise/vendor/laravel/framework/src/Illuminate/Pipeline/Pipeline.php(183): Illuminate\\Session\\Middleware\\StartSession->handle()
#20 /home/lutxise/Projects/Lutxise/vendor/laravel/framework/src/Illuminate/Cookie/Middleware/AddQueuedCookiesToResponse.php(37): Illuminate\\Pipeline\\Pipeline->Illuminate\\Pipeline\\{closure}()
#21 /home/lutxise/Projects/Lutxise/vendor/laravel/framework/src/Illuminate/Pipeline/Pipeline.php(183): Illuminate\\Cookie\\Middleware\\AddQueuedCookiesToResponse->handle()
#22 /home/lutxise/Projects/Lutxise/vendor/laravel/framework/src/Illuminate/Cookie/Middleware/EncryptCookies.php(75): Illuminate\\Pipeline\\Pipeline->Illuminate\\Pipeline\\{closure}()
#23 /home/lutxise/Projects/Lutxise/vendor/laravel/framework/src/Illuminate/Pipeline/Pipeline.php(183): Illuminate\\Cookie\\Middleware\\EncryptCookies->handle()
#24 /home/lutxise/Projects/Lutxise/vendor/laravel/framework/src/Illuminate/Pipeline/Pipeline.php(119): Illuminate\\Pipeline\\Pipeline->Illuminate\\Pipeline\\{closure}()
#25 /home/lutxise/Projects/Lutxise/vendor/laravel/framework/src/Illuminate/Routing/Router.php(807): Illuminate\\Pipeline\\Pipeline->then()
#26 /home/lutxise/Projects/Lutxise/vendor/laravel/framework/src/Illuminate/Routing/Router.php(786): Illuminate\\Routing\\Router->runRouteWithinStack()
#27 /home/lutxise/Projects/Lutxise/vendor/laravel/framework/src/Illuminate/Routing/Router.php(750): Illuminate\\Routing\\Router->runRoute()
#28 /home/lutxise/Projects/Lutxise/vendor/laravel/framework/src/Illuminate/Routing/Router.php(739): Illuminate\\Routing\\Router->dispatchToRoute()
#29 /home/lutxise/Projects/Lutxise/vendor/laravel/framework/src/Illuminate/Foundation/Http/Kernel.php(201): Illuminate\\Routing\\Router->dispatch()
#30 /home/lutxise/Projects/Lutxise/vendor/laravel/framework/src/Illuminate/Pipeline/Pipeline.php(144): Illuminate\\Foundation\\Http\\Kernel->Illuminate\\Foundation\\Http\\{closure}()
#31 /home/lutxise/Projects/Lutxise/vendor/livewire/livewire/src/Features/SupportDisablingBackButtonCache/DisableBackButtonCacheMiddleware.php(19): Illuminate\\Pipeline\\Pipeline->Illuminate\\Pipeline\\{closure}()
#32 /home/lutxise/Projects/Lutxise/vendor/laravel/framework/src/Illuminate/Pipeline/Pipeline.php(183): Livewire\\Features\\SupportDisablingBackButtonCache\\DisableBackButtonCacheMiddleware->handle()
#33 /home/lutxise/Projects/Lutxise/vendor/laravel/framework/src/Illuminate/Foundation/Http/Middleware/TransformsRequest.php(21): Illuminate\\Pipeline\\Pipeline->Illuminate\\Pipeline\\{closure}()
#34 /home/lutxise/Projects/Lutxise/vendor/laravel/framework/src/Illuminate/Foundation/Http/Middleware/ConvertEmptyStringsToNull.php(31): Illuminate\\Foundation\\Http\\Middleware\\TransformsRequest->handle()
#35 /home/lutxise/Projects/Lutxise/vendor/laravel/framework/src/Illuminate/Pipeline/Pipeline.php(183): Illuminate\\Foundation\\Http\\Middleware\\ConvertEmptyStringsToNull->handle()
#36 /home/lutxise/Projects/Lutxise/vendor/laravel/framework/src/Illuminate/Foundation/Http/Middleware/TransformsRequest.php(21): Illuminate\\Pipeline\\Pipeline->Illuminate\\Pipeline\\{closure}()
#37 /home/lutxise/Projects/Lutxise/vendor/laravel/framework/src/Illuminate/Foundation/Http/Middleware/TrimStrings.php(51): Illuminate\\Foundation\\Http\\Middleware\\TransformsRequest->handle()
#38 /home/lutxise/Projects/Lutxise/vendor/laravel/framework/src/Illuminate/Pipeline/Pipeline.php(183): Illuminate\\Foundation\\Http\\Middleware\\TrimStrings->handle()
#39 /home/lutxise/Projects/Lutxise/vendor/laravel/framework/src/Illuminate/Http/Middleware/ValidatePostSize.php(27): Illuminate\\Pipeline\\Pipeline->Illuminate\\Pipeline\\{closure}()
#40 /home/lutxise/Projects/Lutxise/vendor/laravel/framework/src/Illuminate/Pipeline/Pipeline.php(183): Illuminate\\Http\\Middleware\\ValidatePostSize->handle()
#41 /home/lutxise/Projects/Lutxise/vendor/laravel/framework/src/Illuminate/Foundation/Http/Middleware/PreventRequestsDuringMaintenance.php(110): Illuminate\\Pipeline\\Pipeline->Illuminate\\Pipeline\\{closure}()
#42 /home/lutxise/Projects/Lutxise/vendor/laravel/framework/src/Illuminate/Pipeline/Pipeline.php(183): Illuminate\\Foundation\\Http\\Middleware\\PreventRequestsDuringMaintenance->handle()
#43 /home/lutxise/Projects/Lutxise/vendor/laravel/framework/src/Illuminate/Http/Middleware/HandleCors.php(49): Illuminate\\Pipeline\\Pipeline->Illuminate\\Pipeline\\{closure}()
#44 /home/lutxise/Projects/Lutxise/vendor/laravel/framework/src/Illuminate/Pipeline/Pipeline.php(183): Illuminate\\Http\\Middleware\\HandleCors->handle()
#45 /home/lutxise/Projects/Lutxise/vendor/laravel/framework/src/Illuminate/Http/Middleware/TrustProxies.php(58): Illuminate\\Pipeline\\Pipeline->Illuminate\\Pipeline\\{closure}()
#46 /home/lutxise/Projects/Lutxise/vendor/laravel/framework/src/Illuminate/Pipeline/Pipeline.php(183): Illuminate\\Http\\Middleware\\TrustProxies->handle()
#47 /home/lutxise/Projects/Lutxise/vendor/laravel/framework/src/Illuminate/Foundation/Http/Middleware/InvokeDeferredCallbacks.php(22): Illuminate\\Pipeline\\Pipeline->Illuminate\\Pipeline\\{closure}()
#48 /home/lutxise/Projects/Lutxise/vendor/laravel/framework/src/Illuminate/Pipeline/Pipeline.php(183): Illuminate\\Foundation\\Http\\Middleware\\InvokeDeferredCallbacks->handle()
#49 /home/lutxise/Projects/Lutxise/vendor/laravel/framework/src/Illuminate/Pipeline/Pipeline.php(119): Illuminate\\Pipeline\\Pipeline->Illuminate\\Pipeline\\{closure}()
#50 /home/lutxise/Projects/Lutxise/vendor/laravel/framework/src/Illuminate/Foundation/Http/Kernel.php(176): Illuminate\\Pipeline\\Pipeline->then()
#51 /home/lutxise/Projects/Lutxise/vendor/laravel/framework/src/Illuminate/Foundation/Http/Kernel.php(145): Illuminate\\Foundation\\Http\\Kernel->sendRequestThroughRouter()
#52 /home/lutxise/Projects/Lutxise/vendor/laravel/framework/src/Illuminate/Foundation/Application.php(1190): Illuminate\\Foundation\\Http\\Kernel->handle()
#53 /home/lutxise/Projects/Lutxise/public/index.php(17): Illuminate\\Foundation\\Application->handleRequest()
#54 /home/lutxise/Projects/Lutxise/vendor/laravel/framework/src/Illuminate/Foundation/resources/server.php(23): require_once('...')
#55 {main}

[previous exception] [object] (PDOException(code: 2002): SQLSTATE[HY000] [2002] Connection refused at /home/lutxise/Projects/Lutxise/vendor/laravel/framework/src/Illuminate/Database/Connectors/Connector.php:66)
[stacktrace]
#0 /home/lutxise/Projects/Lutxise/vendor/laravel/framework/src/Illuminate/Database/Connectors/Connector.php(66): PDO->__construct()
#1 /home/lutxise/Projects/Lutxise/vendor/laravel/framework/src/Illuminate/Database/Connectors/Connector.php(85): Illuminate\\Database\\Connectors\\Connector->createPdoConnection()
#2 /home/lutxise/Projects/Lutxise/vendor/laravel/framework/src/Illuminate/Database/Connectors/Connector.php(48): Illuminate\\Database\\Connectors\\Connector->tryAgainIfCausedByLostConnection()
#3 /home/lutxise/Projects/Lutxise/vendor/laravel/framework/src/Illuminate/Database/Connectors/MySqlConnector.php(24): Illuminate\\Database\\Connectors\\Connector->createConnection()
#4 /home/lutxise/Projects/Lutxise/vendor/laravel/framework/src/Illuminate/Database/Connectors/ConnectionFactory.php(185): Illuminate\\Database\\Connectors\\MySqlConnector->connect()
#5 [internal function]: Illuminate\\Database\\Connectors\\ConnectionFactory->Illuminate\\Database\\Connectors\\{closure}()
#6 /home/lutxise/Projects/Lutxise/vendor/laravel/framework/src/Illuminate/Database/Connection.php(1231): call_user_func()
#7 /home/lutxise/Projects/Lutxise/vendor/laravel/framework/src/Illuminate/Database/Connection.php(1267): Illuminate\\Database\\Connection->getPdo()
#8 /home/lutxise/Projects/Lutxise/vendor/laravel/framework/src/Illuminate/Database/Connection.php(512): Illuminate\\Database\\Connection->getReadPdo()
#9 /home/lutxise/Projects/Lutxise/vendor/laravel/framework/src/Illuminate/Database/Connection.php(407): Illuminate\\Database\\Connection->getPdoForSelect()
#10 /home/lutxise/Projects/Lutxise/vendor/laravel/framework/src/Illuminate/Database/Connection.php(812): Illuminate\\Database\\Connection->Illuminate\\Database\\{closure}()
#11 /home/lutxise/Projects/Lutxise/vendor/laravel/framework/src/Illuminate/Database/Connection.php(979): Illuminate\\Database\\Connection->runQueryCallback()
#12 /home/lutxise/Projects/Lutxise/vendor/laravel/framework/src/Illuminate/Database/Connection.php(958): Illuminate\\Database\\Connection->tryAgainIfCausedByLostConnection()
#13 /home/lutxise/Projects/Lutxise/vendor/laravel/framework/src/Illuminate/Database/Connection.php(781): Illuminate\\Database\\Connection->handleQueryException()
#14 /home/lutxise/Projects/Lutxise/vendor/laravel/framework/src/Illuminate/Database/Connection.php(398): Illuminate\\Database\\Connection->run()
#15 /home/lutxise/Projects/Lutxise/vendor/laravel/framework/src/Illuminate/Database/Query/Builder.php(3133): Illuminate\\Database\\Connection->select()
#16 /home/lutxise/Projects/Lutxise/vendor/laravel/framework/src/Illuminate/Database/Query/Builder.php(3118): Illuminate\\Database\\Query\\Builder->runSelect()
#17 /home/lutxise/Projects/Lutxise/vendor/laravel/framework/src/Illuminate/Database/Query/Builder.php(3706): Illuminate\\Database\\Query\\Builder->Illuminate\\Database\\Query\\{closure}()
#18 /home/lutxise/Projects/Lutxise/vendor/laravel/framework/src/Illuminate/Database/Query/Builder.php(3117): Illuminate\\Database\\Query\\Builder->onceWithColumns()
#19 /home/lutxise/Projects/Lutxise/vendor/laravel/framework/src/Illuminate/Database/Concerns/BuildsQueries.php(344): Illuminate\\Database\\Query\\Builder->get()
#20 /home/lutxise/Projects/Lutxise/vendor/laravel/framework/src/Illuminate/Database/Query/Builder.php(3038): Illuminate\\Database\\Query\\Builder->first()
#21 /home/lutxise/Projects/Lutxise/vendor/laravel/framework/src/Illuminate/Session/DatabaseSessionHandler.php(97): Illuminate\\Database\\Query\\Builder->find()
#22 /home/lutxise/Projects/Lutxise/vendor/laravel/framework/src/Illuminate/Session/Store.php(116): Illuminate\\Session\\DatabaseSessionHandler->read()
#23 /home/lutxise/Projects/Lutxise/vendor/laravel/framework/src/Illuminate/Session/Store.php(104): Illuminate\\Session\\Store->readFromHandler()
#24 /home/lutxise/Projects/Lutxise/vendor/laravel/framework/src/Illuminate/Session/Store.php(88): Illuminate\\Session\\Store->loadSession()
#25 /home/lutxise/Projects/Lutxise/vendor/laravel/framework/src/Illuminate/Session/Middleware/StartSession.php(147): Illuminate\\Session\\Store->start()
#26 /home/lutxise/Projects/Lutxise/vendor/laravel/framework/src/Illuminate/Support/helpers.php(399): Illuminate\\Session\\Middleware\\StartSession->Illuminate\\Session\\Middleware\\{closure}()
#27 /home/lutxise/Projects/Lutxise/vendor/laravel/framework/src/Illuminate/Session/Middleware/StartSession.php(144): tap()
#28 /home/lutxise/Projects/Lutxise/vendor/laravel/framework/src/Illuminate/Session/Middleware/StartSession.php(116): Illuminate\\Session\\Middleware\\StartSession->startSession()
#29 /home/lutxise/Projects/Lutxise/vendor/laravel/framework/src/Illuminate/Session/Middleware/StartSession.php(64): Illuminate\\Session\\Middleware\\StartSession->handleStatefulRequest()
#30 /home/lutxise/Projects/Lutxise/vendor/laravel/framework/src/Illuminate/Pipeline/Pipeline.php(183): Illuminate\\Session\\Middleware\\StartSession->handle()
#31 /home/lutxise/Projects/Lutxise/vendor/laravel/framework/src/Illuminate/Cookie/Middleware/AddQueuedCookiesToResponse.php(37): Illuminate\\Pipeline\\Pipeline->Illuminate\\Pipeline\\{closure}()
#32 /home/lutxise/Projects/Lutxise/vendor/laravel/framework/src/Illuminate/Pipeline/Pipeline.php(183): Illuminate\\Cookie\\Middleware\\AddQueuedCookiesToResponse->handle()
#33 /home/lutxise/Projects/Lutxise/vendor/laravel/framework/src/Illuminate/Cookie/Middleware/EncryptCookies.php(75): Illuminate\\Pipeline\\Pipeline->Illuminate\\Pipeline\\{closure}()
#34 /home/lutxise/Projects/Lutxise/vendor/laravel/framework/src/Illuminate/Pipeline/Pipeline.php(183): Illuminate\\Cookie\\Middleware\\EncryptCookies->handle()
#35 /home/lutxise/Projects/Lutxise/vendor/laravel/framework/src/Illuminate/Pipeline/Pipeline.php(119): Illuminate\\Pipeline\\Pipeline->Illuminate\\Pipeline\\{closure}()
#36 /home/lutxise/Projects/Lutxise/vendor/laravel/framework/src/Illuminate/Routing/Router.php(807): Illuminate\\Pipeline\\Pipeline->then()
#37 /home/lutxise/Projects/Lutxise/vendor/laravel/framework/src/Illuminate/Routing/Router.php(786): Illuminate\\Routing\\Router->runRouteWithinStack()
#38 /home/lutxise/Projects/Lutxise/vendor/laravel/framework/src/Illuminate/Routing/Router.php(750): Illuminate\\Routing\\Router->runRoute()
#39 /home/lutxise/Projects/Lutxise/vendor/laravel/framework/src/Illuminate/Routing/Router.php(739): Illuminate\\Routing\\Router->dispatchToRoute()
#40 /home/lutxise/Projects/Lutxise/vendor/laravel/framework/src/Illuminate/Foundation/Http/Kernel.php(201): Illuminate\\Routing\\Router->dispatch()
#41 /home/lutxise/Projects/Lutxise/vendor/laravel/framework/src/Illuminate/Pipeline/Pipeline.php(144): Illuminate\\Foundation\\Http\\Kernel->Illuminate\\Foundation\\Http\\{closure}()
#42 /home/lutxise/Projects/Lutxise/vendor/livewire/livewire/src/Features/SupportDisablingBackButtonCache/DisableBackButtonCacheMiddleware.php(19): Illuminate\\Pipeline\\Pipeline->Illuminate\\Pipeline\\{closure}()
#43 /home/lutxise/Projects/Lutxise/vendor/laravel/framework/src/Illuminate/Pipeline/Pipeline.php(183): Livewire\\Features\\SupportDisablingBackButtonCache\\DisableBackButtonCacheMiddleware->handle()
#44 /home/lutxise/Projects/Lutxise/vendor/laravel/framework/src/Illuminate/Foundation/Http/Middleware/TransformsRequest.php(21): Illuminate\\Pipeline\\Pipeline->Illuminate\\Pipeline\\{closure}()
#45 /home/lutxise/Projects/Lutxise/vendor/laravel/framework/src/Illuminate/Foundation/Http/Middleware/ConvertEmptyStringsToNull.php(31): Illuminate\\Foundation\\Http\\Middleware\\TransformsRequest->handle()
#46 /home/lutxise/Projects/Lutxise/vendor/laravel/framework/src/Illuminate/Pipeline/Pipeline.php(183): Illuminate\\Foundation\\Http\\Middleware\\ConvertEmptyStringsToNull->handle()
#47 /home/lutxise/Projects/Lutxise/vendor/laravel/framework/src/Illuminate/Foundation/Http/Middleware/TransformsRequest.php(21): Illuminate\\Pipeline\\Pipeline->Illuminate\\Pipeline\\{closure}()
#48 /home/lutxise/Projects/Lutxise/vendor/laravel/framework/src/Illuminate/Foundation/Http/Middleware/TrimStrings.php(51): Illuminate\\Foundation\\Http\\Middleware\\TransformsRequest->handle()
#49 /home/lutxise/Projects/Lutxise/vendor/laravel/framework/src/Illuminate/Pipeline/Pipeline.php(183): Illuminate\\Foundation\\Http\\Middleware\\TrimStrings->handle()
#50 /home/lutxise/Projects/Lutxise/vendor/laravel/framework/src/Illuminate/Http/Middleware/ValidatePostSize.php(27): Illuminate\\Pipeline\\Pipeline->Illuminate\\Pipeline\\{closure}()
#51 /home/lutxise/Projects/Lutxise/vendor/laravel/framework/src/Illuminate/Pipeline/Pipeline.php(183): Illuminate\\Http\\Middleware\\ValidatePostSize->handle()
#52 /home/lutxise/Projects/Lutxise/vendor/laravel/framework/src/Illuminate/Foundation/Http/Middleware/PreventRequestsDuringMaintenance.php(110): Illuminate\\Pipeline\\Pipeline->Illuminate\\Pipeline\\{closure}()
#53 /home/lutxise/Projects/Lutxise/vendor/laravel/framework/src/Illuminate/Pipeline/Pipeline.php(183): Illuminate\\Foundation\\Http\\Middleware\\PreventRequestsDuringMaintenance->handle()
#54 /home/lutxise/Projects/Lutxise/vendor/laravel/framework/src/Illuminate/Http/Middleware/HandleCors.php(49): Illuminate\\Pipeline\\Pipeline->Illuminate\\Pipeline\\{closure}()
#55 /home/lutxise/Projects/Lutxise/vendor/laravel/framework/src/Illuminate/Pipeline/Pipeline.php(183): Illuminate\\Http\\Middleware\\HandleCors->handle()
#56 /home/lutxise/Projects/Lutxise/vendor/laravel/framework/src/Illuminate/Http/Middleware/TrustProxies.php(58): Illuminate\\Pipeline\\Pipeline->Illuminate\\Pipeline\\{closure}()
#57 /home/lutxise/Projects/Lutxise/vendor/laravel/framework/src/Illuminate/Pipeline/Pipeline.php(183): Illuminate\\Http\\Middleware\\TrustProxies->handle()
#58 /home/lutxise/Projects/Lutxise/vendor/laravel/framework/src/Illuminate/Foundation/Http/Middleware/InvokeDeferredCallbacks.php(22): Illuminate\\Pipeline\\Pipeline->Illuminate\\Pipeline\\{closure}()
#59 /home/lutxise/Projects/Lutxise/vendor/laravel/framework/src/Illuminate/Pipeline/Pipeline.php(183): Illuminate\\Foundation\\Http\\Middleware\\InvokeDeferredCallbacks->handle()
#60 /home/lutxise/Projects/Lutxise/vendor/laravel/framework/src/Illuminate/Pipeline/Pipeline.php(119): Illuminate\\Pipeline\\Pipeline->Illuminate\\Pipeline\\{closure}()
#61 /home/lutxise/Projects/Lutxise/vendor/laravel/framework/src/Illuminate/Foundation/Http/Kernel.php(176): Illuminate\\Pipeline\\Pipeline->then()
#62 /home/lutxise/Projects/Lutxise/vendor/laravel/framework/src/Illuminate/Foundation/Http/Kernel.php(145): Illuminate\\Foundation\\Http\\Kernel->sendRequestThroughRouter()
#63 /home/lutxise/Projects/Lutxise/vendor/laravel/framework/src/Illuminate/Foundation/Application.php(1190): Illuminate\\Foundation\\Http\\Kernel->handle()
#64 /home/lutxise/Projects/Lutxise/public/index.php(17): Illuminate\\Foundation\\Application->handleRequest()
#65 /home/lutxise/Projects/Lutxise/vendor/laravel/framework/src/Illuminate/Foundation/resources/server.php(23): require_once('...')
#66 {main}
"} 
[2025-01-13 00:41:23] local.ERROR: SQLSTATE[HY000] [1698] Access denied for user 'root'@'localhost' (Connection: mysql, SQL: select * from `sessions` where `id` = pFN4glkd5FGzescRMxH2LN7uz3RAeftUk1nD2foa limit 1) {"exception":"[object] (Illuminate\\Database\\QueryException(code: 1698): SQLSTATE[HY000] [1698] Access denied for user 'root'@'localhost' (Connection: mysql, SQL: select * from `sessions` where `id` = pFN4glkd5FGzescRMxH2LN7uz3RAeftUk1nD2foa limit 1) at /home/lutxise/Projects/Lutxise/vendor/laravel/framework/src/Illuminate/Database/Connection.php:825)
[stacktrace]
#0 /home/lutxise/Projects/Lutxise/vendor/laravel/framework/src/Illuminate/Database/Connection.php(779): Illuminate\\Database\\Connection->runQueryCallback()
#1 /home/lutxise/Projects/Lutxise/vendor/laravel/framework/src/Illuminate/Database/Connection.php(398): Illuminate\\Database\\Connection->run()
#2 /home/lutxise/Projects/Lutxise/vendor/laravel/framework/src/Illuminate/Database/Query/Builder.php(3133): Illuminate\\Database\\Connection->select()
#3 /home/lutxise/Projects/Lutxise/vendor/laravel/framework/src/Illuminate/Database/Query/Builder.php(3118): Illuminate\\Database\\Query\\Builder->runSelect()
#4 /home/lutxise/Projects/Lutxise/vendor/laravel/framework/src/Illuminate/Database/Query/Builder.php(3706): Illuminate\\Database\\Query\\Builder->Illuminate\\Database\\Query\\{closure}()
#5 /home/lutxise/Projects/Lutxise/vendor/laravel/framework/src/Illuminate/Database/Query/Builder.php(3117): Illuminate\\Database\\Query\\Builder->onceWithColumns()
#6 /home/lutxise/Projects/Lutxise/vendor/laravel/framework/src/Illuminate/Database/Concerns/BuildsQueries.php(344): Illuminate\\Database\\Query\\Builder->get()
#7 /home/lutxise/Projects/Lutxise/vendor/laravel/framework/src/Illuminate/Database/Query/Builder.php(3038): Illuminate\\Database\\Query\\Builder->first()
#8 /home/lutxise/Projects/Lutxise/vendor/laravel/framework/src/Illuminate/Session/DatabaseSessionHandler.php(97): Illuminate\\Database\\Query\\Builder->find()
#9 /home/lutxise/Projects/Lutxise/vendor/laravel/framework/src/Illuminate/Session/Store.php(116): Illuminate\\Session\\DatabaseSessionHandler->read()
#10 /home/lutxise/Projects/Lutxise/vendor/laravel/framework/src/Illuminate/Session/Store.php(104): Illuminate\\Session\\Store->readFromHandler()
#11 /home/lutxise/Projects/Lutxise/vendor/laravel/framework/src/Illuminate/Session/Store.php(88): Illuminate\\Session\\Store->loadSession()
#12 /home/lutxise/Projects/Lutxise/vendor/laravel/framework/src/Illuminate/Session/Middleware/StartSession.php(147): Illuminate\\Session\\Store->start()
#13 /home/lutxise/Projects/Lutxise/vendor/laravel/framework/src/Illuminate/Support/helpers.php(399): Illuminate\\Session\\Middleware\\StartSession->Illuminate\\Session\\Middleware\\{closure}()
#14 /home/lutxise/Projects/Lutxise/vendor/laravel/framework/src/Illuminate/Session/Middleware/StartSession.php(144): tap()
#15 /home/lutxise/Projects/Lutxise/vendor/laravel/framework/src/Illuminate/Session/Middleware/StartSession.php(116): Illuminate\\Session\\Middleware\\StartSession->startSession()
#16 /home/lutxise/Projects/Lutxise/vendor/laravel/framework/src/Illuminate/Session/Middleware/StartSession.php(64): Illuminate\\Session\\Middleware\\StartSession->handleStatefulRequest()
#17 /home/lutxise/Projects/Lutxise/vendor/laravel/framework/src/Illuminate/Pipeline/Pipeline.php(183): Illuminate\\Session\\Middleware\\StartSession->handle()
#18 /home/lutxise/Projects/Lutxise/vendor/laravel/framework/src/Illuminate/Cookie/Middleware/AddQueuedCookiesToResponse.php(37): Illuminate\\Pipeline\\Pipeline->Illuminate\\Pipeline\\{closure}()
#19 /home/lutxise/Projects/Lutxise/vendor/laravel/framework/src/Illuminate/Pipeline/Pipeline.php(183): Illuminate\\Cookie\\Middleware\\AddQueuedCookiesToResponse->handle()
#20 /home/lutxise/Projects/Lutxise/vendor/laravel/framework/src/Illuminate/Cookie/Middleware/EncryptCookies.php(75): Illuminate\\Pipeline\\Pipeline->Illuminate\\Pipeline\\{closure}()
#21 /home/lutxise/Projects/Lutxise/vendor/laravel/framework/src/Illuminate/Pipeline/Pipeline.php(183): Illuminate\\Cookie\\Middleware\\EncryptCookies->handle()
#22 /home/lutxise/Projects/Lutxise/vendor/laravel/framework/src/Illuminate/Pipeline/Pipeline.php(119): Illuminate\\Pipeline\\Pipeline->Illuminate\\Pipeline\\{closure}()
#23 /home/lutxise/Projects/Lutxise/vendor/laravel/framework/src/Illuminate/Routing/Router.php(807): Illuminate\\Pipeline\\Pipeline->then()
#24 /home/lutxise/Projects/Lutxise/vendor/laravel/framework/src/Illuminate/Routing/Router.php(786): Illuminate\\Routing\\Router->runRouteWithinStack()
#25 /home/lutxise/Projects/Lutxise/vendor/laravel/framework/src/Illuminate/Routing/Router.php(750): Illuminate\\Routing\\Router->runRoute()
#26 /home/lutxise/Projects/Lutxise/vendor/laravel/framework/src/Illuminate/Routing/Router.php(739): Illuminate\\Routing\\Router->dispatchToRoute()
#27 /home/lutxise/Projects/Lutxise/vendor/laravel/framework/src/Illuminate/Foundation/Http/Kernel.php(201): Illuminate\\Routing\\Router->dispatch()
#28 /home/lutxise/Projects/Lutxise/vendor/laravel/framework/src/Illuminate/Pipeline/Pipeline.php(144): Illuminate\\Foundation\\Http\\Kernel->Illuminate\\Foundation\\Http\\{closure}()
#29 /home/lutxise/Projects/Lutxise/vendor/livewire/livewire/src/Features/SupportDisablingBackButtonCache/DisableBackButtonCacheMiddleware.php(19): Illuminate\\Pipeline\\Pipeline->Illuminate\\Pipeline\\{closure}()
#30 /home/lutxise/Projects/Lutxise/vendor/laravel/framework/src/Illuminate/Pipeline/Pipeline.php(183): Livewire\\Features\\SupportDisablingBackButtonCache\\DisableBackButtonCacheMiddleware->handle()
#31 /home/lutxise/Projects/Lutxise/vendor/laravel/framework/src/Illuminate/Foundation/Http/Middleware/TransformsRequest.php(21): Illuminate\\Pipeline\\Pipeline->Illuminate\\Pipeline\\{closure}()
#32 /home/lutxise/Projects/Lutxise/vendor/laravel/framework/src/Illuminate/Foundation/Http/Middleware/ConvertEmptyStringsToNull.php(31): Illuminate\\Foundation\\Http\\Middleware\\TransformsRequest->handle()
#33 /home/lutxise/Projects/Lutxise/vendor/laravel/framework/src/Illuminate/Pipeline/Pipeline.php(183): Illuminate\\Foundation\\Http\\Middleware\\ConvertEmptyStringsToNull->handle()
#34 /home/lutxise/Projects/Lutxise/vendor/laravel/framework/src/Illuminate/Foundation/Http/Middleware/TransformsRequest.php(21): Illuminate\\Pipeline\\Pipeline->Illuminate\\Pipeline\\{closure}()
#35 /home/lutxise/Projects/Lutxise/vendor/laravel/framework/src/Illuminate/Foundation/Http/Middleware/TrimStrings.php(51): Illuminate\\Foundation\\Http\\Middleware\\TransformsRequest->handle()
#36 /home/lutxise/Projects/Lutxise/vendor/laravel/framework/src/Illuminate/Pipeline/Pipeline.php(183): Illuminate\\Foundation\\Http\\Middleware\\TrimStrings->handle()
#37 /home/lutxise/Projects/Lutxise/vendor/laravel/framework/src/Illuminate/Http/Middleware/ValidatePostSize.php(27): Illuminate\\Pipeline\\Pipeline->Illuminate\\Pipeline\\{closure}()
#38 /home/lutxise/Projects/Lutxise/vendor/laravel/framework/src/Illuminate/Pipeline/Pipeline.php(183): Illuminate\\Http\\Middleware\\ValidatePostSize->handle()
#39 /home/lutxise/Projects/Lutxise/vendor/laravel/framework/src/Illuminate/Foundation/Http/Middleware/PreventRequestsDuringMaintenance.php(110): Illuminate\\Pipeline\\Pipeline->Illuminate\\Pipeline\\{closure}()
#40 /home/lutxise/Projects/Lutxise/vendor/laravel/framework/src/Illuminate/Pipeline/Pipeline.php(183): Illuminate\\Foundation\\Http\\Middleware\\PreventRequestsDuringMaintenance->handle()
#41 /home/lutxise/Projects/Lutxise/vendor/laravel/framework/src/Illuminate/Http/Middleware/HandleCors.php(49): Illuminate\\Pipeline\\Pipeline->Illuminate\\Pipeline\\{closure}()
#42 /home/lutxise/Projects/Lutxise/vendor/laravel/framework/src/Illuminate/Pipeline/Pipeline.php(183): Illuminate\\Http\\Middleware\\HandleCors->handle()
#43 /home/lutxise/Projects/Lutxise/vendor/laravel/framework/src/Illuminate/Http/Middleware/TrustProxies.php(58): Illuminate\\Pipeline\\Pipeline->Illuminate\\Pipeline\\{closure}()
#44 /home/lutxise/Projects/Lutxise/vendor/laravel/framework/src/Illuminate/Pipeline/Pipeline.php(183): Illuminate\\Http\\Middleware\\TrustProxies->handle()
#45 /home/lutxise/Projects/Lutxise/vendor/laravel/framework/src/Illuminate/Foundation/Http/Middleware/InvokeDeferredCallbacks.php(22): Illuminate\\Pipeline\\Pipeline->Illuminate\\Pipeline\\{closure}()
#46 /home/lutxise/Projects/Lutxise/vendor/laravel/framework/src/Illuminate/Pipeline/Pipeline.php(183): Illuminate\\Foundation\\Http\\Middleware\\InvokeDeferredCallbacks->handle()
#47 /home/lutxise/Projects/Lutxise/vendor/laravel/framework/src/Illuminate/Pipeline/Pipeline.php(119): Illuminate\\Pipeline\\Pipeline->Illuminate\\Pipeline\\{closure}()
#48 /home/lutxise/Projects/Lutxise/vendor/laravel/framework/src/Illuminate/Foundation/Http/Kernel.php(176): Illuminate\\Pipeline\\Pipeline->then()
#49 /home/lutxise/Projects/Lutxise/vendor/laravel/framework/src/Illuminate/Foundation/Http/Kernel.php(145): Illuminate\\Foundation\\Http\\Kernel->sendRequestThroughRouter()
#50 /home/lutxise/Projects/Lutxise/vendor/laravel/framework/src/Illuminate/Foundation/Application.php(1190): Illuminate\\Foundation\\Http\\Kernel->handle()
#51 /home/lutxise/Projects/Lutxise/public/index.php(17): Illuminate\\Foundation\\Application->handleRequest()
#52 /home/lutxise/Projects/Lutxise/vendor/laravel/framework/src/Illuminate/Foundation/resources/server.php(23): require_once('...')
#53 {main}

[previous exception] [object] (PDOException(code: 1698): SQLSTATE[HY000] [1698] Access denied for user 'root'@'localhost' at /home/lutxise/Projects/Lutxise/vendor/laravel/framework/src/Illuminate/Database/Connectors/Connector.php:66)
[stacktrace]
#0 /home/lutxise/Projects/Lutxise/vendor/laravel/framework/src/Illuminate/Database/Connectors/Connector.php(66): PDO->__construct()
#1 /home/lutxise/Projects/Lutxise/vendor/laravel/framework/src/Illuminate/Database/Connectors/Connector.php(44): Illuminate\\Database\\Connectors\\Connector->createPdoConnection()
#2 /home/lutxise/Projects/Lutxise/vendor/laravel/framework/src/Illuminate/Database/Connectors/MySqlConnector.php(24): Illuminate\\Database\\Connectors\\Connector->createConnection()
#3 /home/lutxise/Projects/Lutxise/vendor/laravel/framework/src/Illuminate/Database/Connectors/ConnectionFactory.php(185): Illuminate\\Database\\Connectors\\MySqlConnector->connect()
#4 [internal function]: Illuminate\\Database\\Connectors\\ConnectionFactory->Illuminate\\Database\\Connectors\\{closure}()
#5 /home/lutxise/Projects/Lutxise/vendor/laravel/framework/src/Illuminate/Database/Connection.php(1231): call_user_func()
#6 /home/lutxise/Projects/Lutxise/vendor/laravel/framework/src/Illuminate/Database/Connection.php(1267): Illuminate\\Database\\Connection->getPdo()
#7 /home/lutxise/Projects/Lutxise/vendor/laravel/framework/src/Illuminate/Database/Connection.php(512): Illuminate\\Database\\Connection->getReadPdo()
#8 /home/lutxise/Projects/Lutxise/vendor/laravel/framework/src/Illuminate/Database/Connection.php(407): Illuminate\\Database\\Connection->getPdoForSelect()
#9 /home/lutxise/Projects/Lutxise/vendor/laravel/framework/src/Illuminate/Database/Connection.php(812): Illuminate\\Database\\Connection->Illuminate\\Database\\{closure}()
#10 /home/lutxise/Projects/Lutxise/vendor/laravel/framework/src/Illuminate/Database/Connection.php(779): Illuminate\\Database\\Connection->runQueryCallback()
#11 /home/lutxise/Projects/Lutxise/vendor/laravel/framework/src/Illuminate/Database/Connection.php(398): Illuminate\\Database\\Connection->run()
#12 /home/lutxise/Projects/Lutxise/vendor/laravel/framework/src/Illuminate/Database/Query/Builder.php(3133): Illuminate\\Database\\Connection->select()
#13 /home/lutxise/Projects/Lutxise/vendor/laravel/framework/src/Illuminate/Database/Query/Builder.php(3118): Illuminate\\Database\\Query\\Builder->runSelect()
#14 /home/lutxise/Projects/Lutxise/vendor/laravel/framework/src/Illuminate/Database/Query/Builder.php(3706): Illuminate\\Database\\Query\\Builder->Illuminate\\Database\\Query\\{closure}()
#15 /home/lutxise/Projects/Lutxise/vendor/laravel/framework/src/Illuminate/Database/Query/Builder.php(3117): Illuminate\\Database\\Query\\Builder->onceWithColumns()
#16 /home/lutxise/Projects/Lutxise/vendor/laravel/framework/src/Illuminate/Database/Concerns/BuildsQueries.php(344): Illuminate\\Database\\Query\\Builder->get()
#17 /home/lutxise/Projects/Lutxise/vendor/laravel/framework/src/Illuminate/Database/Query/Builder.php(3038): Illuminate\\Database\\Query\\Builder->first()
#18 /home/lutxise/Projects/Lutxise/vendor/laravel/framework/src/Illuminate/Session/DatabaseSessionHandler.php(97): Illuminate\\Database\\Query\\Builder->find()
#19 /home/lutxise/Projects/Lutxise/vendor/laravel/framework/src/Illuminate/Session/Store.php(116): Illuminate\\Session\\DatabaseSessionHandler->read()
#20 /home/lutxise/Projects/Lutxise/vendor/laravel/framework/src/Illuminate/Session/Store.php(104): Illuminate\\Session\\Store->readFromHandler()
#21 /home/lutxise/Projects/Lutxise/vendor/laravel/framework/src/Illuminate/Session/Store.php(88): Illuminate\\Session\\Store->loadSession()
#22 /home/lutxise/Projects/Lutxise/vendor/laravel/framework/src/Illuminate/Session/Middleware/StartSession.php(147): Illuminate\\Session\\Store->start()
#23 /home/lutxise/Projects/Lutxise/vendor/laravel/framework/src/Illuminate/Support/helpers.php(399): Illuminate\\Session\\Middleware\\StartSession->Illuminate\\Session\\Middleware\\{closure}()
#24 /home/lutxise/Projects/Lutxise/vendor/laravel/framework/src/Illuminate/Session/Middleware/StartSession.php(144): tap()
#25 /home/lutxise/Projects/Lutxise/vendor/laravel/framework/src/Illuminate/Session/Middleware/StartSession.php(116): Illuminate\\Session\\Middleware\\StartSession->startSession()
#26 /home/lutxise/Projects/Lutxise/vendor/laravel/framework/src/Illuminate/Session/Middleware/StartSession.php(64): Illuminate\\Session\\Middleware\\StartSession->handleStatefulRequest()
#27 /home/lutxise/Projects/Lutxise/vendor/laravel/framework/src/Illuminate/Pipeline/Pipeline.php(183): Illuminate\\Session\\Middleware\\StartSession->handle()
#28 /home/lutxise/Projects/Lutxise/vendor/laravel/framework/src/Illuminate/Cookie/Middleware/AddQueuedCookiesToResponse.php(37): Illuminate\\Pipeline\\Pipeline->Illuminate\\Pipeline\\{closure}()
#29 /home/lutxise/Projects/Lutxise/vendor/laravel/framework/src/Illuminate/Pipeline/Pipeline.php(183): Illuminate\\Cookie\\Middleware\\AddQueuedCookiesToResponse->handle()
#30 /home/lutxise/Projects/Lutxise/vendor/laravel/framework/src/Illuminate/Cookie/Middleware/EncryptCookies.php(75): Illuminate\\Pipeline\\Pipeline->Illuminate\\Pipeline\\{closure}()
#31 /home/lutxise/Projects/Lutxise/vendor/laravel/framework/src/Illuminate/Pipeline/Pipeline.php(183): Illuminate\\Cookie\\Middleware\\EncryptCookies->handle()
#32 /home/lutxise/Projects/Lutxise/vendor/laravel/framework/src/Illuminate/Pipeline/Pipeline.php(119): Illuminate\\Pipeline\\Pipeline->Illuminate\\Pipeline\\{closure}()
#33 /home/lutxise/Projects/Lutxise/vendor/laravel/framework/src/Illuminate/Routing/Router.php(807): Illuminate\\Pipeline\\Pipeline->then()
#34 /home/lutxise/Projects/Lutxise/vendor/laravel/framework/src/Illuminate/Routing/Router.php(786): Illuminate\\Routing\\Router->runRouteWithinStack()
#35 /home/lutxise/Projects/Lutxise/vendor/laravel/framework/src/Illuminate/Routing/Router.php(750): Illuminate\\Routing\\Router->runRoute()
#36 /home/lutxise/Projects/Lutxise/vendor/laravel/framework/src/Illuminate/Routing/Router.php(739): Illuminate\\Routing\\Router->dispatchToRoute()
#37 /home/lutxise/Projects/Lutxise/vendor/laravel/framework/src/Illuminate/Foundation/Http/Kernel.php(201): Illuminate\\Routing\\Router->dispatch()
#38 /home/lutxise/Projects/Lutxise/vendor/laravel/framework/src/Illuminate/Pipeline/Pipeline.php(144): Illuminate\\Foundation\\Http\\Kernel->Illuminate\\Foundation\\Http\\{closure}()
#39 /home/lutxise/Projects/Lutxise/vendor/livewire/livewire/src/Features/SupportDisablingBackButtonCache/DisableBackButtonCacheMiddleware.php(19): Illuminate\\Pipeline\\Pipeline->Illuminate\\Pipeline\\{closure}()
#40 /home/lutxise/Projects/Lutxise/vendor/laravel/framework/src/Illuminate/Pipeline/Pipeline.php(183): Livewire\\Features\\SupportDisablingBackButtonCache\\DisableBackButtonCacheMiddleware->handle()
#41 /home/lutxise/Projects/Lutxise/vendor/laravel/framework/src/Illuminate/Foundation/Http/Middleware/TransformsRequest.php(21): Illuminate\\Pipeline\\Pipeline->Illuminate\\Pipeline\\{closure}()
#42 /home/lutxise/Projects/Lutxise/vendor/laravel/framework/src/Illuminate/Foundation/Http/Middleware/ConvertEmptyStringsToNull.php(31): Illuminate\\Foundation\\Http\\Middleware\\TransformsRequest->handle()
#43 /home/lutxise/Projects/Lutxise/vendor/laravel/framework/src/Illuminate/Pipeline/Pipeline.php(183): Illuminate\\Foundation\\Http\\Middleware\\ConvertEmptyStringsToNull->handle()
#44 /home/lutxise/Projects/Lutxise/vendor/laravel/framework/src/Illuminate/Foundation/Http/Middleware/TransformsRequest.php(21): Illuminate\\Pipeline\\Pipeline->Illuminate\\Pipeline\\{closure}()
#45 /home/lutxise/Projects/Lutxise/vendor/laravel/framework/src/Illuminate/Foundation/Http/Middleware/TrimStrings.php(51): Illuminate\\Foundation\\Http\\Middleware\\TransformsRequest->handle()
#46 /home/lutxise/Projects/Lutxise/vendor/laravel/framework/src/Illuminate/Pipeline/Pipeline.php(183): Illuminate\\Foundation\\Http\\Middleware\\TrimStrings->handle()
#47 /home/lutxise/Projects/Lutxise/vendor/laravel/framework/src/Illuminate/Http/Middleware/ValidatePostSize.php(27): Illuminate\\Pipeline\\Pipeline->Illuminate\\Pipeline\\{closure}()
#48 /home/lutxise/Projects/Lutxise/vendor/laravel/framework/src/Illuminate/Pipeline/Pipeline.php(183): Illuminate\\Http\\Middleware\\ValidatePostSize->handle()
#49 /home/lutxise/Projects/Lutxise/vendor/laravel/framework/src/Illuminate/Foundation/Http/Middleware/PreventRequestsDuringMaintenance.php(110): Illuminate\\Pipeline\\Pipeline->Illuminate\\Pipeline\\{closure}()
#50 /home/lutxise/Projects/Lutxise/vendor/laravel/framework/src/Illuminate/Pipeline/Pipeline.php(183): Illuminate\\Foundation\\Http\\Middleware\\PreventRequestsDuringMaintenance->handle()
#51 /home/lutxise/Projects/Lutxise/vendor/laravel/framework/src/Illuminate/Http/Middleware/HandleCors.php(49): Illuminate\\Pipeline\\Pipeline->Illuminate\\Pipeline\\{closure}()
#52 /home/lutxise/Projects/Lutxise/vendor/laravel/framework/src/Illuminate/Pipeline/Pipeline.php(183): Illuminate\\Http\\Middleware\\HandleCors->handle()
#53 /home/lutxise/Projects/Lutxise/vendor/laravel/framework/src/Illuminate/Http/Middleware/TrustProxies.php(58): Illuminate\\Pipeline\\Pipeline->Illuminate\\Pipeline\\{closure}()
#54 /home/lutxise/Projects/Lutxise/vendor/laravel/framework/src/Illuminate/Pipeline/Pipeline.php(183): Illuminate\\Http\\Middleware\\TrustProxies->handle()
#55 /home/lutxise/Projects/Lutxise/vendor/laravel/framework/src/Illuminate/Foundation/Http/Middleware/InvokeDeferredCallbacks.php(22): Illuminate\\Pipeline\\Pipeline->Illuminate\\Pipeline\\{closure}()
#56 /home/lutxise/Projects/Lutxise/vendor/laravel/framework/src/Illuminate/Pipeline/Pipeline.php(183): Illuminate\\Foundation\\Http\\Middleware\\InvokeDeferredCallbacks->handle()
#57 /home/lutxise/Projects/Lutxise/vendor/laravel/framework/src/Illuminate/Pipeline/Pipeline.php(119): Illuminate\\Pipeline\\Pipeline->Illuminate\\Pipeline\\{closure}()
#58 /home/lutxise/Projects/Lutxise/vendor/laravel/framework/src/Illuminate/Foundation/Http/Kernel.php(176): Illuminate\\Pipeline\\Pipeline->then()
#59 /home/lutxise/Projects/Lutxise/vendor/laravel/framework/src/Illuminate/Foundation/Http/Kernel.php(145): Illuminate\\Foundation\\Http\\Kernel->sendRequestThroughRouter()
#60 /home/lutxise/Projects/Lutxise/vendor/laravel/framework/src/Illuminate/Foundation/Application.php(1190): Illuminate\\Foundation\\Http\\Kernel->handle()
#61 /home/lutxise/Projects/Lutxise/public/index.php(17): Illuminate\\Foundation\\Application->handleRequest()
#62 /home/lutxise/Projects/Lutxise/vendor/laravel/framework/src/Illuminate/Foundation/resources/server.php(23): require_once('...')
#63 {main}
"} 
[2025-01-13 00:42:03] local.ERROR: SQLSTATE[HY000] [1698] Access denied for user 'root'@'localhost' (Connection: mysql, SQL: select * from `sessions` where `id` = 8GJiT9PC9tAFhXMgqEh3gZr4bHymFtyhaH1tkHFs limit 1) {"exception":"[object] (Illuminate\\Database\\QueryException(code: 1698): SQLSTATE[HY000] [1698] Access denied for user 'root'@'localhost' (Connection: mysql, SQL: select * from `sessions` where `id` = 8GJiT9PC9tAFhXMgqEh3gZr4bHymFtyhaH1tkHFs limit 1) at /home/lutxise/Projects/Lutxise/vendor/laravel/framework/src/Illuminate/Database/Connection.php:825)
[stacktrace]
#0 /home/lutxise/Projects/Lutxise/vendor/laravel/framework/src/Illuminate/Database/Connection.php(779): Illuminate\\Database\\Connection->runQueryCallback()
#1 /home/lutxise/Projects/Lutxise/vendor/laravel/framework/src/Illuminate/Database/Connection.php(398): Illuminate\\Database\\Connection->run()
#2 /home/lutxise/Projects/Lutxise/vendor/laravel/framework/src/Illuminate/Database/Query/Builder.php(3133): Illuminate\\Database\\Connection->select()
#3 /home/lutxise/Projects/Lutxise/vendor/laravel/framework/src/Illuminate/Database/Query/Builder.php(3118): Illuminate\\Database\\Query\\Builder->runSelect()
#4 /home/lutxise/Projects/Lutxise/vendor/laravel/framework/src/Illuminate/Database/Query/Builder.php(3706): Illuminate\\Database\\Query\\Builder->Illuminate\\Database\\Query\\{closure}()
#5 /home/lutxise/Projects/Lutxise/vendor/laravel/framework/src/Illuminate/Database/Query/Builder.php(3117): Illuminate\\Database\\Query\\Builder->onceWithColumns()
#6 /home/lutxise/Projects/Lutxise/vendor/laravel/framework/src/Illuminate/Database/Concerns/BuildsQueries.php(344): Illuminate\\Database\\Query\\Builder->get()
#7 /home/lutxise/Projects/Lutxise/vendor/laravel/framework/src/Illuminate/Database/Query/Builder.php(3038): Illuminate\\Database\\Query\\Builder->first()
#8 /home/lutxise/Projects/Lutxise/vendor/laravel/framework/src/Illuminate/Session/DatabaseSessionHandler.php(97): Illuminate\\Database\\Query\\Builder->find()
#9 /home/lutxise/Projects/Lutxise/vendor/laravel/framework/src/Illuminate/Session/Store.php(116): Illuminate\\Session\\DatabaseSessionHandler->read()
#10 /home/lutxise/Projects/Lutxise/vendor/laravel/framework/src/Illuminate/Session/Store.php(104): Illuminate\\Session\\Store->readFromHandler()
#11 /home/lutxise/Projects/Lutxise/vendor/laravel/framework/src/Illuminate/Session/Store.php(88): Illuminate\\Session\\Store->loadSession()
#12 /home/lutxise/Projects/Lutxise/vendor/laravel/framework/src/Illuminate/Session/Middleware/StartSession.php(147): Illuminate\\Session\\Store->start()
#13 /home/lutxise/Projects/Lutxise/vendor/laravel/framework/src/Illuminate/Support/helpers.php(399): Illuminate\\Session\\Middleware\\StartSession->Illuminate\\Session\\Middleware\\{closure}()
#14 /home/lutxise/Projects/Lutxise/vendor/laravel/framework/src/Illuminate/Session/Middleware/StartSession.php(144): tap()
#15 /home/lutxise/Projects/Lutxise/vendor/laravel/framework/src/Illuminate/Session/Middleware/StartSession.php(116): Illuminate\\Session\\Middleware\\StartSession->startSession()
#16 /home/lutxise/Projects/Lutxise/vendor/laravel/framework/src/Illuminate/Session/Middleware/StartSession.php(64): Illuminate\\Session\\Middleware\\StartSession->handleStatefulRequest()
#17 /home/lutxise/Projects/Lutxise/vendor/laravel/framework/src/Illuminate/Pipeline/Pipeline.php(183): Illuminate\\Session\\Middleware\\StartSession->handle()
#18 /home/lutxise/Projects/Lutxise/vendor/laravel/framework/src/Illuminate/Cookie/Middleware/AddQueuedCookiesToResponse.php(37): Illuminate\\Pipeline\\Pipeline->Illuminate\\Pipeline\\{closure}()
#19 /home/lutxise/Projects/Lutxise/vendor/laravel/framework/src/Illuminate/Pipeline/Pipeline.php(183): Illuminate\\Cookie\\Middleware\\AddQueuedCookiesToResponse->handle()
#20 /home/lutxise/Projects/Lutxise/vendor/laravel/framework/src/Illuminate/Cookie/Middleware/EncryptCookies.php(75): Illuminate\\Pipeline\\Pipeline->Illuminate\\Pipeline\\{closure}()
#21 /home/lutxise/Projects/Lutxise/vendor/laravel/framework/src/Illuminate/Pipeline/Pipeline.php(183): Illuminate\\Cookie\\Middleware\\EncryptCookies->handle()
#22 /home/lutxise/Projects/Lutxise/vendor/laravel/framework/src/Illuminate/Pipeline/Pipeline.php(119): Illuminate\\Pipeline\\Pipeline->Illuminate\\Pipeline\\{closure}()
#23 /home/lutxise/Projects/Lutxise/vendor/laravel/framework/src/Illuminate/Routing/Router.php(807): Illuminate\\Pipeline\\Pipeline->then()
#24 /home/lutxise/Projects/Lutxise/vendor/laravel/framework/src/Illuminate/Routing/Router.php(786): Illuminate\\Routing\\Router->runRouteWithinStack()
#25 /home/lutxise/Projects/Lutxise/vendor/laravel/framework/src/Illuminate/Routing/Router.php(750): Illuminate\\Routing\\Router->runRoute()
#26 /home/lutxise/Projects/Lutxise/vendor/laravel/framework/src/Illuminate/Routing/Router.php(739): Illuminate\\Routing\\Router->dispatchToRoute()
#27 /home/lutxise/Projects/Lutxise/vendor/laravel/framework/src/Illuminate/Foundation/Http/Kernel.php(201): Illuminate\\Routing\\Router->dispatch()
#28 /home/lutxise/Projects/Lutxise/vendor/laravel/framework/src/Illuminate/Pipeline/Pipeline.php(144): Illuminate\\Foundation\\Http\\Kernel->Illuminate\\Foundation\\Http\\{closure}()
#29 /home/lutxise/Projects/Lutxise/vendor/livewire/livewire/src/Features/SupportDisablingBackButtonCache/DisableBackButtonCacheMiddleware.php(19): Illuminate\\Pipeline\\Pipeline->Illuminate\\Pipeline\\{closure}()
#30 /home/lutxise/Projects/Lutxise/vendor/laravel/framework/src/Illuminate/Pipeline/Pipeline.php(183): Livewire\\Features\\SupportDisablingBackButtonCache\\DisableBackButtonCacheMiddleware->handle()
#31 /home/lutxise/Projects/Lutxise/vendor/laravel/framework/src/Illuminate/Foundation/Http/Middleware/TransformsRequest.php(21): Illuminate\\Pipeline\\Pipeline->Illuminate\\Pipeline\\{closure}()
#32 /home/lutxise/Projects/Lutxise/vendor/laravel/framework/src/Illuminate/Foundation/Http/Middleware/ConvertEmptyStringsToNull.php(31): Illuminate\\Foundation\\Http\\Middleware\\TransformsRequest->handle()
#33 /home/lutxise/Projects/Lutxise/vendor/laravel/framework/src/Illuminate/Pipeline/Pipeline.php(183): Illuminate\\Foundation\\Http\\Middleware\\ConvertEmptyStringsToNull->handle()
#34 /home/lutxise/Projects/Lutxise/vendor/laravel/framework/src/Illuminate/Foundation/Http/Middleware/TransformsRequest.php(21): Illuminate\\Pipeline\\Pipeline->Illuminate\\Pipeline\\{closure}()
#35 /home/lutxise/Projects/Lutxise/vendor/laravel/framework/src/Illuminate/Foundation/Http/Middleware/TrimStrings.php(51): Illuminate\\Foundation\\Http\\Middleware\\TransformsRequest->handle()
#36 /home/lutxise/Projects/Lutxise/vendor/laravel/framework/src/Illuminate/Pipeline/Pipeline.php(183): Illuminate\\Foundation\\Http\\Middleware\\TrimStrings->handle()
#37 /home/lutxise/Projects/Lutxise/vendor/laravel/framework/src/Illuminate/Http/Middleware/ValidatePostSize.php(27): Illuminate\\Pipeline\\Pipeline->Illuminate\\Pipeline\\{closure}()
#38 /home/lutxise/Projects/Lutxise/vendor/laravel/framework/src/Illuminate/Pipeline/Pipeline.php(183): Illuminate\\Http\\Middleware\\ValidatePostSize->handle()
#39 /home/lutxise/Projects/Lutxise/vendor/laravel/framework/src/Illuminate/Foundation/Http/Middleware/PreventRequestsDuringMaintenance.php(110): Illuminate\\Pipeline\\Pipeline->Illuminate\\Pipeline\\{closure}()
#40 /home/lutxise/Projects/Lutxise/vendor/laravel/framework/src/Illuminate/Pipeline/Pipeline.php(183): Illuminate\\Foundation\\Http\\Middleware\\PreventRequestsDuringMaintenance->handle()
#41 /home/lutxise/Projects/Lutxise/vendor/laravel/framework/src/Illuminate/Http/Middleware/HandleCors.php(49): Illuminate\\Pipeline\\Pipeline->Illuminate\\Pipeline\\{closure}()
#42 /home/lutxise/Projects/Lutxise/vendor/laravel/framework/src/Illuminate/Pipeline/Pipeline.php(183): Illuminate\\Http\\Middleware\\HandleCors->handle()
#43 /home/lutxise/Projects/Lutxise/vendor/laravel/framework/src/Illuminate/Http/Middleware/TrustProxies.php(58): Illuminate\\Pipeline\\Pipeline->Illuminate\\Pipeline\\{closure}()
#44 /home/lutxise/Projects/Lutxise/vendor/laravel/framework/src/Illuminate/Pipeline/Pipeline.php(183): Illuminate\\Http\\Middleware\\TrustProxies->handle()
#45 /home/lutxise/Projects/Lutxise/vendor/laravel/framework/src/Illuminate/Foundation/Http/Middleware/InvokeDeferredCallbacks.php(22): Illuminate\\Pipeline\\Pipeline->Illuminate\\Pipeline\\{closure}()
#46 /home/lutxise/Projects/Lutxise/vendor/laravel/framework/src/Illuminate/Pipeline/Pipeline.php(183): Illuminate\\Foundation\\Http\\Middleware\\InvokeDeferredCallbacks->handle()
#47 /home/lutxise/Projects/Lutxise/vendor/laravel/framework/src/Illuminate/Pipeline/Pipeline.php(119): Illuminate\\Pipeline\\Pipeline->Illuminate\\Pipeline\\{closure}()
#48 /home/lutxise/Projects/Lutxise/vendor/laravel/framework/src/Illuminate/Foundation/Http/Kernel.php(176): Illuminate\\Pipeline\\Pipeline->then()
#49 /home/lutxise/Projects/Lutxise/vendor/laravel/framework/src/Illuminate/Foundation/Http/Kernel.php(145): Illuminate\\Foundation\\Http\\Kernel->sendRequestThroughRouter()
#50 /home/lutxise/Projects/Lutxise/vendor/laravel/framework/src/Illuminate/Foundation/Application.php(1190): Illuminate\\Foundation\\Http\\Kernel->handle()
#51 /home/lutxise/Projects/Lutxise/public/index.php(17): Illuminate\\Foundation\\Application->handleRequest()
#52 /home/lutxise/Projects/Lutxise/vendor/laravel/framework/src/Illuminate/Foundation/resources/server.php(23): require_once('...')
#53 {main}

[previous exception] [object] (PDOException(code: 1698): SQLSTATE[HY000] [1698] Access denied for user 'root'@'localhost' at /home/lutxise/Projects/Lutxise/vendor/laravel/framework/src/Illuminate/Database/Connectors/Connector.php:66)
[stacktrace]
#0 /home/lutxise/Projects/Lutxise/vendor/laravel/framework/src/Illuminate/Database/Connectors/Connector.php(66): PDO->__construct()
#1 /home/lutxise/Projects/Lutxise/vendor/laravel/framework/src/Illuminate/Database/Connectors/Connector.php(44): Illuminate\\Database\\Connectors\\Connector->createPdoConnection()
#2 /home/lutxise/Projects/Lutxise/vendor/laravel/framework/src/Illuminate/Database/Connectors/MySqlConnector.php(24): Illuminate\\Database\\Connectors\\Connector->createConnection()
#3 /home/lutxise/Projects/Lutxise/vendor/laravel/framework/src/Illuminate/Database/Connectors/ConnectionFactory.php(185): Illuminate\\Database\\Connectors\\MySqlConnector->connect()
#4 [internal function]: Illuminate\\Database\\Connectors\\ConnectionFactory->Illuminate\\Database\\Connectors\\{closure}()
#5 /home/lutxise/Projects/Lutxise/vendor/laravel/framework/src/Illuminate/Database/Connection.php(1231): call_user_func()
#6 /home/lutxise/Projects/Lutxise/vendor/laravel/framework/src/Illuminate/Database/Connection.php(1267): Illuminate\\Database\\Connection->getPdo()
#7 /home/lutxise/Projects/Lutxise/vendor/laravel/framework/src/Illuminate/Database/Connection.php(512): Illuminate\\Database\\Connection->getReadPdo()
#8 /home/lutxise/Projects/Lutxise/vendor/laravel/framework/src/Illuminate/Database/Connection.php(407): Illuminate\\Database\\Connection->getPdoForSelect()
#9 /home/lutxise/Projects/Lutxise/vendor/laravel/framework/src/Illuminate/Database/Connection.php(812): Illuminate\\Database\\Connection->Illuminate\\Database\\{closure}()
#10 /home/lutxise/Projects/Lutxise/vendor/laravel/framework/src/Illuminate/Database/Connection.php(779): Illuminate\\Database\\Connection->runQueryCallback()
#11 /home/lutxise/Projects/Lutxise/vendor/laravel/framework/src/Illuminate/Database/Connection.php(398): Illuminate\\Database\\Connection->run()
#12 /home/lutxise/Projects/Lutxise/vendor/laravel/framework/src/Illuminate/Database/Query/Builder.php(3133): Illuminate\\Database\\Connection->select()
#13 /home/lutxise/Projects/Lutxise/vendor/laravel/framework/src/Illuminate/Database/Query/Builder.php(3118): Illuminate\\Database\\Query\\Builder->runSelect()
#14 /home/lutxise/Projects/Lutxise/vendor/laravel/framework/src/Illuminate/Database/Query/Builder.php(3706): Illuminate\\Database\\Query\\Builder->Illuminate\\Database\\Query\\{closure}()
#15 /home/lutxise/Projects/Lutxise/vendor/laravel/framework/src/Illuminate/Database/Query/Builder.php(3117): Illuminate\\Database\\Query\\Builder->onceWithColumns()
#16 /home/lutxise/Projects/Lutxise/vendor/laravel/framework/src/Illuminate/Database/Concerns/BuildsQueries.php(344): Illuminate\\Database\\Query\\Builder->get()
#17 /home/lutxise/Projects/Lutxise/vendor/laravel/framework/src/Illuminate/Database/Query/Builder.php(3038): Illuminate\\Database\\Query\\Builder->first()
#18 /home/lutxise/Projects/Lutxise/vendor/laravel/framework/src/Illuminate/Session/DatabaseSessionHandler.php(97): Illuminate\\Database\\Query\\Builder->find()
#19 /home/lutxise/Projects/Lutxise/vendor/laravel/framework/src/Illuminate/Session/Store.php(116): Illuminate\\Session\\DatabaseSessionHandler->read()
#20 /home/lutxise/Projects/Lutxise/vendor/laravel/framework/src/Illuminate/Session/Store.php(104): Illuminate\\Session\\Store->readFromHandler()
#21 /home/lutxise/Projects/Lutxise/vendor/laravel/framework/src/Illuminate/Session/Store.php(88): Illuminate\\Session\\Store->loadSession()
#22 /home/lutxise/Projects/Lutxise/vendor/laravel/framework/src/Illuminate/Session/Middleware/StartSession.php(147): Illuminate\\Session\\Store->start()
#23 /home/lutxise/Projects/Lutxise/vendor/laravel/framework/src/Illuminate/Support/helpers.php(399): Illuminate\\Session\\Middleware\\StartSession->Illuminate\\Session\\Middleware\\{closure}()
#24 /home/lutxise/Projects/Lutxise/vendor/laravel/framework/src/Illuminate/Session/Middleware/StartSession.php(144): tap()
#25 /home/lutxise/Projects/Lutxise/vendor/laravel/framework/src/Illuminate/Session/Middleware/StartSession.php(116): Illuminate\\Session\\Middleware\\StartSession->startSession()
#26 /home/lutxise/Projects/Lutxise/vendor/laravel/framework/src/Illuminate/Session/Middleware/StartSession.php(64): Illuminate\\Session\\Middleware\\StartSession->handleStatefulRequest()
#27 /home/lutxise/Projects/Lutxise/vendor/laravel/framework/src/Illuminate/Pipeline/Pipeline.php(183): Illuminate\\Session\\Middleware\\StartSession->handle()
#28 /home/lutxise/Projects/Lutxise/vendor/laravel/framework/src/Illuminate/Cookie/Middleware/AddQueuedCookiesToResponse.php(37): Illuminate\\Pipeline\\Pipeline->Illuminate\\Pipeline\\{closure}()
#29 /home/lutxise/Projects/Lutxise/vendor/laravel/framework/src/Illuminate/Pipeline/Pipeline.php(183): Illuminate\\Cookie\\Middleware\\AddQueuedCookiesToResponse->handle()
#30 /home/lutxise/Projects/Lutxise/vendor/laravel/framework/src/Illuminate/Cookie/Middleware/EncryptCookies.php(75): Illuminate\\Pipeline\\Pipeline->Illuminate\\Pipeline\\{closure}()
#31 /home/lutxise/Projects/Lutxise/vendor/laravel/framework/src/Illuminate/Pipeline/Pipeline.php(183): Illuminate\\Cookie\\Middleware\\EncryptCookies->handle()
#32 /home/lutxise/Projects/Lutxise/vendor/laravel/framework/src/Illuminate/Pipeline/Pipeline.php(119): Illuminate\\Pipeline\\Pipeline->Illuminate\\Pipeline\\{closure}()
#33 /home/lutxise/Projects/Lutxise/vendor/laravel/framework/src/Illuminate/Routing/Router.php(807): Illuminate\\Pipeline\\Pipeline->then()
#34 /home/lutxise/Projects/Lutxise/vendor/laravel/framework/src/Illuminate/Routing/Router.php(786): Illuminate\\Routing\\Router->runRouteWithinStack()
#35 /home/lutxise/Projects/Lutxise/vendor/laravel/framework/src/Illuminate/Routing/Router.php(750): Illuminate\\Routing\\Router->runRoute()
#36 /home/lutxise/Projects/Lutxise/vendor/laravel/framework/src/Illuminate/Routing/Router.php(739): Illuminate\\Routing\\Router->dispatchToRoute()
#37 /home/lutxise/Projects/Lutxise/vendor/laravel/framework/src/Illuminate/Foundation/Http/Kernel.php(201): Illuminate\\Routing\\Router->dispatch()
#38 /home/lutxise/Projects/Lutxise/vendor/laravel/framework/src/Illuminate/Pipeline/Pipeline.php(144): Illuminate\\Foundation\\Http\\Kernel->Illuminate\\Foundation\\Http\\{closure}()
#39 /home/lutxise/Projects/Lutxise/vendor/livewire/livewire/src/Features/SupportDisablingBackButtonCache/DisableBackButtonCacheMiddleware.php(19): Illuminate\\Pipeline\\Pipeline->Illuminate\\Pipeline\\{closure}()
#40 /home/lutxise/Projects/Lutxise/vendor/laravel/framework/src/Illuminate/Pipeline/Pipeline.php(183): Livewire\\Features\\SupportDisablingBackButtonCache\\DisableBackButtonCacheMiddleware->handle()
#41 /home/lutxise/Projects/Lutxise/vendor/laravel/framework/src/Illuminate/Foundation/Http/Middleware/TransformsRequest.php(21): Illuminate\\Pipeline\\Pipeline->Illuminate\\Pipeline\\{closure}()
#42 /home/lutxise/Projects/Lutxise/vendor/laravel/framework/src/Illuminate/Foundation/Http/Middleware/ConvertEmptyStringsToNull.php(31): Illuminate\\Foundation\\Http\\Middleware\\TransformsRequest->handle()
#43 /home/lutxise/Projects/Lutxise/vendor/laravel/framework/src/Illuminate/Pipeline/Pipeline.php(183): Illuminate\\Foundation\\Http\\Middleware\\ConvertEmptyStringsToNull->handle()
#44 /home/lutxise/Projects/Lutxise/vendor/laravel/framework/src/Illuminate/Foundation/Http/Middleware/TransformsRequest.php(21): Illuminate\\Pipeline\\Pipeline->Illuminate\\Pipeline\\{closure}()
#45 /home/lutxise/Projects/Lutxise/vendor/laravel/framework/src/Illuminate/Foundation/Http/Middleware/TrimStrings.php(51): Illuminate\\Foundation\\Http\\Middleware\\TransformsRequest->handle()
#46 /home/lutxise/Projects/Lutxise/vendor/laravel/framework/src/Illuminate/Pipeline/Pipeline.php(183): Illuminate\\Foundation\\Http\\Middleware\\TrimStrings->handle()
#47 /home/lutxise/Projects/Lutxise/vendor/laravel/framework/src/Illuminate/Http/Middleware/ValidatePostSize.php(27): Illuminate\\Pipeline\\Pipeline->Illuminate\\Pipeline\\{closure}()
#48 /home/lutxise/Projects/Lutxise/vendor/laravel/framework/src/Illuminate/Pipeline/Pipeline.php(183): Illuminate\\Http\\Middleware\\ValidatePostSize->handle()
#49 /home/lutxise/Projects/Lutxise/vendor/laravel/framework/src/Illuminate/Foundation/Http/Middleware/PreventRequestsDuringMaintenance.php(110): Illuminate\\Pipeline\\Pipeline->Illuminate\\Pipeline\\{closure}()
#50 /home/lutxise/Projects/Lutxise/vendor/laravel/framework/src/Illuminate/Pipeline/Pipeline.php(183): Illuminate\\Foundation\\Http\\Middleware\\PreventRequestsDuringMaintenance->handle()
#51 /home/lutxise/Projects/Lutxise/vendor/laravel/framework/src/Illuminate/Http/Middleware/HandleCors.php(49): Illuminate\\Pipeline\\Pipeline->Illuminate\\Pipeline\\{closure}()
#52 /home/lutxise/Projects/Lutxise/vendor/laravel/framework/src/Illuminate/Pipeline/Pipeline.php(183): Illuminate\\Http\\Middleware\\HandleCors->handle()
#53 /home/lutxise/Projects/Lutxise/vendor/laravel/framework/src/Illuminate/Http/Middleware/TrustProxies.php(58): Illuminate\\Pipeline\\Pipeline->Illuminate\\Pipeline\\{closure}()
#54 /home/lutxise/Projects/Lutxise/vendor/laravel/framework/src/Illuminate/Pipeline/Pipeline.php(183): Illuminate\\Http\\Middleware\\TrustProxies->handle()
#55 /home/lutxise/Projects/Lutxise/vendor/laravel/framework/src/Illuminate/Foundation/Http/Middleware/InvokeDeferredCallbacks.php(22): Illuminate\\Pipeline\\Pipeline->Illuminate\\Pipeline\\{closure}()
#56 /home/lutxise/Projects/Lutxise/vendor/laravel/framework/src/Illuminate/Pipeline/Pipeline.php(183): Illuminate\\Foundation\\Http\\Middleware\\InvokeDeferredCallbacks->handle()
#57 /home/lutxise/Projects/Lutxise/vendor/laravel/framework/src/Illuminate/Pipeline/Pipeline.php(119): Illuminate\\Pipeline\\Pipeline->Illuminate\\Pipeline\\{closure}()
#58 /home/lutxise/Projects/Lutxise/vendor/laravel/framework/src/Illuminate/Foundation/Http/Kernel.php(176): Illuminate\\Pipeline\\Pipeline->then()
#59 /home/lutxise/Projects/Lutxise/vendor/laravel/framework/src/Illuminate/Foundation/Http/Kernel.php(145): Illuminate\\Foundation\\Http\\Kernel->sendRequestThroughRouter()
#60 /home/lutxise/Projects/Lutxise/vendor/laravel/framework/src/Illuminate/Foundation/Application.php(1190): Illuminate\\Foundation\\Http\\Kernel->handle()
#61 /home/lutxise/Projects/Lutxise/public/index.php(17): Illuminate\\Foundation\\Application->handleRequest()
#62 /home/lutxise/Projects/Lutxise/vendor/laravel/framework/src/Illuminate/Foundation/resources/server.php(23): require_once('...')
#63 {main}
"} 
[2025-01-13 00:44:51] local.ERROR: SQLSTATE[HY000] [1698] Access denied for user 'root'@'localhost' (Connection: mysql, SQL: select * from `sessions` where `id` = RWWNeCmoDEdU1SaqhHLajzRPa57PoI5PrcTUvWzD limit 1) {"exception":"[object] (Illuminate\\Database\\QueryException(code: 1698): SQLSTATE[HY000] [1698] Access denied for user 'root'@'localhost' (Connection: mysql, SQL: select * from `sessions` where `id` = RWWNeCmoDEdU1SaqhHLajzRPa57PoI5PrcTUvWzD limit 1) at /home/lutxise/Projects/Lutxise/vendor/laravel/framework/src/Illuminate/Database/Connection.php:825)
[stacktrace]
#0 /home/lutxise/Projects/Lutxise/vendor/laravel/framework/src/Illuminate/Database/Connection.php(779): Illuminate\\Database\\Connection->runQueryCallback()
#1 /home/lutxise/Projects/Lutxise/vendor/laravel/framework/src/Illuminate/Database/Connection.php(398): Illuminate\\Database\\Connection->run()
#2 /home/lutxise/Projects/Lutxise/vendor/laravel/framework/src/Illuminate/Database/Query/Builder.php(3133): Illuminate\\Database\\Connection->select()
#3 /home/lutxise/Projects/Lutxise/vendor/laravel/framework/src/Illuminate/Database/Query/Builder.php(3118): Illuminate\\Database\\Query\\Builder->runSelect()
#4 /home/lutxise/Projects/Lutxise/vendor/laravel/framework/src/Illuminate/Database/Query/Builder.php(3706): Illuminate\\Database\\Query\\Builder->Illuminate\\Database\\Query\\{closure}()
#5 /home/lutxise/Projects/Lutxise/vendor/laravel/framework/src/Illuminate/Database/Query/Builder.php(3117): Illuminate\\Database\\Query\\Builder->onceWithColumns()
#6 /home/lutxise/Projects/Lutxise/vendor/laravel/framework/src/Illuminate/Database/Concerns/BuildsQueries.php(344): Illuminate\\Database\\Query\\Builder->get()
#7 /home/lutxise/Projects/Lutxise/vendor/laravel/framework/src/Illuminate/Database/Query/Builder.php(3038): Illuminate\\Database\\Query\\Builder->first()
#8 /home/lutxise/Projects/Lutxise/vendor/laravel/framework/src/Illuminate/Session/DatabaseSessionHandler.php(97): Illuminate\\Database\\Query\\Builder->find()
#9 /home/lutxise/Projects/Lutxise/vendor/laravel/framework/src/Illuminate/Session/Store.php(116): Illuminate\\Session\\DatabaseSessionHandler->read()
#10 /home/lutxise/Projects/Lutxise/vendor/laravel/framework/src/Illuminate/Session/Store.php(104): Illuminate\\Session\\Store->readFromHandler()
#11 /home/lutxise/Projects/Lutxise/vendor/laravel/framework/src/Illuminate/Session/Store.php(88): Illuminate\\Session\\Store->loadSession()
#12 /home/lutxise/Projects/Lutxise/vendor/laravel/framework/src/Illuminate/Session/Middleware/StartSession.php(147): Illuminate\\Session\\Store->start()
#13 /home/lutxise/Projects/Lutxise/vendor/laravel/framework/src/Illuminate/Support/helpers.php(399): Illuminate\\Session\\Middleware\\StartSession->Illuminate\\Session\\Middleware\\{closure}()
#14 /home/lutxise/Projects/Lutxise/vendor/laravel/framework/src/Illuminate/Session/Middleware/StartSession.php(144): tap()
#15 /home/lutxise/Projects/Lutxise/vendor/laravel/framework/src/Illuminate/Session/Middleware/StartSession.php(116): Illuminate\\Session\\Middleware\\StartSession->startSession()
#16 /home/lutxise/Projects/Lutxise/vendor/laravel/framework/src/Illuminate/Session/Middleware/StartSession.php(64): Illuminate\\Session\\Middleware\\StartSession->handleStatefulRequest()
#17 /home/lutxise/Projects/Lutxise/vendor/laravel/framework/src/Illuminate/Pipeline/Pipeline.php(183): Illuminate\\Session\\Middleware\\StartSession->handle()
#18 /home/lutxise/Projects/Lutxise/vendor/laravel/framework/src/Illuminate/Cookie/Middleware/AddQueuedCookiesToResponse.php(37): Illuminate\\Pipeline\\Pipeline->Illuminate\\Pipeline\\{closure}()
#19 /home/lutxise/Projects/Lutxise/vendor/laravel/framework/src/Illuminate/Pipeline/Pipeline.php(183): Illuminate\\Cookie\\Middleware\\AddQueuedCookiesToResponse->handle()
#20 /home/lutxise/Projects/Lutxise/vendor/laravel/framework/src/Illuminate/Cookie/Middleware/EncryptCookies.php(75): Illuminate\\Pipeline\\Pipeline->Illuminate\\Pipeline\\{closure}()
#21 /home/lutxise/Projects/Lutxise/vendor/laravel/framework/src/Illuminate/Pipeline/Pipeline.php(183): Illuminate\\Cookie\\Middleware\\EncryptCookies->handle()
#22 /home/lutxise/Projects/Lutxise/vendor/laravel/framework/src/Illuminate/Pipeline/Pipeline.php(119): Illuminate\\Pipeline\\Pipeline->Illuminate\\Pipeline\\{closure}()
#23 /home/lutxise/Projects/Lutxise/vendor/laravel/framework/src/Illuminate/Routing/Router.php(807): Illuminate\\Pipeline\\Pipeline->then()
#24 /home/lutxise/Projects/Lutxise/vendor/laravel/framework/src/Illuminate/Routing/Router.php(786): Illuminate\\Routing\\Router->runRouteWithinStack()
#25 /home/lutxise/Projects/Lutxise/vendor/laravel/framework/src/Illuminate/Routing/Router.php(750): Illuminate\\Routing\\Router->runRoute()
#26 /home/lutxise/Projects/Lutxise/vendor/laravel/framework/src/Illuminate/Routing/Router.php(739): Illuminate\\Routing\\Router->dispatchToRoute()
#27 /home/lutxise/Projects/Lutxise/vendor/laravel/framework/src/Illuminate/Foundation/Http/Kernel.php(201): Illuminate\\Routing\\Router->dispatch()
#28 /home/lutxise/Projects/Lutxise/vendor/laravel/framework/src/Illuminate/Pipeline/Pipeline.php(144): Illuminate\\Foundation\\Http\\Kernel->Illuminate\\Foundation\\Http\\{closure}()
#29 /home/lutxise/Projects/Lutxise/vendor/livewire/livewire/src/Features/SupportDisablingBackButtonCache/DisableBackButtonCacheMiddleware.php(19): Illuminate\\Pipeline\\Pipeline->Illuminate\\Pipeline\\{closure}()
#30 /home/lutxise/Projects/Lutxise/vendor/laravel/framework/src/Illuminate/Pipeline/Pipeline.php(183): Livewire\\Features\\SupportDisablingBackButtonCache\\DisableBackButtonCacheMiddleware->handle()
#31 /home/lutxise/Projects/Lutxise/vendor/laravel/framework/src/Illuminate/Foundation/Http/Middleware/TransformsRequest.php(21): Illuminate\\Pipeline\\Pipeline->Illuminate\\Pipeline\\{closure}()
#32 /home/lutxise/Projects/Lutxise/vendor/laravel/framework/src/Illuminate/Foundation/Http/Middleware/ConvertEmptyStringsToNull.php(31): Illuminate\\Foundation\\Http\\Middleware\\TransformsRequest->handle()
#33 /home/lutxise/Projects/Lutxise/vendor/laravel/framework/src/Illuminate/Pipeline/Pipeline.php(183): Illuminate\\Foundation\\Http\\Middleware\\ConvertEmptyStringsToNull->handle()
#34 /home/lutxise/Projects/Lutxise/vendor/laravel/framework/src/Illuminate/Foundation/Http/Middleware/TransformsRequest.php(21): Illuminate\\Pipeline\\Pipeline->Illuminate\\Pipeline\\{closure}()
#35 /home/lutxise/Projects/Lutxise/vendor/laravel/framework/src/Illuminate/Foundation/Http/Middleware/TrimStrings.php(51): Illuminate\\Foundation\\Http\\Middleware\\TransformsRequest->handle()
#36 /home/lutxise/Projects/Lutxise/vendor/laravel/framework/src/Illuminate/Pipeline/Pipeline.php(183): Illuminate\\Foundation\\Http\\Middleware\\TrimStrings->handle()
#37 /home/lutxise/Projects/Lutxise/vendor/laravel/framework/src/Illuminate/Http/Middleware/ValidatePostSize.php(27): Illuminate\\Pipeline\\Pipeline->Illuminate\\Pipeline\\{closure}()
#38 /home/lutxise/Projects/Lutxise/vendor/laravel/framework/src/Illuminate/Pipeline/Pipeline.php(183): Illuminate\\Http\\Middleware\\ValidatePostSize->handle()
#39 /home/lutxise/Projects/Lutxise/vendor/laravel/framework/src/Illuminate/Foundation/Http/Middleware/PreventRequestsDuringMaintenance.php(110): Illuminate\\Pipeline\\Pipeline->Illuminate\\Pipeline\\{closure}()
#40 /home/lutxise/Projects/Lutxise/vendor/laravel/framework/src/Illuminate/Pipeline/Pipeline.php(183): Illuminate\\Foundation\\Http\\Middleware\\PreventRequestsDuringMaintenance->handle()
#41 /home/lutxise/Projects/Lutxise/vendor/laravel/framework/src/Illuminate/Http/Middleware/HandleCors.php(49): Illuminate\\Pipeline\\Pipeline->Illuminate\\Pipeline\\{closure}()
#42 /home/lutxise/Projects/Lutxise/vendor/laravel/framework/src/Illuminate/Pipeline/Pipeline.php(183): Illuminate\\Http\\Middleware\\HandleCors->handle()
#43 /home/lutxise/Projects/Lutxise/vendor/laravel/framework/src/Illuminate/Http/Middleware/TrustProxies.php(58): Illuminate\\Pipeline\\Pipeline->Illuminate\\Pipeline\\{closure}()
#44 /home/lutxise/Projects/Lutxise/vendor/laravel/framework/src/Illuminate/Pipeline/Pipeline.php(183): Illuminate\\Http\\Middleware\\TrustProxies->handle()
#45 /home/lutxise/Projects/Lutxise/vendor/laravel/framework/src/Illuminate/Foundation/Http/Middleware/InvokeDeferredCallbacks.php(22): Illuminate\\Pipeline\\Pipeline->Illuminate\\Pipeline\\{closure}()
#46 /home/lutxise/Projects/Lutxise/vendor/laravel/framework/src/Illuminate/Pipeline/Pipeline.php(183): Illuminate\\Foundation\\Http\\Middleware\\InvokeDeferredCallbacks->handle()
#47 /home/lutxise/Projects/Lutxise/vendor/laravel/framework/src/Illuminate/Pipeline/Pipeline.php(119): Illuminate\\Pipeline\\Pipeline->Illuminate\\Pipeline\\{closure}()
#48 /home/lutxise/Projects/Lutxise/vendor/laravel/framework/src/Illuminate/Foundation/Http/Kernel.php(176): Illuminate\\Pipeline\\Pipeline->then()
#49 /home/lutxise/Projects/Lutxise/vendor/laravel/framework/src/Illuminate/Foundation/Http/Kernel.php(145): Illuminate\\Foundation\\Http\\Kernel->sendRequestThroughRouter()
#50 /home/lutxise/Projects/Lutxise/vendor/laravel/framework/src/Illuminate/Foundation/Application.php(1190): Illuminate\\Foundation\\Http\\Kernel->handle()
#51 /home/lutxise/Projects/Lutxise/public/index.php(17): Illuminate\\Foundation\\Application->handleRequest()
#52 /home/lutxise/Projects/Lutxise/vendor/laravel/framework/src/Illuminate/Foundation/resources/server.php(23): require_once('...')
#53 {main}

[previous exception] [object] (PDOException(code: 1698): SQLSTATE[HY000] [1698] Access denied for user 'root'@'localhost' at /home/lutxise/Projects/Lutxise/vendor/laravel/framework/src/Illuminate/Database/Connectors/Connector.php:66)
[stacktrace]
#0 /home/lutxise/Projects/Lutxise/vendor/laravel/framework/src/Illuminate/Database/Connectors/Connector.php(66): PDO->__construct()
#1 /home/lutxise/Projects/Lutxise/vendor/laravel/framework/src/Illuminate/Database/Connectors/Connector.php(44): Illuminate\\Database\\Connectors\\Connector->createPdoConnection()
#2 /home/lutxise/Projects/Lutxise/vendor/laravel/framework/src/Illuminate/Database/Connectors/MySqlConnector.php(24): Illuminate\\Database\\Connectors\\Connector->createConnection()
#3 /home/lutxise/Projects/Lutxise/vendor/laravel/framework/src/Illuminate/Database/Connectors/ConnectionFactory.php(185): Illuminate\\Database\\Connectors\\MySqlConnector->connect()
#4 [internal function]: Illuminate\\Database\\Connectors\\ConnectionFactory->Illuminate\\Database\\Connectors\\{closure}()
#5 /home/lutxise/Projects/Lutxise/vendor/laravel/framework/src/Illuminate/Database/Connection.php(1231): call_user_func()
#6 /home/lutxise/Projects/Lutxise/vendor/laravel/framework/src/Illuminate/Database/Connection.php(1267): Illuminate\\Database\\Connection->getPdo()
#7 /home/lutxise/Projects/Lutxise/vendor/laravel/framework/src/Illuminate/Database/Connection.php(512): Illuminate\\Database\\Connection->getReadPdo()
#8 /home/lutxise/Projects/Lutxise/vendor/laravel/framework/src/Illuminate/Database/Connection.php(407): Illuminate\\Database\\Connection->getPdoForSelect()
#9 /home/lutxise/Projects/Lutxise/vendor/laravel/framework/src/Illuminate/Database/Connection.php(812): Illuminate\\Database\\Connection->Illuminate\\Database\\{closure}()
#10 /home/lutxise/Projects/Lutxise/vendor/laravel/framework/src/Illuminate/Database/Connection.php(779): Illuminate\\Database\\Connection->runQueryCallback()
#11 /home/lutxise/Projects/Lutxise/vendor/laravel/framework/src/Illuminate/Database/Connection.php(398): Illuminate\\Database\\Connection->run()
#12 /home/lutxise/Projects/Lutxise/vendor/laravel/framework/src/Illuminate/Database/Query/Builder.php(3133): Illuminate\\Database\\Connection->select()
#13 /home/lutxise/Projects/Lutxise/vendor/laravel/framework/src/Illuminate/Database/Query/Builder.php(3118): Illuminate\\Database\\Query\\Builder->runSelect()
#14 /home/lutxise/Projects/Lutxise/vendor/laravel/framework/src/Illuminate/Database/Query/Builder.php(3706): Illuminate\\Database\\Query\\Builder->Illuminate\\Database\\Query\\{closure}()
#15 /home/lutxise/Projects/Lutxise/vendor/laravel/framework/src/Illuminate/Database/Query/Builder.php(3117): Illuminate\\Database\\Query\\Builder->onceWithColumns()
#16 /home/lutxise/Projects/Lutxise/vendor/laravel/framework/src/Illuminate/Database/Concerns/BuildsQueries.php(344): Illuminate\\Database\\Query\\Builder->get()
#17 /home/lutxise/Projects/Lutxise/vendor/laravel/framework/src/Illuminate/Database/Query/Builder.php(3038): Illuminate\\Database\\Query\\Builder->first()
#18 /home/lutxise/Projects/Lutxise/vendor/laravel/framework/src/Illuminate/Session/DatabaseSessionHandler.php(97): Illuminate\\Database\\Query\\Builder->find()
#19 /home/lutxise/Projects/Lutxise/vendor/laravel/framework/src/Illuminate/Session/Store.php(116): Illuminate\\Session\\DatabaseSessionHandler->read()
#20 /home/lutxise/Projects/Lutxise/vendor/laravel/framework/src/Illuminate/Session/Store.php(104): Illuminate\\Session\\Store->readFromHandler()
#21 /home/lutxise/Projects/Lutxise/vendor/laravel/framework/src/Illuminate/Session/Store.php(88): Illuminate\\Session\\Store->loadSession()
#22 /home/lutxise/Projects/Lutxise/vendor/laravel/framework/src/Illuminate/Session/Middleware/StartSession.php(147): Illuminate\\Session\\Store->start()
#23 /home/lutxise/Projects/Lutxise/vendor/laravel/framework/src/Illuminate/Support/helpers.php(399): Illuminate\\Session\\Middleware\\StartSession->Illuminate\\Session\\Middleware\\{closure}()
#24 /home/lutxise/Projects/Lutxise/vendor/laravel/framework/src/Illuminate/Session/Middleware/StartSession.php(144): tap()
#25 /home/lutxise/Projects/Lutxise/vendor/laravel/framework/src/Illuminate/Session/Middleware/StartSession.php(116): Illuminate\\Session\\Middleware\\StartSession->startSession()
#26 /home/lutxise/Projects/Lutxise/vendor/laravel/framework/src/Illuminate/Session/Middleware/StartSession.php(64): Illuminate\\Session\\Middleware\\StartSession->handleStatefulRequest()
#27 /home/lutxise/Projects/Lutxise/vendor/laravel/framework/src/Illuminate/Pipeline/Pipeline.php(183): Illuminate\\Session\\Middleware\\StartSession->handle()
#28 /home/lutxise/Projects/Lutxise/vendor/laravel/framework/src/Illuminate/Cookie/Middleware/AddQueuedCookiesToResponse.php(37): Illuminate\\Pipeline\\Pipeline->Illuminate\\Pipeline\\{closure}()
#29 /home/lutxise/Projects/Lutxise/vendor/laravel/framework/src/Illuminate/Pipeline/Pipeline.php(183): Illuminate\\Cookie\\Middleware\\AddQueuedCookiesToResponse->handle()
#30 /home/lutxise/Projects/Lutxise/vendor/laravel/framework/src/Illuminate/Cookie/Middleware/EncryptCookies.php(75): Illuminate\\Pipeline\\Pipeline->Illuminate\\Pipeline\\{closure}()
#31 /home/lutxise/Projects/Lutxise/vendor/laravel/framework/src/Illuminate/Pipeline/Pipeline.php(183): Illuminate\\Cookie\\Middleware\\EncryptCookies->handle()
#32 /home/lutxise/Projects/Lutxise/vendor/laravel/framework/src/Illuminate/Pipeline/Pipeline.php(119): Illuminate\\Pipeline\\Pipeline->Illuminate\\Pipeline\\{closure}()
#33 /home/lutxise/Projects/Lutxise/vendor/laravel/framework/src/Illuminate/Routing/Router.php(807): Illuminate\\Pipeline\\Pipeline->then()
#34 /home/lutxise/Projects/Lutxise/vendor/laravel/framework/src/Illuminate/Routing/Router.php(786): Illuminate\\Routing\\Router->runRouteWithinStack()
#35 /home/lutxise/Projects/Lutxise/vendor/laravel/framework/src/Illuminate/Routing/Router.php(750): Illuminate\\Routing\\Router->runRoute()
#36 /home/lutxise/Projects/Lutxise/vendor/laravel/framework/src/Illuminate/Routing/Router.php(739): Illuminate\\Routing\\Router->dispatchToRoute()
#37 /home/lutxise/Projects/Lutxise/vendor/laravel/framework/src/Illuminate/Foundation/Http/Kernel.php(201): Illuminate\\Routing\\Router->dispatch()
#38 /home/lutxise/Projects/Lutxise/vendor/laravel/framework/src/Illuminate/Pipeline/Pipeline.php(144): Illuminate\\Foundation\\Http\\Kernel->Illuminate\\Foundation\\Http\\{closure}()
#39 /home/lutxise/Projects/Lutxise/vendor/livewire/livewire/src/Features/SupportDisablingBackButtonCache/DisableBackButtonCacheMiddleware.php(19): Illuminate\\Pipeline\\Pipeline->Illuminate\\Pipeline\\{closure}()
#40 /home/lutxise/Projects/Lutxise/vendor/laravel/framework/src/Illuminate/Pipeline/Pipeline.php(183): Livewire\\Features\\SupportDisablingBackButtonCache\\DisableBackButtonCacheMiddleware->handle()
#41 /home/lutxise/Projects/Lutxise/vendor/laravel/framework/src/Illuminate/Foundation/Http/Middleware/TransformsRequest.php(21): Illuminate\\Pipeline\\Pipeline->Illuminate\\Pipeline\\{closure}()
#42 /home/lutxise/Projects/Lutxise/vendor/laravel/framework/src/Illuminate/Foundation/Http/Middleware/ConvertEmptyStringsToNull.php(31): Illuminate\\Foundation\\Http\\Middleware\\TransformsRequest->handle()
#43 /home/lutxise/Projects/Lutxise/vendor/laravel/framework/src/Illuminate/Pipeline/Pipeline.php(183): Illuminate\\Foundation\\Http\\Middleware\\ConvertEmptyStringsToNull->handle()
#44 /home/lutxise/Projects/Lutxise/vendor/laravel/framework/src/Illuminate/Foundation/Http/Middleware/TransformsRequest.php(21): Illuminate\\Pipeline\\Pipeline->Illuminate\\Pipeline\\{closure}()
#45 /home/lutxise/Projects/Lutxise/vendor/laravel/framework/src/Illuminate/Foundation/Http/Middleware/TrimStrings.php(51): Illuminate\\Foundation\\Http\\Middleware\\TransformsRequest->handle()
#46 /home/lutxise/Projects/Lutxise/vendor/laravel/framework/src/Illuminate/Pipeline/Pipeline.php(183): Illuminate\\Foundation\\Http\\Middleware\\TrimStrings->handle()
#47 /home/lutxise/Projects/Lutxise/vendor/laravel/framework/src/Illuminate/Http/Middleware/ValidatePostSize.php(27): Illuminate\\Pipeline\\Pipeline->Illuminate\\Pipeline\\{closure}()
#48 /home/lutxise/Projects/Lutxise/vendor/laravel/framework/src/Illuminate/Pipeline/Pipeline.php(183): Illuminate\\Http\\Middleware\\ValidatePostSize->handle()
#49 /home/lutxise/Projects/Lutxise/vendor/laravel/framework/src/Illuminate/Foundation/Http/Middleware/PreventRequestsDuringMaintenance.php(110): Illuminate\\Pipeline\\Pipeline->Illuminate\\Pipeline\\{closure}()
#50 /home/lutxise/Projects/Lutxise/vendor/laravel/framework/src/Illuminate/Pipeline/Pipeline.php(183): Illuminate\\Foundation\\Http\\Middleware\\PreventRequestsDuringMaintenance->handle()
#51 /home/lutxise/Projects/Lutxise/vendor/laravel/framework/src/Illuminate/Http/Middleware/HandleCors.php(49): Illuminate\\Pipeline\\Pipeline->Illuminate\\Pipeline\\{closure}()
#52 /home/lutxise/Projects/Lutxise/vendor/laravel/framework/src/Illuminate/Pipeline/Pipeline.php(183): Illuminate\\Http\\Middleware\\HandleCors->handle()
#53 /home/lutxise/Projects/Lutxise/vendor/laravel/framework/src/Illuminate/Http/Middleware/TrustProxies.php(58): Illuminate\\Pipeline\\Pipeline->Illuminate\\Pipeline\\{closure}()
#54 /home/lutxise/Projects/Lutxise/vendor/laravel/framework/src/Illuminate/Pipeline/Pipeline.php(183): Illuminate\\Http\\Middleware\\TrustProxies->handle()
#55 /home/lutxise/Projects/Lutxise/vendor/laravel/framework/src/Illuminate/Foundation/Http/Middleware/InvokeDeferredCallbacks.php(22): Illuminate\\Pipeline\\Pipeline->Illuminate\\Pipeline\\{closure}()
#56 /home/lutxise/Projects/Lutxise/vendor/laravel/framework/src/Illuminate/Pipeline/Pipeline.php(183): Illuminate\\Foundation\\Http\\Middleware\\InvokeDeferredCallbacks->handle()
#57 /home/lutxise/Projects/Lutxise/vendor/laravel/framework/src/Illuminate/Pipeline/Pipeline.php(119): Illuminate\\Pipeline\\Pipeline->Illuminate\\Pipeline\\{closure}()
#58 /home/lutxise/Projects/Lutxise/vendor/laravel/framework/src/Illuminate/Foundation/Http/Kernel.php(176): Illuminate\\Pipeline\\Pipeline->then()
#59 /home/lutxise/Projects/Lutxise/vendor/laravel/framework/src/Illuminate/Foundation/Http/Kernel.php(145): Illuminate\\Foundation\\Http\\Kernel->sendRequestThroughRouter()
#60 /home/lutxise/Projects/Lutxise/vendor/laravel/framework/src/Illuminate/Foundation/Application.php(1190): Illuminate\\Foundation\\Http\\Kernel->handle()
#61 /home/lutxise/Projects/Lutxise/public/index.php(17): Illuminate\\Foundation\\Application->handleRequest()
#62 /home/lutxise/Projects/Lutxise/vendor/laravel/framework/src/Illuminate/Foundation/resources/server.php(23): require_once('...')
#63 {main}
"} 
[2025-01-13 00:46:17] local.ERROR: SQLSTATE[HY000] [1698] Access denied for user 'root'@'localhost' (Connection: mysql, SQL: select * from `sessions` where `id` = VSnKlzKHbNGVWgXOIXIBcYWsYBpP6BymMVOm2q5G limit 1) {"exception":"[object] (Illuminate\\Database\\QueryException(code: 1698): SQLSTATE[HY000] [1698] Access denied for user 'root'@'localhost' (Connection: mysql, SQL: select * from `sessions` where `id` = VSnKlzKHbNGVWgXOIXIBcYWsYBpP6BymMVOm2q5G limit 1) at /home/lutxise/Projects/Lutxise/vendor/laravel/framework/src/Illuminate/Database/Connection.php:825)
[stacktrace]
#0 /home/lutxise/Projects/Lutxise/vendor/laravel/framework/src/Illuminate/Database/Connection.php(779): Illuminate\\Database\\Connection->runQueryCallback()
#1 /home/lutxise/Projects/Lutxise/vendor/laravel/framework/src/Illuminate/Database/Connection.php(398): Illuminate\\Database\\Connection->run()
#2 /home/lutxise/Projects/Lutxise/vendor/laravel/framework/src/Illuminate/Database/Query/Builder.php(3133): Illuminate\\Database\\Connection->select()
#3 /home/lutxise/Projects/Lutxise/vendor/laravel/framework/src/Illuminate/Database/Query/Builder.php(3118): Illuminate\\Database\\Query\\Builder->runSelect()
#4 /home/lutxise/Projects/Lutxise/vendor/laravel/framework/src/Illuminate/Database/Query/Builder.php(3706): Illuminate\\Database\\Query\\Builder->Illuminate\\Database\\Query\\{closure}()
#5 /home/lutxise/Projects/Lutxise/vendor/laravel/framework/src/Illuminate/Database/Query/Builder.php(3117): Illuminate\\Database\\Query\\Builder->onceWithColumns()
#6 /home/lutxise/Projects/Lutxise/vendor/laravel/framework/src/Illuminate/Database/Concerns/BuildsQueries.php(344): Illuminate\\Database\\Query\\Builder->get()
#7 /home/lutxise/Projects/Lutxise/vendor/laravel/framework/src/Illuminate/Database/Query/Builder.php(3038): Illuminate\\Database\\Query\\Builder->first()
#8 /home/lutxise/Projects/Lutxise/vendor/laravel/framework/src/Illuminate/Session/DatabaseSessionHandler.php(97): Illuminate\\Database\\Query\\Builder->find()
#9 /home/lutxise/Projects/Lutxise/vendor/laravel/framework/src/Illuminate/Session/Store.php(116): Illuminate\\Session\\DatabaseSessionHandler->read()
#10 /home/lutxise/Projects/Lutxise/vendor/laravel/framework/src/Illuminate/Session/Store.php(104): Illuminate\\Session\\Store->readFromHandler()
#11 /home/lutxise/Projects/Lutxise/vendor/laravel/framework/src/Illuminate/Session/Store.php(88): Illuminate\\Session\\Store->loadSession()
#12 /home/lutxise/Projects/Lutxise/vendor/laravel/framework/src/Illuminate/Session/Middleware/StartSession.php(147): Illuminate\\Session\\Store->start()
#13 /home/lutxise/Projects/Lutxise/vendor/laravel/framework/src/Illuminate/Support/helpers.php(399): Illuminate\\Session\\Middleware\\StartSession->Illuminate\\Session\\Middleware\\{closure}()
#14 /home/lutxise/Projects/Lutxise/vendor/laravel/framework/src/Illuminate/Session/Middleware/StartSession.php(144): tap()
#15 /home/lutxise/Projects/Lutxise/vendor/laravel/framework/src/Illuminate/Session/Middleware/StartSession.php(116): Illuminate\\Session\\Middleware\\StartSession->startSession()
#16 /home/lutxise/Projects/Lutxise/vendor/laravel/framework/src/Illuminate/Session/Middleware/StartSession.php(64): Illuminate\\Session\\Middleware\\StartSession->handleStatefulRequest()
#17 /home/lutxise/Projects/Lutxise/vendor/laravel/framework/src/Illuminate/Pipeline/Pipeline.php(183): Illuminate\\Session\\Middleware\\StartSession->handle()
#18 /home/lutxise/Projects/Lutxise/vendor/laravel/framework/src/Illuminate/Cookie/Middleware/AddQueuedCookiesToResponse.php(37): Illuminate\\Pipeline\\Pipeline->Illuminate\\Pipeline\\{closure}()
#19 /home/lutxise/Projects/Lutxise/vendor/laravel/framework/src/Illuminate/Pipeline/Pipeline.php(183): Illuminate\\Cookie\\Middleware\\AddQueuedCookiesToResponse->handle()
#20 /home/lutxise/Projects/Lutxise/vendor/laravel/framework/src/Illuminate/Cookie/Middleware/EncryptCookies.php(75): Illuminate\\Pipeline\\Pipeline->Illuminate\\Pipeline\\{closure}()
#21 /home/lutxise/Projects/Lutxise/vendor/laravel/framework/src/Illuminate/Pipeline/Pipeline.php(183): Illuminate\\Cookie\\Middleware\\EncryptCookies->handle()
#22 /home/lutxise/Projects/Lutxise/vendor/laravel/framework/src/Illuminate/Pipeline/Pipeline.php(119): Illuminate\\Pipeline\\Pipeline->Illuminate\\Pipeline\\{closure}()
#23 /home/lutxise/Projects/Lutxise/vendor/laravel/framework/src/Illuminate/Routing/Router.php(807): Illuminate\\Pipeline\\Pipeline->then()
#24 /home/lutxise/Projects/Lutxise/vendor/laravel/framework/src/Illuminate/Routing/Router.php(786): Illuminate\\Routing\\Router->runRouteWithinStack()
#25 /home/lutxise/Projects/Lutxise/vendor/laravel/framework/src/Illuminate/Routing/Router.php(750): Illuminate\\Routing\\Router->runRoute()
#26 /home/lutxise/Projects/Lutxise/vendor/laravel/framework/src/Illuminate/Routing/Router.php(739): Illuminate\\Routing\\Router->dispatchToRoute()
#27 /home/lutxise/Projects/Lutxise/vendor/laravel/framework/src/Illuminate/Foundation/Http/Kernel.php(201): Illuminate\\Routing\\Router->dispatch()
#28 /home/lutxise/Projects/Lutxise/vendor/laravel/framework/src/Illuminate/Pipeline/Pipeline.php(144): Illuminate\\Foundation\\Http\\Kernel->Illuminate\\Foundation\\Http\\{closure}()
#29 /home/lutxise/Projects/Lutxise/vendor/livewire/livewire/src/Features/SupportDisablingBackButtonCache/DisableBackButtonCacheMiddleware.php(19): Illuminate\\Pipeline\\Pipeline->Illuminate\\Pipeline\\{closure}()
#30 /home/lutxise/Projects/Lutxise/vendor/laravel/framework/src/Illuminate/Pipeline/Pipeline.php(183): Livewire\\Features\\SupportDisablingBackButtonCache\\DisableBackButtonCacheMiddleware->handle()
#31 /home/lutxise/Projects/Lutxise/vendor/laravel/framework/src/Illuminate/Foundation/Http/Middleware/TransformsRequest.php(21): Illuminate\\Pipeline\\Pipeline->Illuminate\\Pipeline\\{closure}()
#32 /home/lutxise/Projects/Lutxise/vendor/laravel/framework/src/Illuminate/Foundation/Http/Middleware/ConvertEmptyStringsToNull.php(31): Illuminate\\Foundation\\Http\\Middleware\\TransformsRequest->handle()
#33 /home/lutxise/Projects/Lutxise/vendor/laravel/framework/src/Illuminate/Pipeline/Pipeline.php(183): Illuminate\\Foundation\\Http\\Middleware\\ConvertEmptyStringsToNull->handle()
#34 /home/lutxise/Projects/Lutxise/vendor/laravel/framework/src/Illuminate/Foundation/Http/Middleware/TransformsRequest.php(21): Illuminate\\Pipeline\\Pipeline->Illuminate\\Pipeline\\{closure}()
#35 /home/lutxise/Projects/Lutxise/vendor/laravel/framework/src/Illuminate/Foundation/Http/Middleware/TrimStrings.php(51): Illuminate\\Foundation\\Http\\Middleware\\TransformsRequest->handle()
#36 /home/lutxise/Projects/Lutxise/vendor/laravel/framework/src/Illuminate/Pipeline/Pipeline.php(183): Illuminate\\Foundation\\Http\\Middleware\\TrimStrings->handle()
#37 /home/lutxise/Projects/Lutxise/vendor/laravel/framework/src/Illuminate/Http/Middleware/ValidatePostSize.php(27): Illuminate\\Pipeline\\Pipeline->Illuminate\\Pipeline\\{closure}()
#38 /home/lutxise/Projects/Lutxise/vendor/laravel/framework/src/Illuminate/Pipeline/Pipeline.php(183): Illuminate\\Http\\Middleware\\ValidatePostSize->handle()
#39 /home/lutxise/Projects/Lutxise/vendor/laravel/framework/src/Illuminate/Foundation/Http/Middleware/PreventRequestsDuringMaintenance.php(110): Illuminate\\Pipeline\\Pipeline->Illuminate\\Pipeline\\{closure}()
#40 /home/lutxise/Projects/Lutxise/vendor/laravel/framework/src/Illuminate/Pipeline/Pipeline.php(183): Illuminate\\Foundation\\Http\\Middleware\\PreventRequestsDuringMaintenance->handle()
#41 /home/lutxise/Projects/Lutxise/vendor/laravel/framework/src/Illuminate/Http/Middleware/HandleCors.php(49): Illuminate\\Pipeline\\Pipeline->Illuminate\\Pipeline\\{closure}()
#42 /home/lutxise/Projects/Lutxise/vendor/laravel/framework/src/Illuminate/Pipeline/Pipeline.php(183): Illuminate\\Http\\Middleware\\HandleCors->handle()
#43 /home/lutxise/Projects/Lutxise/vendor/laravel/framework/src/Illuminate/Http/Middleware/TrustProxies.php(58): Illuminate\\Pipeline\\Pipeline->Illuminate\\Pipeline\\{closure}()
#44 /home/lutxise/Projects/Lutxise/vendor/laravel/framework/src/Illuminate/Pipeline/Pipeline.php(183): Illuminate\\Http\\Middleware\\TrustProxies->handle()
#45 /home/lutxise/Projects/Lutxise/vendor/laravel/framework/src/Illuminate/Foundation/Http/Middleware/InvokeDeferredCallbacks.php(22): Illuminate\\Pipeline\\Pipeline->Illuminate\\Pipeline\\{closure}()
#46 /home/lutxise/Projects/Lutxise/vendor/laravel/framework/src/Illuminate/Pipeline/Pipeline.php(183): Illuminate\\Foundation\\Http\\Middleware\\InvokeDeferredCallbacks->handle()
#47 /home/lutxise/Projects/Lutxise/vendor/laravel/framework/src/Illuminate/Pipeline/Pipeline.php(119): Illuminate\\Pipeline\\Pipeline->Illuminate\\Pipeline\\{closure}()
#48 /home/lutxise/Projects/Lutxise/vendor/laravel/framework/src/Illuminate/Foundation/Http/Kernel.php(176): Illuminate\\Pipeline\\Pipeline->then()
#49 /home/lutxise/Projects/Lutxise/vendor/laravel/framework/src/Illuminate/Foundation/Http/Kernel.php(145): Illuminate\\Foundation\\Http\\Kernel->sendRequestThroughRouter()
#50 /home/lutxise/Projects/Lutxise/vendor/laravel/framework/src/Illuminate/Foundation/Application.php(1190): Illuminate\\Foundation\\Http\\Kernel->handle()
#51 /home/lutxise/Projects/Lutxise/public/index.php(17): Illuminate\\Foundation\\Application->handleRequest()
#52 /home/lutxise/Projects/Lutxise/vendor/laravel/framework/src/Illuminate/Foundation/resources/server.php(23): require_once('...')
#53 {main}

[previous exception] [object] (PDOException(code: 1698): SQLSTATE[HY000] [1698] Access denied for user 'root'@'localhost' at /home/lutxise/Projects/Lutxise/vendor/laravel/framework/src/Illuminate/Database/Connectors/Connector.php:66)
[stacktrace]
#0 /home/lutxise/Projects/Lutxise/vendor/laravel/framework/src/Illuminate/Database/Connectors/Connector.php(66): PDO->__construct()
#1 /home/lutxise/Projects/Lutxise/vendor/laravel/framework/src/Illuminate/Database/Connectors/Connector.php(44): Illuminate\\Database\\Connectors\\Connector->createPdoConnection()
#2 /home/lutxise/Projects/Lutxise/vendor/laravel/framework/src/Illuminate/Database/Connectors/MySqlConnector.php(24): Illuminate\\Database\\Connectors\\Connector->createConnection()
#3 /home/lutxise/Projects/Lutxise/vendor/laravel/framework/src/Illuminate/Database/Connectors/ConnectionFactory.php(185): Illuminate\\Database\\Connectors\\MySqlConnector->connect()
#4 [internal function]: Illuminate\\Database\\Connectors\\ConnectionFactory->Illuminate\\Database\\Connectors\\{closure}()
#5 /home/lutxise/Projects/Lutxise/vendor/laravel/framework/src/Illuminate/Database/Connection.php(1231): call_user_func()
#6 /home/lutxise/Projects/Lutxise/vendor/laravel/framework/src/Illuminate/Database/Connection.php(1267): Illuminate\\Database\\Connection->getPdo()
#7 /home/lutxise/Projects/Lutxise/vendor/laravel/framework/src/Illuminate/Database/Connection.php(512): Illuminate\\Database\\Connection->getReadPdo()
#8 /home/lutxise/Projects/Lutxise/vendor/laravel/framework/src/Illuminate/Database/Connection.php(407): Illuminate\\Database\\Connection->getPdoForSelect()
#9 /home/lutxise/Projects/Lutxise/vendor/laravel/framework/src/Illuminate/Database/Connection.php(812): Illuminate\\Database\\Connection->Illuminate\\Database\\{closure}()
#10 /home/lutxise/Projects/Lutxise/vendor/laravel/framework/src/Illuminate/Database/Connection.php(779): Illuminate\\Database\\Connection->runQueryCallback()
#11 /home/lutxise/Projects/Lutxise/vendor/laravel/framework/src/Illuminate/Database/Connection.php(398): Illuminate\\Database\\Connection->run()
#12 /home/lutxise/Projects/Lutxise/vendor/laravel/framework/src/Illuminate/Database/Query/Builder.php(3133): Illuminate\\Database\\Connection->select()
#13 /home/lutxise/Projects/Lutxise/vendor/laravel/framework/src/Illuminate/Database/Query/Builder.php(3118): Illuminate\\Database\\Query\\Builder->runSelect()
#14 /home/lutxise/Projects/Lutxise/vendor/laravel/framework/src/Illuminate/Database/Query/Builder.php(3706): Illuminate\\Database\\Query\\Builder->Illuminate\\Database\\Query\\{closure}()
#15 /home/lutxise/Projects/Lutxise/vendor/laravel/framework/src/Illuminate/Database/Query/Builder.php(3117): Illuminate\\Database\\Query\\Builder->onceWithColumns()
#16 /home/lutxise/Projects/Lutxise/vendor/laravel/framework/src/Illuminate/Database/Concerns/BuildsQueries.php(344): Illuminate\\Database\\Query\\Builder->get()
#17 /home/lutxise/Projects/Lutxise/vendor/laravel/framework/src/Illuminate/Database/Query/Builder.php(3038): Illuminate\\Database\\Query\\Builder->first()
#18 /home/lutxise/Projects/Lutxise/vendor/laravel/framework/src/Illuminate/Session/DatabaseSessionHandler.php(97): Illuminate\\Database\\Query\\Builder->find()
#19 /home/lutxise/Projects/Lutxise/vendor/laravel/framework/src/Illuminate/Session/Store.php(116): Illuminate\\Session\\DatabaseSessionHandler->read()
#20 /home/lutxise/Projects/Lutxise/vendor/laravel/framework/src/Illuminate/Session/Store.php(104): Illuminate\\Session\\Store->readFromHandler()
#21 /home/lutxise/Projects/Lutxise/vendor/laravel/framework/src/Illuminate/Session/Store.php(88): Illuminate\\Session\\Store->loadSession()
#22 /home/lutxise/Projects/Lutxise/vendor/laravel/framework/src/Illuminate/Session/Middleware/StartSession.php(147): Illuminate\\Session\\Store->start()
#23 /home/lutxise/Projects/Lutxise/vendor/laravel/framework/src/Illuminate/Support/helpers.php(399): Illuminate\\Session\\Middleware\\StartSession->Illuminate\\Session\\Middleware\\{closure}()
#24 /home/lutxise/Projects/Lutxise/vendor/laravel/framework/src/Illuminate/Session/Middleware/StartSession.php(144): tap()
#25 /home/lutxise/Projects/Lutxise/vendor/laravel/framework/src/Illuminate/Session/Middleware/StartSession.php(116): Illuminate\\Session\\Middleware\\StartSession->startSession()
#26 /home/lutxise/Projects/Lutxise/vendor/laravel/framework/src/Illuminate/Session/Middleware/StartSession.php(64): Illuminate\\Session\\Middleware\\StartSession->handleStatefulRequest()
#27 /home/lutxise/Projects/Lutxise/vendor/laravel/framework/src/Illuminate/Pipeline/Pipeline.php(183): Illuminate\\Session\\Middleware\\StartSession->handle()
#28 /home/lutxise/Projects/Lutxise/vendor/laravel/framework/src/Illuminate/Cookie/Middleware/AddQueuedCookiesToResponse.php(37): Illuminate\\Pipeline\\Pipeline->Illuminate\\Pipeline\\{closure}()
#29 /home/lutxise/Projects/Lutxise/vendor/laravel/framework/src/Illuminate/Pipeline/Pipeline.php(183): Illuminate\\Cookie\\Middleware\\AddQueuedCookiesToResponse->handle()
#30 /home/lutxise/Projects/Lutxise/vendor/laravel/framework/src/Illuminate/Cookie/Middleware/EncryptCookies.php(75): Illuminate\\Pipeline\\Pipeline->Illuminate\\Pipeline\\{closure}()
#31 /home/lutxise/Projects/Lutxise/vendor/laravel/framework/src/Illuminate/Pipeline/Pipeline.php(183): Illuminate\\Cookie\\Middleware\\EncryptCookies->handle()
#32 /home/lutxise/Projects/Lutxise/vendor/laravel/framework/src/Illuminate/Pipeline/Pipeline.php(119): Illuminate\\Pipeline\\Pipeline->Illuminate\\Pipeline\\{closure}()
#33 /home/lutxise/Projects/Lutxise/vendor/laravel/framework/src/Illuminate/Routing/Router.php(807): Illuminate\\Pipeline\\Pipeline->then()
#34 /home/lutxise/Projects/Lutxise/vendor/laravel/framework/src/Illuminate/Routing/Router.php(786): Illuminate\\Routing\\Router->runRouteWithinStack()
#35 /home/lutxise/Projects/Lutxise/vendor/laravel/framework/src/Illuminate/Routing/Router.php(750): Illuminate\\Routing\\Router->runRoute()
#36 /home/lutxise/Projects/Lutxise/vendor/laravel/framework/src/Illuminate/Routing/Router.php(739): Illuminate\\Routing\\Router->dispatchToRoute()
#37 /home/lutxise/Projects/Lutxise/vendor/laravel/framework/src/Illuminate/Foundation/Http/Kernel.php(201): Illuminate\\Routing\\Router->dispatch()
#38 /home/lutxise/Projects/Lutxise/vendor/laravel/framework/src/Illuminate/Pipeline/Pipeline.php(144): Illuminate\\Foundation\\Http\\Kernel->Illuminate\\Foundation\\Http\\{closure}()
#39 /home/lutxise/Projects/Lutxise/vendor/livewire/livewire/src/Features/SupportDisablingBackButtonCache/DisableBackButtonCacheMiddleware.php(19): Illuminate\\Pipeline\\Pipeline->Illuminate\\Pipeline\\{closure}()
#40 /home/lutxise/Projects/Lutxise/vendor/laravel/framework/src/Illuminate/Pipeline/Pipeline.php(183): Livewire\\Features\\SupportDisablingBackButtonCache\\DisableBackButtonCacheMiddleware->handle()
#41 /home/lutxise/Projects/Lutxise/vendor/laravel/framework/src/Illuminate/Foundation/Http/Middleware/TransformsRequest.php(21): Illuminate\\Pipeline\\Pipeline->Illuminate\\Pipeline\\{closure}()
#42 /home/lutxise/Projects/Lutxise/vendor/laravel/framework/src/Illuminate/Foundation/Http/Middleware/ConvertEmptyStringsToNull.php(31): Illuminate\\Foundation\\Http\\Middleware\\TransformsRequest->handle()
#43 /home/lutxise/Projects/Lutxise/vendor/laravel/framework/src/Illuminate/Pipeline/Pipeline.php(183): Illuminate\\Foundation\\Http\\Middleware\\ConvertEmptyStringsToNull->handle()
#44 /home/lutxise/Projects/Lutxise/vendor/laravel/framework/src/Illuminate/Foundation/Http/Middleware/TransformsRequest.php(21): Illuminate\\Pipeline\\Pipeline->Illuminate\\Pipeline\\{closure}()
#45 /home/lutxise/Projects/Lutxise/vendor/laravel/framework/src/Illuminate/Foundation/Http/Middleware/TrimStrings.php(51): Illuminate\\Foundation\\Http\\Middleware\\TransformsRequest->handle()
#46 /home/lutxise/Projects/Lutxise/vendor/laravel/framework/src/Illuminate/Pipeline/Pipeline.php(183): Illuminate\\Foundation\\Http\\Middleware\\TrimStrings->handle()
#47 /home/lutxise/Projects/Lutxise/vendor/laravel/framework/src/Illuminate/Http/Middleware/ValidatePostSize.php(27): Illuminate\\Pipeline\\Pipeline->Illuminate\\Pipeline\\{closure}()
#48 /home/lutxise/Projects/Lutxise/vendor/laravel/framework/src/Illuminate/Pipeline/Pipeline.php(183): Illuminate\\Http\\Middleware\\ValidatePostSize->handle()
#49 /home/lutxise/Projects/Lutxise/vendor/laravel/framework/src/Illuminate/Foundation/Http/Middleware/PreventRequestsDuringMaintenance.php(110): Illuminate\\Pipeline\\Pipeline->Illuminate\\Pipeline\\{closure}()
#50 /home/lutxise/Projects/Lutxise/vendor/laravel/framework/src/Illuminate/Pipeline/Pipeline.php(183): Illuminate\\Foundation\\Http\\Middleware\\PreventRequestsDuringMaintenance->handle()
#51 /home/lutxise/Projects/Lutxise/vendor/laravel/framework/src/Illuminate/Http/Middleware/HandleCors.php(49): Illuminate\\Pipeline\\Pipeline->Illuminate\\Pipeline\\{closure}()
#52 /home/lutxise/Projects/Lutxise/vendor/laravel/framework/src/Illuminate/Pipeline/Pipeline.php(183): Illuminate\\Http\\Middleware\\HandleCors->handle()
#53 /home/lutxise/Projects/Lutxise/vendor/laravel/framework/src/Illuminate/Http/Middleware/TrustProxies.php(58): Illuminate\\Pipeline\\Pipeline->Illuminate\\Pipeline\\{closure}()
#54 /home/lutxise/Projects/Lutxise/vendor/laravel/framework/src/Illuminate/Pipeline/Pipeline.php(183): Illuminate\\Http\\Middleware\\TrustProxies->handle()
#55 /home/lutxise/Projects/Lutxise/vendor/laravel/framework/src/Illuminate/Foundation/Http/Middleware/InvokeDeferredCallbacks.php(22): Illuminate\\Pipeline\\Pipeline->Illuminate\\Pipeline\\{closure}()
#56 /home/lutxise/Projects/Lutxise/vendor/laravel/framework/src/Illuminate/Pipeline/Pipeline.php(183): Illuminate\\Foundation\\Http\\Middleware\\InvokeDeferredCallbacks->handle()
#57 /home/lutxise/Projects/Lutxise/vendor/laravel/framework/src/Illuminate/Pipeline/Pipeline.php(119): Illuminate\\Pipeline\\Pipeline->Illuminate\\Pipeline\\{closure}()
#58 /home/lutxise/Projects/Lutxise/vendor/laravel/framework/src/Illuminate/Foundation/Http/Kernel.php(176): Illuminate\\Pipeline\\Pipeline->then()
#59 /home/lutxise/Projects/Lutxise/vendor/laravel/framework/src/Illuminate/Foundation/Http/Kernel.php(145): Illuminate\\Foundation\\Http\\Kernel->sendRequestThroughRouter()
#60 /home/lutxise/Projects/Lutxise/vendor/laravel/framework/src/Illuminate/Foundation/Application.php(1190): Illuminate\\Foundation\\Http\\Kernel->handle()
#61 /home/lutxise/Projects/Lutxise/public/index.php(17): Illuminate\\Foundation\\Application->handleRequest()
#62 /home/lutxise/Projects/Lutxise/vendor/laravel/framework/src/Illuminate/Foundation/resources/server.php(23): require_once('...')
#63 {main}
"} 
[2025-01-13 00:49:42] local.ERROR: SQLSTATE[HY000] [1698] Access denied for user 'root'@'localhost' (Connection: mysql, SQL: select * from `sessions` where `id` = lo4XLB3gjyRUx64Y3y1KpVFvd9MqlgtRH0qlml0r limit 1) {"exception":"[object] (Illuminate\\Database\\QueryException(code: 1698): SQLSTATE[HY000] [1698] Access denied for user 'root'@'localhost' (Connection: mysql, SQL: select * from `sessions` where `id` = lo4XLB3gjyRUx64Y3y1KpVFvd9MqlgtRH0qlml0r limit 1) at /home/lutxise/Projects/Lutxise/vendor/laravel/framework/src/Illuminate/Database/Connection.php:825)
[stacktrace]
#0 /home/lutxise/Projects/Lutxise/vendor/laravel/framework/src/Illuminate/Database/Connection.php(779): Illuminate\\Database\\Connection->runQueryCallback()
#1 /home/lutxise/Projects/Lutxise/vendor/laravel/framework/src/Illuminate/Database/Connection.php(398): Illuminate\\Database\\Connection->run()
#2 /home/lutxise/Projects/Lutxise/vendor/laravel/framework/src/Illuminate/Database/Query/Builder.php(3133): Illuminate\\Database\\Connection->select()
#3 /home/lutxise/Projects/Lutxise/vendor/laravel/framework/src/Illuminate/Database/Query/Builder.php(3118): Illuminate\\Database\\Query\\Builder->runSelect()
#4 /home/lutxise/Projects/Lutxise/vendor/laravel/framework/src/Illuminate/Database/Query/Builder.php(3706): Illuminate\\Database\\Query\\Builder->Illuminate\\Database\\Query\\{closure}()
#5 /home/lutxise/Projects/Lutxise/vendor/laravel/framework/src/Illuminate/Database/Query/Builder.php(3117): Illuminate\\Database\\Query\\Builder->onceWithColumns()
#6 /home/lutxise/Projects/Lutxise/vendor/laravel/framework/src/Illuminate/Database/Concerns/BuildsQueries.php(344): Illuminate\\Database\\Query\\Builder->get()
#7 /home/lutxise/Projects/Lutxise/vendor/laravel/framework/src/Illuminate/Database/Query/Builder.php(3038): Illuminate\\Database\\Query\\Builder->first()
#8 /home/lutxise/Projects/Lutxise/vendor/laravel/framework/src/Illuminate/Session/DatabaseSessionHandler.php(97): Illuminate\\Database\\Query\\Builder->find()
#9 /home/lutxise/Projects/Lutxise/vendor/laravel/framework/src/Illuminate/Session/Store.php(116): Illuminate\\Session\\DatabaseSessionHandler->read()
#10 /home/lutxise/Projects/Lutxise/vendor/laravel/framework/src/Illuminate/Session/Store.php(104): Illuminate\\Session\\Store->readFromHandler()
#11 /home/lutxise/Projects/Lutxise/vendor/laravel/framework/src/Illuminate/Session/Store.php(88): Illuminate\\Session\\Store->loadSession()
#12 /home/lutxise/Projects/Lutxise/vendor/laravel/framework/src/Illuminate/Session/Middleware/StartSession.php(147): Illuminate\\Session\\Store->start()
#13 /home/lutxise/Projects/Lutxise/vendor/laravel/framework/src/Illuminate/Support/helpers.php(399): Illuminate\\Session\\Middleware\\StartSession->Illuminate\\Session\\Middleware\\{closure}()
#14 /home/lutxise/Projects/Lutxise/vendor/laravel/framework/src/Illuminate/Session/Middleware/StartSession.php(144): tap()
#15 /home/lutxise/Projects/Lutxise/vendor/laravel/framework/src/Illuminate/Session/Middleware/StartSession.php(116): Illuminate\\Session\\Middleware\\StartSession->startSession()
#16 /home/lutxise/Projects/Lutxise/vendor/laravel/framework/src/Illuminate/Session/Middleware/StartSession.php(64): Illuminate\\Session\\Middleware\\StartSession->handleStatefulRequest()
#17 /home/lutxise/Projects/Lutxise/vendor/laravel/framework/src/Illuminate/Pipeline/Pipeline.php(183): Illuminate\\Session\\Middleware\\StartSession->handle()
#18 /home/lutxise/Projects/Lutxise/vendor/laravel/framework/src/Illuminate/Cookie/Middleware/AddQueuedCookiesToResponse.php(37): Illuminate\\Pipeline\\Pipeline->Illuminate\\Pipeline\\{closure}()
#19 /home/lutxise/Projects/Lutxise/vendor/laravel/framework/src/Illuminate/Pipeline/Pipeline.php(183): Illuminate\\Cookie\\Middleware\\AddQueuedCookiesToResponse->handle()
#20 /home/lutxise/Projects/Lutxise/vendor/laravel/framework/src/Illuminate/Cookie/Middleware/EncryptCookies.php(75): Illuminate\\Pipeline\\Pipeline->Illuminate\\Pipeline\\{closure}()
#21 /home/lutxise/Projects/Lutxise/vendor/laravel/framework/src/Illuminate/Pipeline/Pipeline.php(183): Illuminate\\Cookie\\Middleware\\EncryptCookies->handle()
#22 /home/lutxise/Projects/Lutxise/vendor/laravel/framework/src/Illuminate/Pipeline/Pipeline.php(119): Illuminate\\Pipeline\\Pipeline->Illuminate\\Pipeline\\{closure}()
#23 /home/lutxise/Projects/Lutxise/vendor/laravel/framework/src/Illuminate/Routing/Router.php(807): Illuminate\\Pipeline\\Pipeline->then()
#24 /home/lutxise/Projects/Lutxise/vendor/laravel/framework/src/Illuminate/Routing/Router.php(786): Illuminate\\Routing\\Router->runRouteWithinStack()
#25 /home/lutxise/Projects/Lutxise/vendor/laravel/framework/src/Illuminate/Routing/Router.php(750): Illuminate\\Routing\\Router->runRoute()
#26 /home/lutxise/Projects/Lutxise/vendor/laravel/framework/src/Illuminate/Routing/Router.php(739): Illuminate\\Routing\\Router->dispatchToRoute()
#27 /home/lutxise/Projects/Lutxise/vendor/laravel/framework/src/Illuminate/Foundation/Http/Kernel.php(201): Illuminate\\Routing\\Router->dispatch()
#28 /home/lutxise/Projects/Lutxise/vendor/laravel/framework/src/Illuminate/Pipeline/Pipeline.php(144): Illuminate\\Foundation\\Http\\Kernel->Illuminate\\Foundation\\Http\\{closure}()
#29 /home/lutxise/Projects/Lutxise/vendor/livewire/livewire/src/Features/SupportDisablingBackButtonCache/DisableBackButtonCacheMiddleware.php(19): Illuminate\\Pipeline\\Pipeline->Illuminate\\Pipeline\\{closure}()
#30 /home/lutxise/Projects/Lutxise/vendor/laravel/framework/src/Illuminate/Pipeline/Pipeline.php(183): Livewire\\Features\\SupportDisablingBackButtonCache\\DisableBackButtonCacheMiddleware->handle()
#31 /home/lutxise/Projects/Lutxise/vendor/laravel/framework/src/Illuminate/Foundation/Http/Middleware/TransformsRequest.php(21): Illuminate\\Pipeline\\Pipeline->Illuminate\\Pipeline\\{closure}()
#32 /home/lutxise/Projects/Lutxise/vendor/laravel/framework/src/Illuminate/Foundation/Http/Middleware/ConvertEmptyStringsToNull.php(31): Illuminate\\Foundation\\Http\\Middleware\\TransformsRequest->handle()
#33 /home/lutxise/Projects/Lutxise/vendor/laravel/framework/src/Illuminate/Pipeline/Pipeline.php(183): Illuminate\\Foundation\\Http\\Middleware\\ConvertEmptyStringsToNull->handle()
#34 /home/lutxise/Projects/Lutxise/vendor/laravel/framework/src/Illuminate/Foundation/Http/Middleware/TransformsRequest.php(21): Illuminate\\Pipeline\\Pipeline->Illuminate\\Pipeline\\{closure}()
#35 /home/lutxise/Projects/Lutxise/vendor/laravel/framework/src/Illuminate/Foundation/Http/Middleware/TrimStrings.php(51): Illuminate\\Foundation\\Http\\Middleware\\TransformsRequest->handle()
#36 /home/lutxise/Projects/Lutxise/vendor/laravel/framework/src/Illuminate/Pipeline/Pipeline.php(183): Illuminate\\Foundation\\Http\\Middleware\\TrimStrings->handle()
#37 /home/lutxise/Projects/Lutxise/vendor/laravel/framework/src/Illuminate/Http/Middleware/ValidatePostSize.php(27): Illuminate\\Pipeline\\Pipeline->Illuminate\\Pipeline\\{closure}()
#38 /home/lutxise/Projects/Lutxise/vendor/laravel/framework/src/Illuminate/Pipeline/Pipeline.php(183): Illuminate\\Http\\Middleware\\ValidatePostSize->handle()
#39 /home/lutxise/Projects/Lutxise/vendor/laravel/framework/src/Illuminate/Foundation/Http/Middleware/PreventRequestsDuringMaintenance.php(110): Illuminate\\Pipeline\\Pipeline->Illuminate\\Pipeline\\{closure}()
#40 /home/lutxise/Projects/Lutxise/vendor/laravel/framework/src/Illuminate/Pipeline/Pipeline.php(183): Illuminate\\Foundation\\Http\\Middleware\\PreventRequestsDuringMaintenance->handle()
#41 /home/lutxise/Projects/Lutxise/vendor/laravel/framework/src/Illuminate/Http/Middleware/HandleCors.php(49): Illuminate\\Pipeline\\Pipeline->Illuminate\\Pipeline\\{closure}()
#42 /home/lutxise/Projects/Lutxise/vendor/laravel/framework/src/Illuminate/Pipeline/Pipeline.php(183): Illuminate\\Http\\Middleware\\HandleCors->handle()
#43 /home/lutxise/Projects/Lutxise/vendor/laravel/framework/src/Illuminate/Http/Middleware/TrustProxies.php(58): Illuminate\\Pipeline\\Pipeline->Illuminate\\Pipeline\\{closure}()
#44 /home/lutxise/Projects/Lutxise/vendor/laravel/framework/src/Illuminate/Pipeline/Pipeline.php(183): Illuminate\\Http\\Middleware\\TrustProxies->handle()
#45 /home/lutxise/Projects/Lutxise/vendor/laravel/framework/src/Illuminate/Foundation/Http/Middleware/InvokeDeferredCallbacks.php(22): Illuminate\\Pipeline\\Pipeline->Illuminate\\Pipeline\\{closure}()
#46 /home/lutxise/Projects/Lutxise/vendor/laravel/framework/src/Illuminate/Pipeline/Pipeline.php(183): Illuminate\\Foundation\\Http\\Middleware\\InvokeDeferredCallbacks->handle()
#47 /home/lutxise/Projects/Lutxise/vendor/laravel/framework/src/Illuminate/Pipeline/Pipeline.php(119): Illuminate\\Pipeline\\Pipeline->Illuminate\\Pipeline\\{closure}()
#48 /home/lutxise/Projects/Lutxise/vendor/laravel/framework/src/Illuminate/Foundation/Http/Kernel.php(176): Illuminate\\Pipeline\\Pipeline->then()
#49 /home/lutxise/Projects/Lutxise/vendor/laravel/framework/src/Illuminate/Foundation/Http/Kernel.php(145): Illuminate\\Foundation\\Http\\Kernel->sendRequestThroughRouter()
#50 /home/lutxise/Projects/Lutxise/vendor/laravel/framework/src/Illuminate/Foundation/Application.php(1190): Illuminate\\Foundation\\Http\\Kernel->handle()
#51 /home/lutxise/Projects/Lutxise/public/index.php(17): Illuminate\\Foundation\\Application->handleRequest()
#52 /home/lutxise/Projects/Lutxise/vendor/laravel/framework/src/Illuminate/Foundation/resources/server.php(23): require_once('...')
#53 {main}

[previous exception] [object] (PDOException(code: 1698): SQLSTATE[HY000] [1698] Access denied for user 'root'@'localhost' at /home/lutxise/Projects/Lutxise/vendor/laravel/framework/src/Illuminate/Database/Connectors/Connector.php:66)
[stacktrace]
#0 /home/lutxise/Projects/Lutxise/vendor/laravel/framework/src/Illuminate/Database/Connectors/Connector.php(66): PDO->__construct()
#1 /home/lutxise/Projects/Lutxise/vendor/laravel/framework/src/Illuminate/Database/Connectors/Connector.php(44): Illuminate\\Database\\Connectors\\Connector->createPdoConnection()
#2 /home/lutxise/Projects/Lutxise/vendor/laravel/framework/src/Illuminate/Database/Connectors/MySqlConnector.php(24): Illuminate\\Database\\Connectors\\Connector->createConnection()
#3 /home/lutxise/Projects/Lutxise/vendor/laravel/framework/src/Illuminate/Database/Connectors/ConnectionFactory.php(185): Illuminate\\Database\\Connectors\\MySqlConnector->connect()
#4 [internal function]: Illuminate\\Database\\Connectors\\ConnectionFactory->Illuminate\\Database\\Connectors\\{closure}()
#5 /home/lutxise/Projects/Lutxise/vendor/laravel/framework/src/Illuminate/Database/Connection.php(1231): call_user_func()
#6 /home/lutxise/Projects/Lutxise/vendor/laravel/framework/src/Illuminate/Database/Connection.php(1267): Illuminate\\Database\\Connection->getPdo()
#7 /home/lutxise/Projects/Lutxise/vendor/laravel/framework/src/Illuminate/Database/Connection.php(512): Illuminate\\Database\\Connection->getReadPdo()
#8 /home/lutxise/Projects/Lutxise/vendor/laravel/framework/src/Illuminate/Database/Connection.php(407): Illuminate\\Database\\Connection->getPdoForSelect()
#9 /home/lutxise/Projects/Lutxise/vendor/laravel/framework/src/Illuminate/Database/Connection.php(812): Illuminate\\Database\\Connection->Illuminate\\Database\\{closure}()
#10 /home/lutxise/Projects/Lutxise/vendor/laravel/framework/src/Illuminate/Database/Connection.php(779): Illuminate\\Database\\Connection->runQueryCallback()
#11 /home/lutxise/Projects/Lutxise/vendor/laravel/framework/src/Illuminate/Database/Connection.php(398): Illuminate\\Database\\Connection->run()
#12 /home/lutxise/Projects/Lutxise/vendor/laravel/framework/src/Illuminate/Database/Query/Builder.php(3133): Illuminate\\Database\\Connection->select()
#13 /home/lutxise/Projects/Lutxise/vendor/laravel/framework/src/Illuminate/Database/Query/Builder.php(3118): Illuminate\\Database\\Query\\Builder->runSelect()
#14 /home/lutxise/Projects/Lutxise/vendor/laravel/framework/src/Illuminate/Database/Query/Builder.php(3706): Illuminate\\Database\\Query\\Builder->Illuminate\\Database\\Query\\{closure}()
#15 /home/lutxise/Projects/Lutxise/vendor/laravel/framework/src/Illuminate/Database/Query/Builder.php(3117): Illuminate\\Database\\Query\\Builder->onceWithColumns()
#16 /home/lutxise/Projects/Lutxise/vendor/laravel/framework/src/Illuminate/Database/Concerns/BuildsQueries.php(344): Illuminate\\Database\\Query\\Builder->get()
#17 /home/lutxise/Projects/Lutxise/vendor/laravel/framework/src/Illuminate/Database/Query/Builder.php(3038): Illuminate\\Database\\Query\\Builder->first()
#18 /home/lutxise/Projects/Lutxise/vendor/laravel/framework/src/Illuminate/Session/DatabaseSessionHandler.php(97): Illuminate\\Database\\Query\\Builder->find()
#19 /home/lutxise/Projects/Lutxise/vendor/laravel/framework/src/Illuminate/Session/Store.php(116): Illuminate\\Session\\DatabaseSessionHandler->read()
#20 /home/lutxise/Projects/Lutxise/vendor/laravel/framework/src/Illuminate/Session/Store.php(104): Illuminate\\Session\\Store->readFromHandler()
#21 /home/lutxise/Projects/Lutxise/vendor/laravel/framework/src/Illuminate/Session/Store.php(88): Illuminate\\Session\\Store->loadSession()
#22 /home/lutxise/Projects/Lutxise/vendor/laravel/framework/src/Illuminate/Session/Middleware/StartSession.php(147): Illuminate\\Session\\Store->start()
#23 /home/lutxise/Projects/Lutxise/vendor/laravel/framework/src/Illuminate/Support/helpers.php(399): Illuminate\\Session\\Middleware\\StartSession->Illuminate\\Session\\Middleware\\{closure}()
#24 /home/lutxise/Projects/Lutxise/vendor/laravel/framework/src/Illuminate/Session/Middleware/StartSession.php(144): tap()
#25 /home/lutxise/Projects/Lutxise/vendor/laravel/framework/src/Illuminate/Session/Middleware/StartSession.php(116): Illuminate\\Session\\Middleware\\StartSession->startSession()
#26 /home/lutxise/Projects/Lutxise/vendor/laravel/framework/src/Illuminate/Session/Middleware/StartSession.php(64): Illuminate\\Session\\Middleware\\StartSession->handleStatefulRequest()
#27 /home/lutxise/Projects/Lutxise/vendor/laravel/framework/src/Illuminate/Pipeline/Pipeline.php(183): Illuminate\\Session\\Middleware\\StartSession->handle()
#28 /home/lutxise/Projects/Lutxise/vendor/laravel/framework/src/Illuminate/Cookie/Middleware/AddQueuedCookiesToResponse.php(37): Illuminate\\Pipeline\\Pipeline->Illuminate\\Pipeline\\{closure}()
#29 /home/lutxise/Projects/Lutxise/vendor/laravel/framework/src/Illuminate/Pipeline/Pipeline.php(183): Illuminate\\Cookie\\Middleware\\AddQueuedCookiesToResponse->handle()
#30 /home/lutxise/Projects/Lutxise/vendor/laravel/framework/src/Illuminate/Cookie/Middleware/EncryptCookies.php(75): Illuminate\\Pipeline\\Pipeline->Illuminate\\Pipeline\\{closure}()
#31 /home/lutxise/Projects/Lutxise/vendor/laravel/framework/src/Illuminate/Pipeline/Pipeline.php(183): Illuminate\\Cookie\\Middleware\\EncryptCookies->handle()
#32 /home/lutxise/Projects/Lutxise/vendor/laravel/framework/src/Illuminate/Pipeline/Pipeline.php(119): Illuminate\\Pipeline\\Pipeline->Illuminate\\Pipeline\\{closure}()
#33 /home/lutxise/Projects/Lutxise/vendor/laravel/framework/src/Illuminate/Routing/Router.php(807): Illuminate\\Pipeline\\Pipeline->then()
#34 /home/lutxise/Projects/Lutxise/vendor/laravel/framework/src/Illuminate/Routing/Router.php(786): Illuminate\\Routing\\Router->runRouteWithinStack()
#35 /home/lutxise/Projects/Lutxise/vendor/laravel/framework/src/Illuminate/Routing/Router.php(750): Illuminate\\Routing\\Router->runRoute()
#36 /home/lutxise/Projects/Lutxise/vendor/laravel/framework/src/Illuminate/Routing/Router.php(739): Illuminate\\Routing\\Router->dispatchToRoute()
#37 /home/lutxise/Projects/Lutxise/vendor/laravel/framework/src/Illuminate/Foundation/Http/Kernel.php(201): Illuminate\\Routing\\Router->dispatch()
#38 /home/lutxise/Projects/Lutxise/vendor/laravel/framework/src/Illuminate/Pipeline/Pipeline.php(144): Illuminate\\Foundation\\Http\\Kernel->Illuminate\\Foundation\\Http\\{closure}()
#39 /home/lutxise/Projects/Lutxise/vendor/livewire/livewire/src/Features/SupportDisablingBackButtonCache/DisableBackButtonCacheMiddleware.php(19): Illuminate\\Pipeline\\Pipeline->Illuminate\\Pipeline\\{closure}()
#40 /home/lutxise/Projects/Lutxise/vendor/laravel/framework/src/Illuminate/Pipeline/Pipeline.php(183): Livewire\\Features\\SupportDisablingBackButtonCache\\DisableBackButtonCacheMiddleware->handle()
#41 /home/lutxise/Projects/Lutxise/vendor/laravel/framework/src/Illuminate/Foundation/Http/Middleware/TransformsRequest.php(21): Illuminate\\Pipeline\\Pipeline->Illuminate\\Pipeline\\{closure}()
#42 /home/lutxise/Projects/Lutxise/vendor/laravel/framework/src/Illuminate/Foundation/Http/Middleware/ConvertEmptyStringsToNull.php(31): Illuminate\\Foundation\\Http\\Middleware\\TransformsRequest->handle()
#43 /home/lutxise/Projects/Lutxise/vendor/laravel/framework/src/Illuminate/Pipeline/Pipeline.php(183): Illuminate\\Foundation\\Http\\Middleware\\ConvertEmptyStringsToNull->handle()
#44 /home/lutxise/Projects/Lutxise/vendor/laravel/framework/src/Illuminate/Foundation/Http/Middleware/TransformsRequest.php(21): Illuminate\\Pipeline\\Pipeline->Illuminate\\Pipeline\\{closure}()
#45 /home/lutxise/Projects/Lutxise/vendor/laravel/framework/src/Illuminate/Foundation/Http/Middleware/TrimStrings.php(51): Illuminate\\Foundation\\Http\\Middleware\\TransformsRequest->handle()
#46 /home/lutxise/Projects/Lutxise/vendor/laravel/framework/src/Illuminate/Pipeline/Pipeline.php(183): Illuminate\\Foundation\\Http\\Middleware\\TrimStrings->handle()
#47 /home/lutxise/Projects/Lutxise/vendor/laravel/framework/src/Illuminate/Http/Middleware/ValidatePostSize.php(27): Illuminate\\Pipeline\\Pipeline->Illuminate\\Pipeline\\{closure}()
#48 /home/lutxise/Projects/Lutxise/vendor/laravel/framework/src/Illuminate/Pipeline/Pipeline.php(183): Illuminate\\Http\\Middleware\\ValidatePostSize->handle()
#49 /home/lutxise/Projects/Lutxise/vendor/laravel/framework/src/Illuminate/Foundation/Http/Middleware/PreventRequestsDuringMaintenance.php(110): Illuminate\\Pipeline\\Pipeline->Illuminate\\Pipeline\\{closure}()
#50 /home/lutxise/Projects/Lutxise/vendor/laravel/framework/src/Illuminate/Pipeline/Pipeline.php(183): Illuminate\\Foundation\\Http\\Middleware\\PreventRequestsDuringMaintenance->handle()
#51 /home/lutxise/Projects/Lutxise/vendor/laravel/framework/src/Illuminate/Http/Middleware/HandleCors.php(49): Illuminate\\Pipeline\\Pipeline->Illuminate\\Pipeline\\{closure}()
#52 /home/lutxise/Projects/Lutxise/vendor/laravel/framework/src/Illuminate/Pipeline/Pipeline.php(183): Illuminate\\Http\\Middleware\\HandleCors->handle()
#53 /home/lutxise/Projects/Lutxise/vendor/laravel/framework/src/Illuminate/Http/Middleware/TrustProxies.php(58): Illuminate\\Pipeline\\Pipeline->Illuminate\\Pipeline\\{closure}()
#54 /home/lutxise/Projects/Lutxise/vendor/laravel/framework/src/Illuminate/Pipeline/Pipeline.php(183): Illuminate\\Http\\Middleware\\TrustProxies->handle()
#55 /home/lutxise/Projects/Lutxise/vendor/laravel/framework/src/Illuminate/Foundation/Http/Middleware/InvokeDeferredCallbacks.php(22): Illuminate\\Pipeline\\Pipeline->Illuminate\\Pipeline\\{closure}()
#56 /home/lutxise/Projects/Lutxise/vendor/laravel/framework/src/Illuminate/Pipeline/Pipeline.php(183): Illuminate\\Foundation\\Http\\Middleware\\InvokeDeferredCallbacks->handle()
#57 /home/lutxise/Projects/Lutxise/vendor/laravel/framework/src/Illuminate/Pipeline/Pipeline.php(119): Illuminate\\Pipeline\\Pipeline->Illuminate\\Pipeline\\{closure}()
#58 /home/lutxise/Projects/Lutxise/vendor/laravel/framework/src/Illuminate/Foundation/Http/Kernel.php(176): Illuminate\\Pipeline\\Pipeline->then()
#59 /home/lutxise/Projects/Lutxise/vendor/laravel/framework/src/Illuminate/Foundation/Http/Kernel.php(145): Illuminate\\Foundation\\Http\\Kernel->sendRequestThroughRouter()
#60 /home/lutxise/Projects/Lutxise/vendor/laravel/framework/src/Illuminate/Foundation/Application.php(1190): Illuminate\\Foundation\\Http\\Kernel->handle()
#61 /home/lutxise/Projects/Lutxise/public/index.php(17): Illuminate\\Foundation\\Application->handleRequest()
#62 /home/lutxise/Projects/Lutxise/vendor/laravel/framework/src/Illuminate/Foundation/resources/server.php(23): require_once('...')
#63 {main}
"} 
[2025-01-13 00:49:43] local.ERROR: SQLSTATE[HY000] [1698] Access denied for user 'root'@'localhost' (Connection: mysql, SQL: select * from `sessions` where `id` = f8GfcnwCx3jAk9W9gQNWDsi9s94jK9kuyP2Ynrlz limit 1) {"exception":"[object] (Illuminate\\Database\\QueryException(code: 1698): SQLSTATE[HY000] [1698] Access denied for user 'root'@'localhost' (Connection: mysql, SQL: select * from `sessions` where `id` = f8GfcnwCx3jAk9W9gQNWDsi9s94jK9kuyP2Ynrlz limit 1) at /home/lutxise/Projects/Lutxise/vendor/laravel/framework/src/Illuminate/Database/Connection.php:825)
[stacktrace]
#0 /home/lutxise/Projects/Lutxise/vendor/laravel/framework/src/Illuminate/Database/Connection.php(779): Illuminate\\Database\\Connection->runQueryCallback()
#1 /home/lutxise/Projects/Lutxise/vendor/laravel/framework/src/Illuminate/Database/Connection.php(398): Illuminate\\Database\\Connection->run()
#2 /home/lutxise/Projects/Lutxise/vendor/laravel/framework/src/Illuminate/Database/Query/Builder.php(3133): Illuminate\\Database\\Connection->select()
#3 /home/lutxise/Projects/Lutxise/vendor/laravel/framework/src/Illuminate/Database/Query/Builder.php(3118): Illuminate\\Database\\Query\\Builder->runSelect()
#4 /home/lutxise/Projects/Lutxise/vendor/laravel/framework/src/Illuminate/Database/Query/Builder.php(3706): Illuminate\\Database\\Query\\Builder->Illuminate\\Database\\Query\\{closure}()
#5 /home/lutxise/Projects/Lutxise/vendor/laravel/framework/src/Illuminate/Database/Query/Builder.php(3117): Illuminate\\Database\\Query\\Builder->onceWithColumns()
#6 /home/lutxise/Projects/Lutxise/vendor/laravel/framework/src/Illuminate/Database/Concerns/BuildsQueries.php(344): Illuminate\\Database\\Query\\Builder->get()
#7 /home/lutxise/Projects/Lutxise/vendor/laravel/framework/src/Illuminate/Database/Query/Builder.php(3038): Illuminate\\Database\\Query\\Builder->first()
#8 /home/lutxise/Projects/Lutxise/vendor/laravel/framework/src/Illuminate/Session/DatabaseSessionHandler.php(97): Illuminate\\Database\\Query\\Builder->find()
#9 /home/lutxise/Projects/Lutxise/vendor/laravel/framework/src/Illuminate/Session/Store.php(116): Illuminate\\Session\\DatabaseSessionHandler->read()
#10 /home/lutxise/Projects/Lutxise/vendor/laravel/framework/src/Illuminate/Session/Store.php(104): Illuminate\\Session\\Store->readFromHandler()
#11 /home/lutxise/Projects/Lutxise/vendor/laravel/framework/src/Illuminate/Session/Store.php(88): Illuminate\\Session\\Store->loadSession()
#12 /home/lutxise/Projects/Lutxise/vendor/laravel/framework/src/Illuminate/Session/Middleware/StartSession.php(147): Illuminate\\Session\\Store->start()
#13 /home/lutxise/Projects/Lutxise/vendor/laravel/framework/src/Illuminate/Support/helpers.php(399): Illuminate\\Session\\Middleware\\StartSession->Illuminate\\Session\\Middleware\\{closure}()
#14 /home/lutxise/Projects/Lutxise/vendor/laravel/framework/src/Illuminate/Session/Middleware/StartSession.php(144): tap()
#15 /home/lutxise/Projects/Lutxise/vendor/laravel/framework/src/Illuminate/Session/Middleware/StartSession.php(116): Illuminate\\Session\\Middleware\\StartSession->startSession()
#16 /home/lutxise/Projects/Lutxise/vendor/laravel/framework/src/Illuminate/Session/Middleware/StartSession.php(64): Illuminate\\Session\\Middleware\\StartSession->handleStatefulRequest()
#17 /home/lutxise/Projects/Lutxise/vendor/laravel/framework/src/Illuminate/Pipeline/Pipeline.php(183): Illuminate\\Session\\Middleware\\StartSession->handle()
#18 /home/lutxise/Projects/Lutxise/vendor/laravel/framework/src/Illuminate/Cookie/Middleware/AddQueuedCookiesToResponse.php(37): Illuminate\\Pipeline\\Pipeline->Illuminate\\Pipeline\\{closure}()
#19 /home/lutxise/Projects/Lutxise/vendor/laravel/framework/src/Illuminate/Pipeline/Pipeline.php(183): Illuminate\\Cookie\\Middleware\\AddQueuedCookiesToResponse->handle()
#20 /home/lutxise/Projects/Lutxise/vendor/laravel/framework/src/Illuminate/Cookie/Middleware/EncryptCookies.php(75): Illuminate\\Pipeline\\Pipeline->Illuminate\\Pipeline\\{closure}()
#21 /home/lutxise/Projects/Lutxise/vendor/laravel/framework/src/Illuminate/Pipeline/Pipeline.php(183): Illuminate\\Cookie\\Middleware\\EncryptCookies->handle()
#22 /home/lutxise/Projects/Lutxise/vendor/laravel/framework/src/Illuminate/Pipeline/Pipeline.php(119): Illuminate\\Pipeline\\Pipeline->Illuminate\\Pipeline\\{closure}()
#23 /home/lutxise/Projects/Lutxise/vendor/laravel/framework/src/Illuminate/Routing/Router.php(807): Illuminate\\Pipeline\\Pipeline->then()
#24 /home/lutxise/Projects/Lutxise/vendor/laravel/framework/src/Illuminate/Routing/Router.php(786): Illuminate\\Routing\\Router->runRouteWithinStack()
#25 /home/lutxise/Projects/Lutxise/vendor/laravel/framework/src/Illuminate/Routing/Router.php(750): Illuminate\\Routing\\Router->runRoute()
#26 /home/lutxise/Projects/Lutxise/vendor/laravel/framework/src/Illuminate/Routing/Router.php(739): Illuminate\\Routing\\Router->dispatchToRoute()
#27 /home/lutxise/Projects/Lutxise/vendor/laravel/framework/src/Illuminate/Foundation/Http/Kernel.php(201): Illuminate\\Routing\\Router->dispatch()
#28 /home/lutxise/Projects/Lutxise/vendor/laravel/framework/src/Illuminate/Pipeline/Pipeline.php(144): Illuminate\\Foundation\\Http\\Kernel->Illuminate\\Foundation\\Http\\{closure}()
#29 /home/lutxise/Projects/Lutxise/vendor/livewire/livewire/src/Features/SupportDisablingBackButtonCache/DisableBackButtonCacheMiddleware.php(19): Illuminate\\Pipeline\\Pipeline->Illuminate\\Pipeline\\{closure}()
#30 /home/lutxise/Projects/Lutxise/vendor/laravel/framework/src/Illuminate/Pipeline/Pipeline.php(183): Livewire\\Features\\SupportDisablingBackButtonCache\\DisableBackButtonCacheMiddleware->handle()
#31 /home/lutxise/Projects/Lutxise/vendor/laravel/framework/src/Illuminate/Foundation/Http/Middleware/TransformsRequest.php(21): Illuminate\\Pipeline\\Pipeline->Illuminate\\Pipeline\\{closure}()
#32 /home/lutxise/Projects/Lutxise/vendor/laravel/framework/src/Illuminate/Foundation/Http/Middleware/ConvertEmptyStringsToNull.php(31): Illuminate\\Foundation\\Http\\Middleware\\TransformsRequest->handle()
#33 /home/lutxise/Projects/Lutxise/vendor/laravel/framework/src/Illuminate/Pipeline/Pipeline.php(183): Illuminate\\Foundation\\Http\\Middleware\\ConvertEmptyStringsToNull->handle()
#34 /home/lutxise/Projects/Lutxise/vendor/laravel/framework/src/Illuminate/Foundation/Http/Middleware/TransformsRequest.php(21): Illuminate\\Pipeline\\Pipeline->Illuminate\\Pipeline\\{closure}()
#35 /home/lutxise/Projects/Lutxise/vendor/laravel/framework/src/Illuminate/Foundation/Http/Middleware/TrimStrings.php(51): Illuminate\\Foundation\\Http\\Middleware\\TransformsRequest->handle()
#36 /home/lutxise/Projects/Lutxise/vendor/laravel/framework/src/Illuminate/Pipeline/Pipeline.php(183): Illuminate\\Foundation\\Http\\Middleware\\TrimStrings->handle()
#37 /home/lutxise/Projects/Lutxise/vendor/laravel/framework/src/Illuminate/Http/Middleware/ValidatePostSize.php(27): Illuminate\\Pipeline\\Pipeline->Illuminate\\Pipeline\\{closure}()
#38 /home/lutxise/Projects/Lutxise/vendor/laravel/framework/src/Illuminate/Pipeline/Pipeline.php(183): Illuminate\\Http\\Middleware\\ValidatePostSize->handle()
#39 /home/lutxise/Projects/Lutxise/vendor/laravel/framework/src/Illuminate/Foundation/Http/Middleware/PreventRequestsDuringMaintenance.php(110): Illuminate\\Pipeline\\Pipeline->Illuminate\\Pipeline\\{closure}()
#40 /home/lutxise/Projects/Lutxise/vendor/laravel/framework/src/Illuminate/Pipeline/Pipeline.php(183): Illuminate\\Foundation\\Http\\Middleware\\PreventRequestsDuringMaintenance->handle()
#41 /home/lutxise/Projects/Lutxise/vendor/laravel/framework/src/Illuminate/Http/Middleware/HandleCors.php(49): Illuminate\\Pipeline\\Pipeline->Illuminate\\Pipeline\\{closure}()
#42 /home/lutxise/Projects/Lutxise/vendor/laravel/framework/src/Illuminate/Pipeline/Pipeline.php(183): Illuminate\\Http\\Middleware\\HandleCors->handle()
#43 /home/lutxise/Projects/Lutxise/vendor/laravel/framework/src/Illuminate/Http/Middleware/TrustProxies.php(58): Illuminate\\Pipeline\\Pipeline->Illuminate\\Pipeline\\{closure}()
#44 /home/lutxise/Projects/Lutxise/vendor/laravel/framework/src/Illuminate/Pipeline/Pipeline.php(183): Illuminate\\Http\\Middleware\\TrustProxies->handle()
#45 /home/lutxise/Projects/Lutxise/vendor/laravel/framework/src/Illuminate/Foundation/Http/Middleware/InvokeDeferredCallbacks.php(22): Illuminate\\Pipeline\\Pipeline->Illuminate\\Pipeline\\{closure}()
#46 /home/lutxise/Projects/Lutxise/vendor/laravel/framework/src/Illuminate/Pipeline/Pipeline.php(183): Illuminate\\Foundation\\Http\\Middleware\\InvokeDeferredCallbacks->handle()
#47 /home/lutxise/Projects/Lutxise/vendor/laravel/framework/src/Illuminate/Pipeline/Pipeline.php(119): Illuminate\\Pipeline\\Pipeline->Illuminate\\Pipeline\\{closure}()
#48 /home/lutxise/Projects/Lutxise/vendor/laravel/framework/src/Illuminate/Foundation/Http/Kernel.php(176): Illuminate\\Pipeline\\Pipeline->then()
#49 /home/lutxise/Projects/Lutxise/vendor/laravel/framework/src/Illuminate/Foundation/Http/Kernel.php(145): Illuminate\\Foundation\\Http\\Kernel->sendRequestThroughRouter()
#50 /home/lutxise/Projects/Lutxise/vendor/laravel/framework/src/Illuminate/Foundation/Application.php(1190): Illuminate\\Foundation\\Http\\Kernel->handle()
#51 /home/lutxise/Projects/Lutxise/public/index.php(17): Illuminate\\Foundation\\Application->handleRequest()
#52 /home/lutxise/Projects/Lutxise/vendor/laravel/framework/src/Illuminate/Foundation/resources/server.php(23): require_once('...')
#53 {main}

[previous exception] [object] (PDOException(code: 1698): SQLSTATE[HY000] [1698] Access denied for user 'root'@'localhost' at /home/lutxise/Projects/Lutxise/vendor/laravel/framework/src/Illuminate/Database/Connectors/Connector.php:66)
[stacktrace]
#0 /home/lutxise/Projects/Lutxise/vendor/laravel/framework/src/Illuminate/Database/Connectors/Connector.php(66): PDO->__construct()
#1 /home/lutxise/Projects/Lutxise/vendor/laravel/framework/src/Illuminate/Database/Connectors/Connector.php(44): Illuminate\\Database\\Connectors\\Connector->createPdoConnection()
#2 /home/lutxise/Projects/Lutxise/vendor/laravel/framework/src/Illuminate/Database/Connectors/MySqlConnector.php(24): Illuminate\\Database\\Connectors\\Connector->createConnection()
#3 /home/lutxise/Projects/Lutxise/vendor/laravel/framework/src/Illuminate/Database/Connectors/ConnectionFactory.php(185): Illuminate\\Database\\Connectors\\MySqlConnector->connect()
#4 [internal function]: Illuminate\\Database\\Connectors\\ConnectionFactory->Illuminate\\Database\\Connectors\\{closure}()
#5 /home/lutxise/Projects/Lutxise/vendor/laravel/framework/src/Illuminate/Database/Connection.php(1231): call_user_func()
#6 /home/lutxise/Projects/Lutxise/vendor/laravel/framework/src/Illuminate/Database/Connection.php(1267): Illuminate\\Database\\Connection->getPdo()
#7 /home/lutxise/Projects/Lutxise/vendor/laravel/framework/src/Illuminate/Database/Connection.php(512): Illuminate\\Database\\Connection->getReadPdo()
#8 /home/lutxise/Projects/Lutxise/vendor/laravel/framework/src/Illuminate/Database/Connection.php(407): Illuminate\\Database\\Connection->getPdoForSelect()
#9 /home/lutxise/Projects/Lutxise/vendor/laravel/framework/src/Illuminate/Database/Connection.php(812): Illuminate\\Database\\Connection->Illuminate\\Database\\{closure}()
#10 /home/lutxise/Projects/Lutxise/vendor/laravel/framework/src/Illuminate/Database/Connection.php(779): Illuminate\\Database\\Connection->runQueryCallback()
#11 /home/lutxise/Projects/Lutxise/vendor/laravel/framework/src/Illuminate/Database/Connection.php(398): Illuminate\\Database\\Connection->run()
#12 /home/lutxise/Projects/Lutxise/vendor/laravel/framework/src/Illuminate/Database/Query/Builder.php(3133): Illuminate\\Database\\Connection->select()
#13 /home/lutxise/Projects/Lutxise/vendor/laravel/framework/src/Illuminate/Database/Query/Builder.php(3118): Illuminate\\Database\\Query\\Builder->runSelect()
#14 /home/lutxise/Projects/Lutxise/vendor/laravel/framework/src/Illuminate/Database/Query/Builder.php(3706): Illuminate\\Database\\Query\\Builder->Illuminate\\Database\\Query\\{closure}()
#15 /home/lutxise/Projects/Lutxise/vendor/laravel/framework/src/Illuminate/Database/Query/Builder.php(3117): Illuminate\\Database\\Query\\Builder->onceWithColumns()
#16 /home/lutxise/Projects/Lutxise/vendor/laravel/framework/src/Illuminate/Database/Concerns/BuildsQueries.php(344): Illuminate\\Database\\Query\\Builder->get()
#17 /home/lutxise/Projects/Lutxise/vendor/laravel/framework/src/Illuminate/Database/Query/Builder.php(3038): Illuminate\\Database\\Query\\Builder->first()
#18 /home/lutxise/Projects/Lutxise/vendor/laravel/framework/src/Illuminate/Session/DatabaseSessionHandler.php(97): Illuminate\\Database\\Query\\Builder->find()
#19 /home/lutxise/Projects/Lutxise/vendor/laravel/framework/src/Illuminate/Session/Store.php(116): Illuminate\\Session\\DatabaseSessionHandler->read()
#20 /home/lutxise/Projects/Lutxise/vendor/laravel/framework/src/Illuminate/Session/Store.php(104): Illuminate\\Session\\Store->readFromHandler()
#21 /home/lutxise/Projects/Lutxise/vendor/laravel/framework/src/Illuminate/Session/Store.php(88): Illuminate\\Session\\Store->loadSession()
#22 /home/lutxise/Projects/Lutxise/vendor/laravel/framework/src/Illuminate/Session/Middleware/StartSession.php(147): Illuminate\\Session\\Store->start()
#23 /home/lutxise/Projects/Lutxise/vendor/laravel/framework/src/Illuminate/Support/helpers.php(399): Illuminate\\Session\\Middleware\\StartSession->Illuminate\\Session\\Middleware\\{closure}()
#24 /home/lutxise/Projects/Lutxise/vendor/laravel/framework/src/Illuminate/Session/Middleware/StartSession.php(144): tap()
#25 /home/lutxise/Projects/Lutxise/vendor/laravel/framework/src/Illuminate/Session/Middleware/StartSession.php(116): Illuminate\\Session\\Middleware\\StartSession->startSession()
#26 /home/lutxise/Projects/Lutxise/vendor/laravel/framework/src/Illuminate/Session/Middleware/StartSession.php(64): Illuminate\\Session\\Middleware\\StartSession->handleStatefulRequest()
#27 /home/lutxise/Projects/Lutxise/vendor/laravel/framework/src/Illuminate/Pipeline/Pipeline.php(183): Illuminate\\Session\\Middleware\\StartSession->handle()
#28 /home/lutxise/Projects/Lutxise/vendor/laravel/framework/src/Illuminate/Cookie/Middleware/AddQueuedCookiesToResponse.php(37): Illuminate\\Pipeline\\Pipeline->Illuminate\\Pipeline\\{closure}()
#29 /home/lutxise/Projects/Lutxise/vendor/laravel/framework/src/Illuminate/Pipeline/Pipeline.php(183): Illuminate\\Cookie\\Middleware\\AddQueuedCookiesToResponse->handle()
#30 /home/lutxise/Projects/Lutxise/vendor/laravel/framework/src/Illuminate/Cookie/Middleware/EncryptCookies.php(75): Illuminate\\Pipeline\\Pipeline->Illuminate\\Pipeline\\{closure}()
#31 /home/lutxise/Projects/Lutxise/vendor/laravel/framework/src/Illuminate/Pipeline/Pipeline.php(183): Illuminate\\Cookie\\Middleware\\EncryptCookies->handle()
#32 /home/lutxise/Projects/Lutxise/vendor/laravel/framework/src/Illuminate/Pipeline/Pipeline.php(119): Illuminate\\Pipeline\\Pipeline->Illuminate\\Pipeline\\{closure}()
#33 /home/lutxise/Projects/Lutxise/vendor/laravel/framework/src/Illuminate/Routing/Router.php(807): Illuminate\\Pipeline\\Pipeline->then()
#34 /home/lutxise/Projects/Lutxise/vendor/laravel/framework/src/Illuminate/Routing/Router.php(786): Illuminate\\Routing\\Router->runRouteWithinStack()
#35 /home/lutxise/Projects/Lutxise/vendor/laravel/framework/src/Illuminate/Routing/Router.php(750): Illuminate\\Routing\\Router->runRoute()
#36 /home/lutxise/Projects/Lutxise/vendor/laravel/framework/src/Illuminate/Routing/Router.php(739): Illuminate\\Routing\\Router->dispatchToRoute()
#37 /home/lutxise/Projects/Lutxise/vendor/laravel/framework/src/Illuminate/Foundation/Http/Kernel.php(201): Illuminate\\Routing\\Router->dispatch()
#38 /home/lutxise/Projects/Lutxise/vendor/laravel/framework/src/Illuminate/Pipeline/Pipeline.php(144): Illuminate\\Foundation\\Http\\Kernel->Illuminate\\Foundation\\Http\\{closure}()
#39 /home/lutxise/Projects/Lutxise/vendor/livewire/livewire/src/Features/SupportDisablingBackButtonCache/DisableBackButtonCacheMiddleware.php(19): Illuminate\\Pipeline\\Pipeline->Illuminate\\Pipeline\\{closure}()
#40 /home/lutxise/Projects/Lutxise/vendor/laravel/framework/src/Illuminate/Pipeline/Pipeline.php(183): Livewire\\Features\\SupportDisablingBackButtonCache\\DisableBackButtonCacheMiddleware->handle()
#41 /home/lutxise/Projects/Lutxise/vendor/laravel/framework/src/Illuminate/Foundation/Http/Middleware/TransformsRequest.php(21): Illuminate\\Pipeline\\Pipeline->Illuminate\\Pipeline\\{closure}()
#42 /home/lutxise/Projects/Lutxise/vendor/laravel/framework/src/Illuminate/Foundation/Http/Middleware/ConvertEmptyStringsToNull.php(31): Illuminate\\Foundation\\Http\\Middleware\\TransformsRequest->handle()
#43 /home/lutxise/Projects/Lutxise/vendor/laravel/framework/src/Illuminate/Pipeline/Pipeline.php(183): Illuminate\\Foundation\\Http\\Middleware\\ConvertEmptyStringsToNull->handle()
#44 /home/lutxise/Projects/Lutxise/vendor/laravel/framework/src/Illuminate/Foundation/Http/Middleware/TransformsRequest.php(21): Illuminate\\Pipeline\\Pipeline->Illuminate\\Pipeline\\{closure}()
#45 /home/lutxise/Projects/Lutxise/vendor/laravel/framework/src/Illuminate/Foundation/Http/Middleware/TrimStrings.php(51): Illuminate\\Foundation\\Http\\Middleware\\TransformsRequest->handle()
#46 /home/lutxise/Projects/Lutxise/vendor/laravel/framework/src/Illuminate/Pipeline/Pipeline.php(183): Illuminate\\Foundation\\Http\\Middleware\\TrimStrings->handle()
#47 /home/lutxise/Projects/Lutxise/vendor/laravel/framework/src/Illuminate/Http/Middleware/ValidatePostSize.php(27): Illuminate\\Pipeline\\Pipeline->Illuminate\\Pipeline\\{closure}()
#48 /home/lutxise/Projects/Lutxise/vendor/laravel/framework/src/Illuminate/Pipeline/Pipeline.php(183): Illuminate\\Http\\Middleware\\ValidatePostSize->handle()
#49 /home/lutxise/Projects/Lutxise/vendor/laravel/framework/src/Illuminate/Foundation/Http/Middleware/PreventRequestsDuringMaintenance.php(110): Illuminate\\Pipeline\\Pipeline->Illuminate\\Pipeline\\{closure}()
#50 /home/lutxise/Projects/Lutxise/vendor/laravel/framework/src/Illuminate/Pipeline/Pipeline.php(183): Illuminate\\Foundation\\Http\\Middleware\\PreventRequestsDuringMaintenance->handle()
#51 /home/lutxise/Projects/Lutxise/vendor/laravel/framework/src/Illuminate/Http/Middleware/HandleCors.php(49): Illuminate\\Pipeline\\Pipeline->Illuminate\\Pipeline\\{closure}()
#52 /home/lutxise/Projects/Lutxise/vendor/laravel/framework/src/Illuminate/Pipeline/Pipeline.php(183): Illuminate\\Http\\Middleware\\HandleCors->handle()
#53 /home/lutxise/Projects/Lutxise/vendor/laravel/framework/src/Illuminate/Http/Middleware/TrustProxies.php(58): Illuminate\\Pipeline\\Pipeline->Illuminate\\Pipeline\\{closure}()
#54 /home/lutxise/Projects/Lutxise/vendor/laravel/framework/src/Illuminate/Pipeline/Pipeline.php(183): Illuminate\\Http\\Middleware\\TrustProxies->handle()
#55 /home/lutxise/Projects/Lutxise/vendor/laravel/framework/src/Illuminate/Foundation/Http/Middleware/InvokeDeferredCallbacks.php(22): Illuminate\\Pipeline\\Pipeline->Illuminate\\Pipeline\\{closure}()
#56 /home/lutxise/Projects/Lutxise/vendor/laravel/framework/src/Illuminate/Pipeline/Pipeline.php(183): Illuminate\\Foundation\\Http\\Middleware\\InvokeDeferredCallbacks->handle()
#57 /home/lutxise/Projects/Lutxise/vendor/laravel/framework/src/Illuminate/Pipeline/Pipeline.php(119): Illuminate\\Pipeline\\Pipeline->Illuminate\\Pipeline\\{closure}()
#58 /home/lutxise/Projects/Lutxise/vendor/laravel/framework/src/Illuminate/Foundation/Http/Kernel.php(176): Illuminate\\Pipeline\\Pipeline->then()
#59 /home/lutxise/Projects/Lutxise/vendor/laravel/framework/src/Illuminate/Foundation/Http/Kernel.php(145): Illuminate\\Foundation\\Http\\Kernel->sendRequestThroughRouter()
#60 /home/lutxise/Projects/Lutxise/vendor/laravel/framework/src/Illuminate/Foundation/Application.php(1190): Illuminate\\Foundation\\Http\\Kernel->handle()
#61 /home/lutxise/Projects/Lutxise/public/index.php(17): Illuminate\\Foundation\\Application->handleRequest()
#62 /home/lutxise/Projects/Lutxise/vendor/laravel/framework/src/Illuminate/Foundation/resources/server.php(23): require_once('...')
#63 {main}
"} 
[2025-01-13 00:49:45] local.ERROR: SQLSTATE[HY000] [1698] Access denied for user 'root'@'localhost' (Connection: mysql, SQL: select * from `sessions` where `id` = FKyVfVFxQhfTgku3H3VdARUopTLSqJv0LyfN72Ic limit 1) {"exception":"[object] (Illuminate\\Database\\QueryException(code: 1698): SQLSTATE[HY000] [1698] Access denied for user 'root'@'localhost' (Connection: mysql, SQL: select * from `sessions` where `id` = FKyVfVFxQhfTgku3H3VdARUopTLSqJv0LyfN72Ic limit 1) at /home/lutxise/Projects/Lutxise/vendor/laravel/framework/src/Illuminate/Database/Connection.php:825)
[stacktrace]
#0 /home/lutxise/Projects/Lutxise/vendor/laravel/framework/src/Illuminate/Database/Connection.php(779): Illuminate\\Database\\Connection->runQueryCallback()
#1 /home/lutxise/Projects/Lutxise/vendor/laravel/framework/src/Illuminate/Database/Connection.php(398): Illuminate\\Database\\Connection->run()
#2 /home/lutxise/Projects/Lutxise/vendor/laravel/framework/src/Illuminate/Database/Query/Builder.php(3133): Illuminate\\Database\\Connection->select()
#3 /home/lutxise/Projects/Lutxise/vendor/laravel/framework/src/Illuminate/Database/Query/Builder.php(3118): Illuminate\\Database\\Query\\Builder->runSelect()
#4 /home/lutxise/Projects/Lutxise/vendor/laravel/framework/src/Illuminate/Database/Query/Builder.php(3706): Illuminate\\Database\\Query\\Builder->Illuminate\\Database\\Query\\{closure}()
#5 /home/lutxise/Projects/Lutxise/vendor/laravel/framework/src/Illuminate/Database/Query/Builder.php(3117): Illuminate\\Database\\Query\\Builder->onceWithColumns()
#6 /home/lutxise/Projects/Lutxise/vendor/laravel/framework/src/Illuminate/Database/Concerns/BuildsQueries.php(344): Illuminate\\Database\\Query\\Builder->get()
#7 /home/lutxise/Projects/Lutxise/vendor/laravel/framework/src/Illuminate/Database/Query/Builder.php(3038): Illuminate\\Database\\Query\\Builder->first()
#8 /home/lutxise/Projects/Lutxise/vendor/laravel/framework/src/Illuminate/Session/DatabaseSessionHandler.php(97): Illuminate\\Database\\Query\\Builder->find()
#9 /home/lutxise/Projects/Lutxise/vendor/laravel/framework/src/Illuminate/Session/Store.php(116): Illuminate\\Session\\DatabaseSessionHandler->read()
#10 /home/lutxise/Projects/Lutxise/vendor/laravel/framework/src/Illuminate/Session/Store.php(104): Illuminate\\Session\\Store->readFromHandler()
#11 /home/lutxise/Projects/Lutxise/vendor/laravel/framework/src/Illuminate/Session/Store.php(88): Illuminate\\Session\\Store->loadSession()
#12 /home/lutxise/Projects/Lutxise/vendor/laravel/framework/src/Illuminate/Session/Middleware/StartSession.php(147): Illuminate\\Session\\Store->start()
#13 /home/lutxise/Projects/Lutxise/vendor/laravel/framework/src/Illuminate/Support/helpers.php(399): Illuminate\\Session\\Middleware\\StartSession->Illuminate\\Session\\Middleware\\{closure}()
#14 /home/lutxise/Projects/Lutxise/vendor/laravel/framework/src/Illuminate/Session/Middleware/StartSession.php(144): tap()
#15 /home/lutxise/Projects/Lutxise/vendor/laravel/framework/src/Illuminate/Session/Middleware/StartSession.php(116): Illuminate\\Session\\Middleware\\StartSession->startSession()
#16 /home/lutxise/Projects/Lutxise/vendor/laravel/framework/src/Illuminate/Session/Middleware/StartSession.php(64): Illuminate\\Session\\Middleware\\StartSession->handleStatefulRequest()
#17 /home/lutxise/Projects/Lutxise/vendor/laravel/framework/src/Illuminate/Pipeline/Pipeline.php(183): Illuminate\\Session\\Middleware\\StartSession->handle()
#18 /home/lutxise/Projects/Lutxise/vendor/laravel/framework/src/Illuminate/Cookie/Middleware/AddQueuedCookiesToResponse.php(37): Illuminate\\Pipeline\\Pipeline->Illuminate\\Pipeline\\{closure}()
#19 /home/lutxise/Projects/Lutxise/vendor/laravel/framework/src/Illuminate/Pipeline/Pipeline.php(183): Illuminate\\Cookie\\Middleware\\AddQueuedCookiesToResponse->handle()
#20 /home/lutxise/Projects/Lutxise/vendor/laravel/framework/src/Illuminate/Cookie/Middleware/EncryptCookies.php(75): Illuminate\\Pipeline\\Pipeline->Illuminate\\Pipeline\\{closure}()
#21 /home/lutxise/Projects/Lutxise/vendor/laravel/framework/src/Illuminate/Pipeline/Pipeline.php(183): Illuminate\\Cookie\\Middleware\\EncryptCookies->handle()
#22 /home/lutxise/Projects/Lutxise/vendor/laravel/framework/src/Illuminate/Pipeline/Pipeline.php(119): Illuminate\\Pipeline\\Pipeline->Illuminate\\Pipeline\\{closure}()
#23 /home/lutxise/Projects/Lutxise/vendor/laravel/framework/src/Illuminate/Routing/Router.php(807): Illuminate\\Pipeline\\Pipeline->then()
#24 /home/lutxise/Projects/Lutxise/vendor/laravel/framework/src/Illuminate/Routing/Router.php(786): Illuminate\\Routing\\Router->runRouteWithinStack()
#25 /home/lutxise/Projects/Lutxise/vendor/laravel/framework/src/Illuminate/Routing/Router.php(750): Illuminate\\Routing\\Router->runRoute()
#26 /home/lutxise/Projects/Lutxise/vendor/laravel/framework/src/Illuminate/Routing/Router.php(739): Illuminate\\Routing\\Router->dispatchToRoute()
#27 /home/lutxise/Projects/Lutxise/vendor/laravel/framework/src/Illuminate/Foundation/Http/Kernel.php(201): Illuminate\\Routing\\Router->dispatch()
#28 /home/lutxise/Projects/Lutxise/vendor/laravel/framework/src/Illuminate/Pipeline/Pipeline.php(144): Illuminate\\Foundation\\Http\\Kernel->Illuminate\\Foundation\\Http\\{closure}()
#29 /home/lutxise/Projects/Lutxise/vendor/livewire/livewire/src/Features/SupportDisablingBackButtonCache/DisableBackButtonCacheMiddleware.php(19): Illuminate\\Pipeline\\Pipeline->Illuminate\\Pipeline\\{closure}()
#30 /home/lutxise/Projects/Lutxise/vendor/laravel/framework/src/Illuminate/Pipeline/Pipeline.php(183): Livewire\\Features\\SupportDisablingBackButtonCache\\DisableBackButtonCacheMiddleware->handle()
#31 /home/lutxise/Projects/Lutxise/vendor/laravel/framework/src/Illuminate/Foundation/Http/Middleware/TransformsRequest.php(21): Illuminate\\Pipeline\\Pipeline->Illuminate\\Pipeline\\{closure}()
#32 /home/lutxise/Projects/Lutxise/vendor/laravel/framework/src/Illuminate/Foundation/Http/Middleware/ConvertEmptyStringsToNull.php(31): Illuminate\\Foundation\\Http\\Middleware\\TransformsRequest->handle()
#33 /home/lutxise/Projects/Lutxise/vendor/laravel/framework/src/Illuminate/Pipeline/Pipeline.php(183): Illuminate\\Foundation\\Http\\Middleware\\ConvertEmptyStringsToNull->handle()
#34 /home/lutxise/Projects/Lutxise/vendor/laravel/framework/src/Illuminate/Foundation/Http/Middleware/TransformsRequest.php(21): Illuminate\\Pipeline\\Pipeline->Illuminate\\Pipeline\\{closure}()
#35 /home/lutxise/Projects/Lutxise/vendor/laravel/framework/src/Illuminate/Foundation/Http/Middleware/TrimStrings.php(51): Illuminate\\Foundation\\Http\\Middleware\\TransformsRequest->handle()
#36 /home/lutxise/Projects/Lutxise/vendor/laravel/framework/src/Illuminate/Pipeline/Pipeline.php(183): Illuminate\\Foundation\\Http\\Middleware\\TrimStrings->handle()
#37 /home/lutxise/Projects/Lutxise/vendor/laravel/framework/src/Illuminate/Http/Middleware/ValidatePostSize.php(27): Illuminate\\Pipeline\\Pipeline->Illuminate\\Pipeline\\{closure}()
#38 /home/lutxise/Projects/Lutxise/vendor/laravel/framework/src/Illuminate/Pipeline/Pipeline.php(183): Illuminate\\Http\\Middleware\\ValidatePostSize->handle()
#39 /home/lutxise/Projects/Lutxise/vendor/laravel/framework/src/Illuminate/Foundation/Http/Middleware/PreventRequestsDuringMaintenance.php(110): Illuminate\\Pipeline\\Pipeline->Illuminate\\Pipeline\\{closure}()
#40 /home/lutxise/Projects/Lutxise/vendor/laravel/framework/src/Illuminate/Pipeline/Pipeline.php(183): Illuminate\\Foundation\\Http\\Middleware\\PreventRequestsDuringMaintenance->handle()
#41 /home/lutxise/Projects/Lutxise/vendor/laravel/framework/src/Illuminate/Http/Middleware/HandleCors.php(49): Illuminate\\Pipeline\\Pipeline->Illuminate\\Pipeline\\{closure}()
#42 /home/lutxise/Projects/Lutxise/vendor/laravel/framework/src/Illuminate/Pipeline/Pipeline.php(183): Illuminate\\Http\\Middleware\\HandleCors->handle()
#43 /home/lutxise/Projects/Lutxise/vendor/laravel/framework/src/Illuminate/Http/Middleware/TrustProxies.php(58): Illuminate\\Pipeline\\Pipeline->Illuminate\\Pipeline\\{closure}()
#44 /home/lutxise/Projects/Lutxise/vendor/laravel/framework/src/Illuminate/Pipeline/Pipeline.php(183): Illuminate\\Http\\Middleware\\TrustProxies->handle()
#45 /home/lutxise/Projects/Lutxise/vendor/laravel/framework/src/Illuminate/Foundation/Http/Middleware/InvokeDeferredCallbacks.php(22): Illuminate\\Pipeline\\Pipeline->Illuminate\\Pipeline\\{closure}()
#46 /home/lutxise/Projects/Lutxise/vendor/laravel/framework/src/Illuminate/Pipeline/Pipeline.php(183): Illuminate\\Foundation\\Http\\Middleware\\InvokeDeferredCallbacks->handle()
#47 /home/lutxise/Projects/Lutxise/vendor/laravel/framework/src/Illuminate/Pipeline/Pipeline.php(119): Illuminate\\Pipeline\\Pipeline->Illuminate\\Pipeline\\{closure}()
#48 /home/lutxise/Projects/Lutxise/vendor/laravel/framework/src/Illuminate/Foundation/Http/Kernel.php(176): Illuminate\\Pipeline\\Pipeline->then()
#49 /home/lutxise/Projects/Lutxise/vendor/laravel/framework/src/Illuminate/Foundation/Http/Kernel.php(145): Illuminate\\Foundation\\Http\\Kernel->sendRequestThroughRouter()
#50 /home/lutxise/Projects/Lutxise/vendor/laravel/framework/src/Illuminate/Foundation/Application.php(1190): Illuminate\\Foundation\\Http\\Kernel->handle()
#51 /home/lutxise/Projects/Lutxise/public/index.php(17): Illuminate\\Foundation\\Application->handleRequest()
#52 /home/lutxise/Projects/Lutxise/vendor/laravel/framework/src/Illuminate/Foundation/resources/server.php(23): require_once('...')
#53 {main}

[previous exception] [object] (PDOException(code: 1698): SQLSTATE[HY000] [1698] Access denied for user 'root'@'localhost' at /home/lutxise/Projects/Lutxise/vendor/laravel/framework/src/Illuminate/Database/Connectors/Connector.php:66)
[stacktrace]
#0 /home/lutxise/Projects/Lutxise/vendor/laravel/framework/src/Illuminate/Database/Connectors/Connector.php(66): PDO->__construct()
#1 /home/lutxise/Projects/Lutxise/vendor/laravel/framework/src/Illuminate/Database/Connectors/Connector.php(44): Illuminate\\Database\\Connectors\\Connector->createPdoConnection()
#2 /home/lutxise/Projects/Lutxise/vendor/laravel/framework/src/Illuminate/Database/Connectors/MySqlConnector.php(24): Illuminate\\Database\\Connectors\\Connector->createConnection()
#3 /home/lutxise/Projects/Lutxise/vendor/laravel/framework/src/Illuminate/Database/Connectors/ConnectionFactory.php(185): Illuminate\\Database\\Connectors\\MySqlConnector->connect()
#4 [internal function]: Illuminate\\Database\\Connectors\\ConnectionFactory->Illuminate\\Database\\Connectors\\{closure}()
#5 /home/lutxise/Projects/Lutxise/vendor/laravel/framework/src/Illuminate/Database/Connection.php(1231): call_user_func()
#6 /home/lutxise/Projects/Lutxise/vendor/laravel/framework/src/Illuminate/Database/Connection.php(1267): Illuminate\\Database\\Connection->getPdo()
#7 /home/lutxise/Projects/Lutxise/vendor/laravel/framework/src/Illuminate/Database/Connection.php(512): Illuminate\\Database\\Connection->getReadPdo()
#8 /home/lutxise/Projects/Lutxise/vendor/laravel/framework/src/Illuminate/Database/Connection.php(407): Illuminate\\Database\\Connection->getPdoForSelect()
#9 /home/lutxise/Projects/Lutxise/vendor/laravel/framework/src/Illuminate/Database/Connection.php(812): Illuminate\\Database\\Connection->Illuminate\\Database\\{closure}()
#10 /home/lutxise/Projects/Lutxise/vendor/laravel/framework/src/Illuminate/Database/Connection.php(779): Illuminate\\Database\\Connection->runQueryCallback()
#11 /home/lutxise/Projects/Lutxise/vendor/laravel/framework/src/Illuminate/Database/Connection.php(398): Illuminate\\Database\\Connection->run()
#12 /home/lutxise/Projects/Lutxise/vendor/laravel/framework/src/Illuminate/Database/Query/Builder.php(3133): Illuminate\\Database\\Connection->select()
#13 /home/lutxise/Projects/Lutxise/vendor/laravel/framework/src/Illuminate/Database/Query/Builder.php(3118): Illuminate\\Database\\Query\\Builder->runSelect()
#14 /home/lutxise/Projects/Lutxise/vendor/laravel/framework/src/Illuminate/Database/Query/Builder.php(3706): Illuminate\\Database\\Query\\Builder->Illuminate\\Database\\Query\\{closure}()
#15 /home/lutxise/Projects/Lutxise/vendor/laravel/framework/src/Illuminate/Database/Query/Builder.php(3117): Illuminate\\Database\\Query\\Builder->onceWithColumns()
#16 /home/lutxise/Projects/Lutxise/vendor/laravel/framework/src/Illuminate/Database/Concerns/BuildsQueries.php(344): Illuminate\\Database\\Query\\Builder->get()
#17 /home/lutxise/Projects/Lutxise/vendor/laravel/framework/src/Illuminate/Database/Query/Builder.php(3038): Illuminate\\Database\\Query\\Builder->first()
#18 /home/lutxise/Projects/Lutxise/vendor/laravel/framework/src/Illuminate/Session/DatabaseSessionHandler.php(97): Illuminate\\Database\\Query\\Builder->find()
#19 /home/lutxise/Projects/Lutxise/vendor/laravel/framework/src/Illuminate/Session/Store.php(116): Illuminate\\Session\\DatabaseSessionHandler->read()
#20 /home/lutxise/Projects/Lutxise/vendor/laravel/framework/src/Illuminate/Session/Store.php(104): Illuminate\\Session\\Store->readFromHandler()
#21 /home/lutxise/Projects/Lutxise/vendor/laravel/framework/src/Illuminate/Session/Store.php(88): Illuminate\\Session\\Store->loadSession()
#22 /home/lutxise/Projects/Lutxise/vendor/laravel/framework/src/Illuminate/Session/Middleware/StartSession.php(147): Illuminate\\Session\\Store->start()
#23 /home/lutxise/Projects/Lutxise/vendor/laravel/framework/src/Illuminate/Support/helpers.php(399): Illuminate\\Session\\Middleware\\StartSession->Illuminate\\Session\\Middleware\\{closure}()
#24 /home/lutxise/Projects/Lutxise/vendor/laravel/framework/src/Illuminate/Session/Middleware/StartSession.php(144): tap()
#25 /home/lutxise/Projects/Lutxise/vendor/laravel/framework/src/Illuminate/Session/Middleware/StartSession.php(116): Illuminate\\Session\\Middleware\\StartSession->startSession()
#26 /home/lutxise/Projects/Lutxise/vendor/laravel/framework/src/Illuminate/Session/Middleware/StartSession.php(64): Illuminate\\Session\\Middleware\\StartSession->handleStatefulRequest()
#27 /home/lutxise/Projects/Lutxise/vendor/laravel/framework/src/Illuminate/Pipeline/Pipeline.php(183): Illuminate\\Session\\Middleware\\StartSession->handle()
#28 /home/lutxise/Projects/Lutxise/vendor/laravel/framework/src/Illuminate/Cookie/Middleware/AddQueuedCookiesToResponse.php(37): Illuminate\\Pipeline\\Pipeline->Illuminate\\Pipeline\\{closure}()
#29 /home/lutxise/Projects/Lutxise/vendor/laravel/framework/src/Illuminate/Pipeline/Pipeline.php(183): Illuminate\\Cookie\\Middleware\\AddQueuedCookiesToResponse->handle()
#30 /home/lutxise/Projects/Lutxise/vendor/laravel/framework/src/Illuminate/Cookie/Middleware/EncryptCookies.php(75): Illuminate\\Pipeline\\Pipeline->Illuminate\\Pipeline\\{closure}()
#31 /home/lutxise/Projects/Lutxise/vendor/laravel/framework/src/Illuminate/Pipeline/Pipeline.php(183): Illuminate\\Cookie\\Middleware\\EncryptCookies->handle()
#32 /home/lutxise/Projects/Lutxise/vendor/laravel/framework/src/Illuminate/Pipeline/Pipeline.php(119): Illuminate\\Pipeline\\Pipeline->Illuminate\\Pipeline\\{closure}()
#33 /home/lutxise/Projects/Lutxise/vendor/laravel/framework/src/Illuminate/Routing/Router.php(807): Illuminate\\Pipeline\\Pipeline->then()
#34 /home/lutxise/Projects/Lutxise/vendor/laravel/framework/src/Illuminate/Routing/Router.php(786): Illuminate\\Routing\\Router->runRouteWithinStack()
#35 /home/lutxise/Projects/Lutxise/vendor/laravel/framework/src/Illuminate/Routing/Router.php(750): Illuminate\\Routing\\Router->runRoute()
#36 /home/lutxise/Projects/Lutxise/vendor/laravel/framework/src/Illuminate/Routing/Router.php(739): Illuminate\\Routing\\Router->dispatchToRoute()
#37 /home/lutxise/Projects/Lutxise/vendor/laravel/framework/src/Illuminate/Foundation/Http/Kernel.php(201): Illuminate\\Routing\\Router->dispatch()
#38 /home/lutxise/Projects/Lutxise/vendor/laravel/framework/src/Illuminate/Pipeline/Pipeline.php(144): Illuminate\\Foundation\\Http\\Kernel->Illuminate\\Foundation\\Http\\{closure}()
#39 /home/lutxise/Projects/Lutxise/vendor/livewire/livewire/src/Features/SupportDisablingBackButtonCache/DisableBackButtonCacheMiddleware.php(19): Illuminate\\Pipeline\\Pipeline->Illuminate\\Pipeline\\{closure}()
#40 /home/lutxise/Projects/Lutxise/vendor/laravel/framework/src/Illuminate/Pipeline/Pipeline.php(183): Livewire\\Features\\SupportDisablingBackButtonCache\\DisableBackButtonCacheMiddleware->handle()
#41 /home/lutxise/Projects/Lutxise/vendor/laravel/framework/src/Illuminate/Foundation/Http/Middleware/TransformsRequest.php(21): Illuminate\\Pipeline\\Pipeline->Illuminate\\Pipeline\\{closure}()
#42 /home/lutxise/Projects/Lutxise/vendor/laravel/framework/src/Illuminate/Foundation/Http/Middleware/ConvertEmptyStringsToNull.php(31): Illuminate\\Foundation\\Http\\Middleware\\TransformsRequest->handle()
#43 /home/lutxise/Projects/Lutxise/vendor/laravel/framework/src/Illuminate/Pipeline/Pipeline.php(183): Illuminate\\Foundation\\Http\\Middleware\\ConvertEmptyStringsToNull->handle()
#44 /home/lutxise/Projects/Lutxise/vendor/laravel/framework/src/Illuminate/Foundation/Http/Middleware/TransformsRequest.php(21): Illuminate\\Pipeline\\Pipeline->Illuminate\\Pipeline\\{closure}()
#45 /home/lutxise/Projects/Lutxise/vendor/laravel/framework/src/Illuminate/Foundation/Http/Middleware/TrimStrings.php(51): Illuminate\\Foundation\\Http\\Middleware\\TransformsRequest->handle()
#46 /home/lutxise/Projects/Lutxise/vendor/laravel/framework/src/Illuminate/Pipeline/Pipeline.php(183): Illuminate\\Foundation\\Http\\Middleware\\TrimStrings->handle()
#47 /home/lutxise/Projects/Lutxise/vendor/laravel/framework/src/Illuminate/Http/Middleware/ValidatePostSize.php(27): Illuminate\\Pipeline\\Pipeline->Illuminate\\Pipeline\\{closure}()
#48 /home/lutxise/Projects/Lutxise/vendor/laravel/framework/src/Illuminate/Pipeline/Pipeline.php(183): Illuminate\\Http\\Middleware\\ValidatePostSize->handle()
#49 /home/lutxise/Projects/Lutxise/vendor/laravel/framework/src/Illuminate/Foundation/Http/Middleware/PreventRequestsDuringMaintenance.php(110): Illuminate\\Pipeline\\Pipeline->Illuminate\\Pipeline\\{closure}()
#50 /home/lutxise/Projects/Lutxise/vendor/laravel/framework/src/Illuminate/Pipeline/Pipeline.php(183): Illuminate\\Foundation\\Http\\Middleware\\PreventRequestsDuringMaintenance->handle()
#51 /home/lutxise/Projects/Lutxise/vendor/laravel/framework/src/Illuminate/Http/Middleware/HandleCors.php(49): Illuminate\\Pipeline\\Pipeline->Illuminate\\Pipeline\\{closure}()
#52 /home/lutxise/Projects/Lutxise/vendor/laravel/framework/src/Illuminate/Pipeline/Pipeline.php(183): Illuminate\\Http\\Middleware\\HandleCors->handle()
#53 /home/lutxise/Projects/Lutxise/vendor/laravel/framework/src/Illuminate/Http/Middleware/TrustProxies.php(58): Illuminate\\Pipeline\\Pipeline->Illuminate\\Pipeline\\{closure}()
#54 /home/lutxise/Projects/Lutxise/vendor/laravel/framework/src/Illuminate/Pipeline/Pipeline.php(183): Illuminate\\Http\\Middleware\\TrustProxies->handle()
#55 /home/lutxise/Projects/Lutxise/vendor/laravel/framework/src/Illuminate/Foundation/Http/Middleware/InvokeDeferredCallbacks.php(22): Illuminate\\Pipeline\\Pipeline->Illuminate\\Pipeline\\{closure}()
#56 /home/lutxise/Projects/Lutxise/vendor/laravel/framework/src/Illuminate/Pipeline/Pipeline.php(183): Illuminate\\Foundation\\Http\\Middleware\\InvokeDeferredCallbacks->handle()
#57 /home/lutxise/Projects/Lutxise/vendor/laravel/framework/src/Illuminate/Pipeline/Pipeline.php(119): Illuminate\\Pipeline\\Pipeline->Illuminate\\Pipeline\\{closure}()
#58 /home/lutxise/Projects/Lutxise/vendor/laravel/framework/src/Illuminate/Foundation/Http/Kernel.php(176): Illuminate\\Pipeline\\Pipeline->then()
#59 /home/lutxise/Projects/Lutxise/vendor/laravel/framework/src/Illuminate/Foundation/Http/Kernel.php(145): Illuminate\\Foundation\\Http\\Kernel->sendRequestThroughRouter()
#60 /home/lutxise/Projects/Lutxise/vendor/laravel/framework/src/Illuminate/Foundation/Application.php(1190): Illuminate\\Foundation\\Http\\Kernel->handle()
#61 /home/lutxise/Projects/Lutxise/public/index.php(17): Illuminate\\Foundation\\Application->handleRequest()
#62 /home/lutxise/Projects/Lutxise/vendor/laravel/framework/src/Illuminate/Foundation/resources/server.php(23): require_once('...')
#63 {main}
"} 
[2025-01-13 00:53:00] local.ERROR: SQLSTATE[HY000] [1045] Access denied for user 'root'@'localhost' (using password: NO) (Connection: mysql, SQL: select * from `sessions` where `id` = AfKfxMqvjdcu3KxlK1x2abqWIDz4G5uJ578yWsaY limit 1) {"exception":"[object] (Illuminate\\Database\\QueryException(code: 1045): SQLSTATE[HY000] [1045] Access denied for user 'root'@'localhost' (using password: NO) (Connection: mysql, SQL: select * from `sessions` where `id` = AfKfxMqvjdcu3KxlK1x2abqWIDz4G5uJ578yWsaY limit 1) at /home/lutxise/Projects/Lutxise/vendor/laravel/framework/src/Illuminate/Database/Connection.php:825)
[stacktrace]
#0 /home/lutxise/Projects/Lutxise/vendor/laravel/framework/src/Illuminate/Database/Connection.php(779): Illuminate\\Database\\Connection->runQueryCallback()
#1 /home/lutxise/Projects/Lutxise/vendor/laravel/framework/src/Illuminate/Database/Connection.php(398): Illuminate\\Database\\Connection->run()
#2 /home/lutxise/Projects/Lutxise/vendor/laravel/framework/src/Illuminate/Database/Query/Builder.php(3133): Illuminate\\Database\\Connection->select()
#3 /home/lutxise/Projects/Lutxise/vendor/laravel/framework/src/Illuminate/Database/Query/Builder.php(3118): Illuminate\\Database\\Query\\Builder->runSelect()
#4 /home/lutxise/Projects/Lutxise/vendor/laravel/framework/src/Illuminate/Database/Query/Builder.php(3706): Illuminate\\Database\\Query\\Builder->Illuminate\\Database\\Query\\{closure}()
#5 /home/lutxise/Projects/Lutxise/vendor/laravel/framework/src/Illuminate/Database/Query/Builder.php(3117): Illuminate\\Database\\Query\\Builder->onceWithColumns()
#6 /home/lutxise/Projects/Lutxise/vendor/laravel/framework/src/Illuminate/Database/Concerns/BuildsQueries.php(344): Illuminate\\Database\\Query\\Builder->get()
#7 /home/lutxise/Projects/Lutxise/vendor/laravel/framework/src/Illuminate/Database/Query/Builder.php(3038): Illuminate\\Database\\Query\\Builder->first()
#8 /home/lutxise/Projects/Lutxise/vendor/laravel/framework/src/Illuminate/Session/DatabaseSessionHandler.php(97): Illuminate\\Database\\Query\\Builder->find()
#9 /home/lutxise/Projects/Lutxise/vendor/laravel/framework/src/Illuminate/Session/Store.php(116): Illuminate\\Session\\DatabaseSessionHandler->read()
#10 /home/lutxise/Projects/Lutxise/vendor/laravel/framework/src/Illuminate/Session/Store.php(104): Illuminate\\Session\\Store->readFromHandler()
#11 /home/lutxise/Projects/Lutxise/vendor/laravel/framework/src/Illuminate/Session/Store.php(88): Illuminate\\Session\\Store->loadSession()
#12 /home/lutxise/Projects/Lutxise/vendor/laravel/framework/src/Illuminate/Session/Middleware/StartSession.php(147): Illuminate\\Session\\Store->start()
#13 /home/lutxise/Projects/Lutxise/vendor/laravel/framework/src/Illuminate/Support/helpers.php(399): Illuminate\\Session\\Middleware\\StartSession->Illuminate\\Session\\Middleware\\{closure}()
#14 /home/lutxise/Projects/Lutxise/vendor/laravel/framework/src/Illuminate/Session/Middleware/StartSession.php(144): tap()
#15 /home/lutxise/Projects/Lutxise/vendor/laravel/framework/src/Illuminate/Session/Middleware/StartSession.php(116): Illuminate\\Session\\Middleware\\StartSession->startSession()
#16 /home/lutxise/Projects/Lutxise/vendor/laravel/framework/src/Illuminate/Session/Middleware/StartSession.php(64): Illuminate\\Session\\Middleware\\StartSession->handleStatefulRequest()
#17 /home/lutxise/Projects/Lutxise/vendor/laravel/framework/src/Illuminate/Pipeline/Pipeline.php(183): Illuminate\\Session\\Middleware\\StartSession->handle()
#18 /home/lutxise/Projects/Lutxise/vendor/laravel/framework/src/Illuminate/Cookie/Middleware/AddQueuedCookiesToResponse.php(37): Illuminate\\Pipeline\\Pipeline->Illuminate\\Pipeline\\{closure}()
#19 /home/lutxise/Projects/Lutxise/vendor/laravel/framework/src/Illuminate/Pipeline/Pipeline.php(183): Illuminate\\Cookie\\Middleware\\AddQueuedCookiesToResponse->handle()
#20 /home/lutxise/Projects/Lutxise/vendor/laravel/framework/src/Illuminate/Cookie/Middleware/EncryptCookies.php(75): Illuminate\\Pipeline\\Pipeline->Illuminate\\Pipeline\\{closure}()
#21 /home/lutxise/Projects/Lutxise/vendor/laravel/framework/src/Illuminate/Pipeline/Pipeline.php(183): Illuminate\\Cookie\\Middleware\\EncryptCookies->handle()
#22 /home/lutxise/Projects/Lutxise/vendor/laravel/framework/src/Illuminate/Pipeline/Pipeline.php(119): Illuminate\\Pipeline\\Pipeline->Illuminate\\Pipeline\\{closure}()
#23 /home/lutxise/Projects/Lutxise/vendor/laravel/framework/src/Illuminate/Routing/Router.php(807): Illuminate\\Pipeline\\Pipeline->then()
#24 /home/lutxise/Projects/Lutxise/vendor/laravel/framework/src/Illuminate/Routing/Router.php(786): Illuminate\\Routing\\Router->runRouteWithinStack()
#25 /home/lutxise/Projects/Lutxise/vendor/laravel/framework/src/Illuminate/Routing/Router.php(750): Illuminate\\Routing\\Router->runRoute()
#26 /home/lutxise/Projects/Lutxise/vendor/laravel/framework/src/Illuminate/Routing/Router.php(739): Illuminate\\Routing\\Router->dispatchToRoute()
#27 /home/lutxise/Projects/Lutxise/vendor/laravel/framework/src/Illuminate/Foundation/Http/Kernel.php(201): Illuminate\\Routing\\Router->dispatch()
#28 /home/lutxise/Projects/Lutxise/vendor/laravel/framework/src/Illuminate/Pipeline/Pipeline.php(144): Illuminate\\Foundation\\Http\\Kernel->Illuminate\\Foundation\\Http\\{closure}()
#29 /home/lutxise/Projects/Lutxise/vendor/livewire/livewire/src/Features/SupportDisablingBackButtonCache/DisableBackButtonCacheMiddleware.php(19): Illuminate\\Pipeline\\Pipeline->Illuminate\\Pipeline\\{closure}()
#30 /home/lutxise/Projects/Lutxise/vendor/laravel/framework/src/Illuminate/Pipeline/Pipeline.php(183): Livewire\\Features\\SupportDisablingBackButtonCache\\DisableBackButtonCacheMiddleware->handle()
#31 /home/lutxise/Projects/Lutxise/vendor/laravel/framework/src/Illuminate/Foundation/Http/Middleware/TransformsRequest.php(21): Illuminate\\Pipeline\\Pipeline->Illuminate\\Pipeline\\{closure}()
#32 /home/lutxise/Projects/Lutxise/vendor/laravel/framework/src/Illuminate/Foundation/Http/Middleware/ConvertEmptyStringsToNull.php(31): Illuminate\\Foundation\\Http\\Middleware\\TransformsRequest->handle()
#33 /home/lutxise/Projects/Lutxise/vendor/laravel/framework/src/Illuminate/Pipeline/Pipeline.php(183): Illuminate\\Foundation\\Http\\Middleware\\ConvertEmptyStringsToNull->handle()
#34 /home/lutxise/Projects/Lutxise/vendor/laravel/framework/src/Illuminate/Foundation/Http/Middleware/TransformsRequest.php(21): Illuminate\\Pipeline\\Pipeline->Illuminate\\Pipeline\\{closure}()
#35 /home/lutxise/Projects/Lutxise/vendor/laravel/framework/src/Illuminate/Foundation/Http/Middleware/TrimStrings.php(51): Illuminate\\Foundation\\Http\\Middleware\\TransformsRequest->handle()
#36 /home/lutxise/Projects/Lutxise/vendor/laravel/framework/src/Illuminate/Pipeline/Pipeline.php(183): Illuminate\\Foundation\\Http\\Middleware\\TrimStrings->handle()
#37 /home/lutxise/Projects/Lutxise/vendor/laravel/framework/src/Illuminate/Http/Middleware/ValidatePostSize.php(27): Illuminate\\Pipeline\\Pipeline->Illuminate\\Pipeline\\{closure}()
#38 /home/lutxise/Projects/Lutxise/vendor/laravel/framework/src/Illuminate/Pipeline/Pipeline.php(183): Illuminate\\Http\\Middleware\\ValidatePostSize->handle()
#39 /home/lutxise/Projects/Lutxise/vendor/laravel/framework/src/Illuminate/Foundation/Http/Middleware/PreventRequestsDuringMaintenance.php(110): Illuminate\\Pipeline\\Pipeline->Illuminate\\Pipeline\\{closure}()
#40 /home/lutxise/Projects/Lutxise/vendor/laravel/framework/src/Illuminate/Pipeline/Pipeline.php(183): Illuminate\\Foundation\\Http\\Middleware\\PreventRequestsDuringMaintenance->handle()
#41 /home/lutxise/Projects/Lutxise/vendor/laravel/framework/src/Illuminate/Http/Middleware/HandleCors.php(49): Illuminate\\Pipeline\\Pipeline->Illuminate\\Pipeline\\{closure}()
#42 /home/lutxise/Projects/Lutxise/vendor/laravel/framework/src/Illuminate/Pipeline/Pipeline.php(183): Illuminate\\Http\\Middleware\\HandleCors->handle()
#43 /home/lutxise/Projects/Lutxise/vendor/laravel/framework/src/Illuminate/Http/Middleware/TrustProxies.php(58): Illuminate\\Pipeline\\Pipeline->Illuminate\\Pipeline\\{closure}()
#44 /home/lutxise/Projects/Lutxise/vendor/laravel/framework/src/Illuminate/Pipeline/Pipeline.php(183): Illuminate\\Http\\Middleware\\TrustProxies->handle()
#45 /home/lutxise/Projects/Lutxise/vendor/laravel/framework/src/Illuminate/Foundation/Http/Middleware/InvokeDeferredCallbacks.php(22): Illuminate\\Pipeline\\Pipeline->Illuminate\\Pipeline\\{closure}()
#46 /home/lutxise/Projects/Lutxise/vendor/laravel/framework/src/Illuminate/Pipeline/Pipeline.php(183): Illuminate\\Foundation\\Http\\Middleware\\InvokeDeferredCallbacks->handle()
#47 /home/lutxise/Projects/Lutxise/vendor/laravel/framework/src/Illuminate/Pipeline/Pipeline.php(119): Illuminate\\Pipeline\\Pipeline->Illuminate\\Pipeline\\{closure}()
#48 /home/lutxise/Projects/Lutxise/vendor/laravel/framework/src/Illuminate/Foundation/Http/Kernel.php(176): Illuminate\\Pipeline\\Pipeline->then()
#49 /home/lutxise/Projects/Lutxise/vendor/laravel/framework/src/Illuminate/Foundation/Http/Kernel.php(145): Illuminate\\Foundation\\Http\\Kernel->sendRequestThroughRouter()
#50 /home/lutxise/Projects/Lutxise/vendor/laravel/framework/src/Illuminate/Foundation/Application.php(1190): Illuminate\\Foundation\\Http\\Kernel->handle()
#51 /home/lutxise/Projects/Lutxise/public/index.php(17): Illuminate\\Foundation\\Application->handleRequest()
#52 /home/lutxise/Projects/Lutxise/vendor/laravel/framework/src/Illuminate/Foundation/resources/server.php(23): require_once('...')
#53 {main}

[previous exception] [object] (PDOException(code: 1045): SQLSTATE[HY000] [1045] Access denied for user 'root'@'localhost' (using password: NO) at /home/lutxise/Projects/Lutxise/vendor/laravel/framework/src/Illuminate/Database/Connectors/Connector.php:66)
[stacktrace]
#0 /home/lutxise/Projects/Lutxise/vendor/laravel/framework/src/Illuminate/Database/Connectors/Connector.php(66): PDO->__construct()
#1 /home/lutxise/Projects/Lutxise/vendor/laravel/framework/src/Illuminate/Database/Connectors/Connector.php(44): Illuminate\\Database\\Connectors\\Connector->createPdoConnection()
#2 /home/lutxise/Projects/Lutxise/vendor/laravel/framework/src/Illuminate/Database/Connectors/MySqlConnector.php(24): Illuminate\\Database\\Connectors\\Connector->createConnection()
#3 /home/lutxise/Projects/Lutxise/vendor/laravel/framework/src/Illuminate/Database/Connectors/ConnectionFactory.php(185): Illuminate\\Database\\Connectors\\MySqlConnector->connect()
#4 [internal function]: Illuminate\\Database\\Connectors\\ConnectionFactory->Illuminate\\Database\\Connectors\\{closure}()
#5 /home/lutxise/Projects/Lutxise/vendor/laravel/framework/src/Illuminate/Database/Connection.php(1231): call_user_func()
#6 /home/lutxise/Projects/Lutxise/vendor/laravel/framework/src/Illuminate/Database/Connection.php(1267): Illuminate\\Database\\Connection->getPdo()
#7 /home/lutxise/Projects/Lutxise/vendor/laravel/framework/src/Illuminate/Database/Connection.php(512): Illuminate\\Database\\Connection->getReadPdo()
#8 /home/lutxise/Projects/Lutxise/vendor/laravel/framework/src/Illuminate/Database/Connection.php(407): Illuminate\\Database\\Connection->getPdoForSelect()
#9 /home/lutxise/Projects/Lutxise/vendor/laravel/framework/src/Illuminate/Database/Connection.php(812): Illuminate\\Database\\Connection->Illuminate\\Database\\{closure}()
#10 /home/lutxise/Projects/Lutxise/vendor/laravel/framework/src/Illuminate/Database/Connection.php(779): Illuminate\\Database\\Connection->runQueryCallback()
#11 /home/lutxise/Projects/Lutxise/vendor/laravel/framework/src/Illuminate/Database/Connection.php(398): Illuminate\\Database\\Connection->run()
#12 /home/lutxise/Projects/Lutxise/vendor/laravel/framework/src/Illuminate/Database/Query/Builder.php(3133): Illuminate\\Database\\Connection->select()
#13 /home/lutxise/Projects/Lutxise/vendor/laravel/framework/src/Illuminate/Database/Query/Builder.php(3118): Illuminate\\Database\\Query\\Builder->runSelect()
#14 /home/lutxise/Projects/Lutxise/vendor/laravel/framework/src/Illuminate/Database/Query/Builder.php(3706): Illuminate\\Database\\Query\\Builder->Illuminate\\Database\\Query\\{closure}()
#15 /home/lutxise/Projects/Lutxise/vendor/laravel/framework/src/Illuminate/Database/Query/Builder.php(3117): Illuminate\\Database\\Query\\Builder->onceWithColumns()
#16 /home/lutxise/Projects/Lutxise/vendor/laravel/framework/src/Illuminate/Database/Concerns/BuildsQueries.php(344): Illuminate\\Database\\Query\\Builder->get()
#17 /home/lutxise/Projects/Lutxise/vendor/laravel/framework/src/Illuminate/Database/Query/Builder.php(3038): Illuminate\\Database\\Query\\Builder->first()
#18 /home/lutxise/Projects/Lutxise/vendor/laravel/framework/src/Illuminate/Session/DatabaseSessionHandler.php(97): Illuminate\\Database\\Query\\Builder->find()
#19 /home/lutxise/Projects/Lutxise/vendor/laravel/framework/src/Illuminate/Session/Store.php(116): Illuminate\\Session\\DatabaseSessionHandler->read()
#20 /home/lutxise/Projects/Lutxise/vendor/laravel/framework/src/Illuminate/Session/Store.php(104): Illuminate\\Session\\Store->readFromHandler()
#21 /home/lutxise/Projects/Lutxise/vendor/laravel/framework/src/Illuminate/Session/Store.php(88): Illuminate\\Session\\Store->loadSession()
#22 /home/lutxise/Projects/Lutxise/vendor/laravel/framework/src/Illuminate/Session/Middleware/StartSession.php(147): Illuminate\\Session\\Store->start()
#23 /home/lutxise/Projects/Lutxise/vendor/laravel/framework/src/Illuminate/Support/helpers.php(399): Illuminate\\Session\\Middleware\\StartSession->Illuminate\\Session\\Middleware\\{closure}()
#24 /home/lutxise/Projects/Lutxise/vendor/laravel/framework/src/Illuminate/Session/Middleware/StartSession.php(144): tap()
#25 /home/lutxise/Projects/Lutxise/vendor/laravel/framework/src/Illuminate/Session/Middleware/StartSession.php(116): Illuminate\\Session\\Middleware\\StartSession->startSession()
#26 /home/lutxise/Projects/Lutxise/vendor/laravel/framework/src/Illuminate/Session/Middleware/StartSession.php(64): Illuminate\\Session\\Middleware\\StartSession->handleStatefulRequest()
#27 /home/lutxise/Projects/Lutxise/vendor/laravel/framework/src/Illuminate/Pipeline/Pipeline.php(183): Illuminate\\Session\\Middleware\\StartSession->handle()
#28 /home/lutxise/Projects/Lutxise/vendor/laravel/framework/src/Illuminate/Cookie/Middleware/AddQueuedCookiesToResponse.php(37): Illuminate\\Pipeline\\Pipeline->Illuminate\\Pipeline\\{closure}()
#29 /home/lutxise/Projects/Lutxise/vendor/laravel/framework/src/Illuminate/Pipeline/Pipeline.php(183): Illuminate\\Cookie\\Middleware\\AddQueuedCookiesToResponse->handle()
#30 /home/lutxise/Projects/Lutxise/vendor/laravel/framework/src/Illuminate/Cookie/Middleware/EncryptCookies.php(75): Illuminate\\Pipeline\\Pipeline->Illuminate\\Pipeline\\{closure}()
#31 /home/lutxise/Projects/Lutxise/vendor/laravel/framework/src/Illuminate/Pipeline/Pipeline.php(183): Illuminate\\Cookie\\Middleware\\EncryptCookies->handle()
#32 /home/lutxise/Projects/Lutxise/vendor/laravel/framework/src/Illuminate/Pipeline/Pipeline.php(119): Illuminate\\Pipeline\\Pipeline->Illuminate\\Pipeline\\{closure}()
#33 /home/lutxise/Projects/Lutxise/vendor/laravel/framework/src/Illuminate/Routing/Router.php(807): Illuminate\\Pipeline\\Pipeline->then()
#34 /home/lutxise/Projects/Lutxise/vendor/laravel/framework/src/Illuminate/Routing/Router.php(786): Illuminate\\Routing\\Router->runRouteWithinStack()
#35 /home/lutxise/Projects/Lutxise/vendor/laravel/framework/src/Illuminate/Routing/Router.php(750): Illuminate\\Routing\\Router->runRoute()
#36 /home/lutxise/Projects/Lutxise/vendor/laravel/framework/src/Illuminate/Routing/Router.php(739): Illuminate\\Routing\\Router->dispatchToRoute()
#37 /home/lutxise/Projects/Lutxise/vendor/laravel/framework/src/Illuminate/Foundation/Http/Kernel.php(201): Illuminate\\Routing\\Router->dispatch()
#38 /home/lutxise/Projects/Lutxise/vendor/laravel/framework/src/Illuminate/Pipeline/Pipeline.php(144): Illuminate\\Foundation\\Http\\Kernel->Illuminate\\Foundation\\Http\\{closure}()
#39 /home/lutxise/Projects/Lutxise/vendor/livewire/livewire/src/Features/SupportDisablingBackButtonCache/DisableBackButtonCacheMiddleware.php(19): Illuminate\\Pipeline\\Pipeline->Illuminate\\Pipeline\\{closure}()
#40 /home/lutxise/Projects/Lutxise/vendor/laravel/framework/src/Illuminate/Pipeline/Pipeline.php(183): Livewire\\Features\\SupportDisablingBackButtonCache\\DisableBackButtonCacheMiddleware->handle()
#41 /home/lutxise/Projects/Lutxise/vendor/laravel/framework/src/Illuminate/Foundation/Http/Middleware/TransformsRequest.php(21): Illuminate\\Pipeline\\Pipeline->Illuminate\\Pipeline\\{closure}()
#42 /home/lutxise/Projects/Lutxise/vendor/laravel/framework/src/Illuminate/Foundation/Http/Middleware/ConvertEmptyStringsToNull.php(31): Illuminate\\Foundation\\Http\\Middleware\\TransformsRequest->handle()
#43 /home/lutxise/Projects/Lutxise/vendor/laravel/framework/src/Illuminate/Pipeline/Pipeline.php(183): Illuminate\\Foundation\\Http\\Middleware\\ConvertEmptyStringsToNull->handle()
#44 /home/lutxise/Projects/Lutxise/vendor/laravel/framework/src/Illuminate/Foundation/Http/Middleware/TransformsRequest.php(21): Illuminate\\Pipeline\\Pipeline->Illuminate\\Pipeline\\{closure}()
#45 /home/lutxise/Projects/Lutxise/vendor/laravel/framework/src/Illuminate/Foundation/Http/Middleware/TrimStrings.php(51): Illuminate\\Foundation\\Http\\Middleware\\TransformsRequest->handle()
#46 /home/lutxise/Projects/Lutxise/vendor/laravel/framework/src/Illuminate/Pipeline/Pipeline.php(183): Illuminate\\Foundation\\Http\\Middleware\\TrimStrings->handle()
#47 /home/lutxise/Projects/Lutxise/vendor/laravel/framework/src/Illuminate/Http/Middleware/ValidatePostSize.php(27): Illuminate\\Pipeline\\Pipeline->Illuminate\\Pipeline\\{closure}()
#48 /home/lutxise/Projects/Lutxise/vendor/laravel/framework/src/Illuminate/Pipeline/Pipeline.php(183): Illuminate\\Http\\Middleware\\ValidatePostSize->handle()
#49 /home/lutxise/Projects/Lutxise/vendor/laravel/framework/src/Illuminate/Foundation/Http/Middleware/PreventRequestsDuringMaintenance.php(110): Illuminate\\Pipeline\\Pipeline->Illuminate\\Pipeline\\{closure}()
#50 /home/lutxise/Projects/Lutxise/vendor/laravel/framework/src/Illuminate/Pipeline/Pipeline.php(183): Illuminate\\Foundation\\Http\\Middleware\\PreventRequestsDuringMaintenance->handle()
#51 /home/lutxise/Projects/Lutxise/vendor/laravel/framework/src/Illuminate/Http/Middleware/HandleCors.php(49): Illuminate\\Pipeline\\Pipeline->Illuminate\\Pipeline\\{closure}()
#52 /home/lutxise/Projects/Lutxise/vendor/laravel/framework/src/Illuminate/Pipeline/Pipeline.php(183): Illuminate\\Http\\Middleware\\HandleCors->handle()
#53 /home/lutxise/Projects/Lutxise/vendor/laravel/framework/src/Illuminate/Http/Middleware/TrustProxies.php(58): Illuminate\\Pipeline\\Pipeline->Illuminate\\Pipeline\\{closure}()
#54 /home/lutxise/Projects/Lutxise/vendor/laravel/framework/src/Illuminate/Pipeline/Pipeline.php(183): Illuminate\\Http\\Middleware\\TrustProxies->handle()
#55 /home/lutxise/Projects/Lutxise/vendor/laravel/framework/src/Illuminate/Foundation/Http/Middleware/InvokeDeferredCallbacks.php(22): Illuminate\\Pipeline\\Pipeline->Illuminate\\Pipeline\\{closure}()
#56 /home/lutxise/Projects/Lutxise/vendor/laravel/framework/src/Illuminate/Pipeline/Pipeline.php(183): Illuminate\\Foundation\\Http\\Middleware\\InvokeDeferredCallbacks->handle()
#57 /home/lutxise/Projects/Lutxise/vendor/laravel/framework/src/Illuminate/Pipeline/Pipeline.php(119): Illuminate\\Pipeline\\Pipeline->Illuminate\\Pipeline\\{closure}()
#58 /home/lutxise/Projects/Lutxise/vendor/laravel/framework/src/Illuminate/Foundation/Http/Kernel.php(176): Illuminate\\Pipeline\\Pipeline->then()
#59 /home/lutxise/Projects/Lutxise/vendor/laravel/framework/src/Illuminate/Foundation/Http/Kernel.php(145): Illuminate\\Foundation\\Http\\Kernel->sendRequestThroughRouter()
#60 /home/lutxise/Projects/Lutxise/vendor/laravel/framework/src/Illuminate/Foundation/Application.php(1190): Illuminate\\Foundation\\Http\\Kernel->handle()
#61 /home/lutxise/Projects/Lutxise/public/index.php(17): Illuminate\\Foundation\\Application->handleRequest()
#62 /home/lutxise/Projects/Lutxise/vendor/laravel/framework/src/Illuminate/Foundation/resources/server.php(23): require_once('...')
#63 {main}
"} 
[2025-01-13 00:53:01] local.ERROR: SQLSTATE[HY000] [1045] Access denied for user 'root'@'localhost' (using password: NO) (Connection: mysql, SQL: select * from `sessions` where `id` = cIqzbqTjgjYUjscWSmrlDGJ2ZbfEF9FrBGCba1uD limit 1) {"exception":"[object] (Illuminate\\Database\\QueryException(code: 1045): SQLSTATE[HY000] [1045] Access denied for user 'root'@'localhost' (using password: NO) (Connection: mysql, SQL: select * from `sessions` where `id` = cIqzbqTjgjYUjscWSmrlDGJ2ZbfEF9FrBGCba1uD limit 1) at /home/lutxise/Projects/Lutxise/vendor/laravel/framework/src/Illuminate/Database/Connection.php:825)
[stacktrace]
#0 /home/lutxise/Projects/Lutxise/vendor/laravel/framework/src/Illuminate/Database/Connection.php(779): Illuminate\\Database\\Connection->runQueryCallback()
#1 /home/lutxise/Projects/Lutxise/vendor/laravel/framework/src/Illuminate/Database/Connection.php(398): Illuminate\\Database\\Connection->run()
#2 /home/lutxise/Projects/Lutxise/vendor/laravel/framework/src/Illuminate/Database/Query/Builder.php(3133): Illuminate\\Database\\Connection->select()
#3 /home/lutxise/Projects/Lutxise/vendor/laravel/framework/src/Illuminate/Database/Query/Builder.php(3118): Illuminate\\Database\\Query\\Builder->runSelect()
#4 /home/lutxise/Projects/Lutxise/vendor/laravel/framework/src/Illuminate/Database/Query/Builder.php(3706): Illuminate\\Database\\Query\\Builder->Illuminate\\Database\\Query\\{closure}()
#5 /home/lutxise/Projects/Lutxise/vendor/laravel/framework/src/Illuminate/Database/Query/Builder.php(3117): Illuminate\\Database\\Query\\Builder->onceWithColumns()
#6 /home/lutxise/Projects/Lutxise/vendor/laravel/framework/src/Illuminate/Database/Concerns/BuildsQueries.php(344): Illuminate\\Database\\Query\\Builder->get()
#7 /home/lutxise/Projects/Lutxise/vendor/laravel/framework/src/Illuminate/Database/Query/Builder.php(3038): Illuminate\\Database\\Query\\Builder->first()
#8 /home/lutxise/Projects/Lutxise/vendor/laravel/framework/src/Illuminate/Session/DatabaseSessionHandler.php(97): Illuminate\\Database\\Query\\Builder->find()
#9 /home/lutxise/Projects/Lutxise/vendor/laravel/framework/src/Illuminate/Session/Store.php(116): Illuminate\\Session\\DatabaseSessionHandler->read()
#10 /home/lutxise/Projects/Lutxise/vendor/laravel/framework/src/Illuminate/Session/Store.php(104): Illuminate\\Session\\Store->readFromHandler()
#11 /home/lutxise/Projects/Lutxise/vendor/laravel/framework/src/Illuminate/Session/Store.php(88): Illuminate\\Session\\Store->loadSession()
#12 /home/lutxise/Projects/Lutxise/vendor/laravel/framework/src/Illuminate/Session/Middleware/StartSession.php(147): Illuminate\\Session\\Store->start()
#13 /home/lutxise/Projects/Lutxise/vendor/laravel/framework/src/Illuminate/Support/helpers.php(399): Illuminate\\Session\\Middleware\\StartSession->Illuminate\\Session\\Middleware\\{closure}()
#14 /home/lutxise/Projects/Lutxise/vendor/laravel/framework/src/Illuminate/Session/Middleware/StartSession.php(144): tap()
#15 /home/lutxise/Projects/Lutxise/vendor/laravel/framework/src/Illuminate/Session/Middleware/StartSession.php(116): Illuminate\\Session\\Middleware\\StartSession->startSession()
#16 /home/lutxise/Projects/Lutxise/vendor/laravel/framework/src/Illuminate/Session/Middleware/StartSession.php(64): Illuminate\\Session\\Middleware\\StartSession->handleStatefulRequest()
#17 /home/lutxise/Projects/Lutxise/vendor/laravel/framework/src/Illuminate/Pipeline/Pipeline.php(183): Illuminate\\Session\\Middleware\\StartSession->handle()
#18 /home/lutxise/Projects/Lutxise/vendor/laravel/framework/src/Illuminate/Cookie/Middleware/AddQueuedCookiesToResponse.php(37): Illuminate\\Pipeline\\Pipeline->Illuminate\\Pipeline\\{closure}()
#19 /home/lutxise/Projects/Lutxise/vendor/laravel/framework/src/Illuminate/Pipeline/Pipeline.php(183): Illuminate\\Cookie\\Middleware\\AddQueuedCookiesToResponse->handle()
#20 /home/lutxise/Projects/Lutxise/vendor/laravel/framework/src/Illuminate/Cookie/Middleware/EncryptCookies.php(75): Illuminate\\Pipeline\\Pipeline->Illuminate\\Pipeline\\{closure}()
#21 /home/lutxise/Projects/Lutxise/vendor/laravel/framework/src/Illuminate/Pipeline/Pipeline.php(183): Illuminate\\Cookie\\Middleware\\EncryptCookies->handle()
#22 /home/lutxise/Projects/Lutxise/vendor/laravel/framework/src/Illuminate/Pipeline/Pipeline.php(119): Illuminate\\Pipeline\\Pipeline->Illuminate\\Pipeline\\{closure}()
#23 /home/lutxise/Projects/Lutxise/vendor/laravel/framework/src/Illuminate/Routing/Router.php(807): Illuminate\\Pipeline\\Pipeline->then()
#24 /home/lutxise/Projects/Lutxise/vendor/laravel/framework/src/Illuminate/Routing/Router.php(786): Illuminate\\Routing\\Router->runRouteWithinStack()
#25 /home/lutxise/Projects/Lutxise/vendor/laravel/framework/src/Illuminate/Routing/Router.php(750): Illuminate\\Routing\\Router->runRoute()
#26 /home/lutxise/Projects/Lutxise/vendor/laravel/framework/src/Illuminate/Routing/Router.php(739): Illuminate\\Routing\\Router->dispatchToRoute()
#27 /home/lutxise/Projects/Lutxise/vendor/laravel/framework/src/Illuminate/Foundation/Http/Kernel.php(201): Illuminate\\Routing\\Router->dispatch()
#28 /home/lutxise/Projects/Lutxise/vendor/laravel/framework/src/Illuminate/Pipeline/Pipeline.php(144): Illuminate\\Foundation\\Http\\Kernel->Illuminate\\Foundation\\Http\\{closure}()
#29 /home/lutxise/Projects/Lutxise/vendor/livewire/livewire/src/Features/SupportDisablingBackButtonCache/DisableBackButtonCacheMiddleware.php(19): Illuminate\\Pipeline\\Pipeline->Illuminate\\Pipeline\\{closure}()
#30 /home/lutxise/Projects/Lutxise/vendor/laravel/framework/src/Illuminate/Pipeline/Pipeline.php(183): Livewire\\Features\\SupportDisablingBackButtonCache\\DisableBackButtonCacheMiddleware->handle()
#31 /home/lutxise/Projects/Lutxise/vendor/laravel/framework/src/Illuminate/Foundation/Http/Middleware/TransformsRequest.php(21): Illuminate\\Pipeline\\Pipeline->Illuminate\\Pipeline\\{closure}()
#32 /home/lutxise/Projects/Lutxise/vendor/laravel/framework/src/Illuminate/Foundation/Http/Middleware/ConvertEmptyStringsToNull.php(31): Illuminate\\Foundation\\Http\\Middleware\\TransformsRequest->handle()
#33 /home/lutxise/Projects/Lutxise/vendor/laravel/framework/src/Illuminate/Pipeline/Pipeline.php(183): Illuminate\\Foundation\\Http\\Middleware\\ConvertEmptyStringsToNull->handle()
#34 /home/lutxise/Projects/Lutxise/vendor/laravel/framework/src/Illuminate/Foundation/Http/Middleware/TransformsRequest.php(21): Illuminate\\Pipeline\\Pipeline->Illuminate\\Pipeline\\{closure}()
#35 /home/lutxise/Projects/Lutxise/vendor/laravel/framework/src/Illuminate/Foundation/Http/Middleware/TrimStrings.php(51): Illuminate\\Foundation\\Http\\Middleware\\TransformsRequest->handle()
#36 /home/lutxise/Projects/Lutxise/vendor/laravel/framework/src/Illuminate/Pipeline/Pipeline.php(183): Illuminate\\Foundation\\Http\\Middleware\\TrimStrings->handle()
#37 /home/lutxise/Projects/Lutxise/vendor/laravel/framework/src/Illuminate/Http/Middleware/ValidatePostSize.php(27): Illuminate\\Pipeline\\Pipeline->Illuminate\\Pipeline\\{closure}()
#38 /home/lutxise/Projects/Lutxise/vendor/laravel/framework/src/Illuminate/Pipeline/Pipeline.php(183): Illuminate\\Http\\Middleware\\ValidatePostSize->handle()
#39 /home/lutxise/Projects/Lutxise/vendor/laravel/framework/src/Illuminate/Foundation/Http/Middleware/PreventRequestsDuringMaintenance.php(110): Illuminate\\Pipeline\\Pipeline->Illuminate\\Pipeline\\{closure}()
#40 /home/lutxise/Projects/Lutxise/vendor/laravel/framework/src/Illuminate/Pipeline/Pipeline.php(183): Illuminate\\Foundation\\Http\\Middleware\\PreventRequestsDuringMaintenance->handle()
#41 /home/lutxise/Projects/Lutxise/vendor/laravel/framework/src/Illuminate/Http/Middleware/HandleCors.php(49): Illuminate\\Pipeline\\Pipeline->Illuminate\\Pipeline\\{closure}()
#42 /home/lutxise/Projects/Lutxise/vendor/laravel/framework/src/Illuminate/Pipeline/Pipeline.php(183): Illuminate\\Http\\Middleware\\HandleCors->handle()
#43 /home/lutxise/Projects/Lutxise/vendor/laravel/framework/src/Illuminate/Http/Middleware/TrustProxies.php(58): Illuminate\\Pipeline\\Pipeline->Illuminate\\Pipeline\\{closure}()
#44 /home/lutxise/Projects/Lutxise/vendor/laravel/framework/src/Illuminate/Pipeline/Pipeline.php(183): Illuminate\\Http\\Middleware\\TrustProxies->handle()
#45 /home/lutxise/Projects/Lutxise/vendor/laravel/framework/src/Illuminate/Foundation/Http/Middleware/InvokeDeferredCallbacks.php(22): Illuminate\\Pipeline\\Pipeline->Illuminate\\Pipeline\\{closure}()
#46 /home/lutxise/Projects/Lutxise/vendor/laravel/framework/src/Illuminate/Pipeline/Pipeline.php(183): Illuminate\\Foundation\\Http\\Middleware\\InvokeDeferredCallbacks->handle()
#47 /home/lutxise/Projects/Lutxise/vendor/laravel/framework/src/Illuminate/Pipeline/Pipeline.php(119): Illuminate\\Pipeline\\Pipeline->Illuminate\\Pipeline\\{closure}()
#48 /home/lutxise/Projects/Lutxise/vendor/laravel/framework/src/Illuminate/Foundation/Http/Kernel.php(176): Illuminate\\Pipeline\\Pipeline->then()
#49 /home/lutxise/Projects/Lutxise/vendor/laravel/framework/src/Illuminate/Foundation/Http/Kernel.php(145): Illuminate\\Foundation\\Http\\Kernel->sendRequestThroughRouter()
#50 /home/lutxise/Projects/Lutxise/vendor/laravel/framework/src/Illuminate/Foundation/Application.php(1190): Illuminate\\Foundation\\Http\\Kernel->handle()
#51 /home/lutxise/Projects/Lutxise/public/index.php(17): Illuminate\\Foundation\\Application->handleRequest()
#52 /home/lutxise/Projects/Lutxise/vendor/laravel/framework/src/Illuminate/Foundation/resources/server.php(23): require_once('...')
#53 {main}

[previous exception] [object] (PDOException(code: 1045): SQLSTATE[HY000] [1045] Access denied for user 'root'@'localhost' (using password: NO) at /home/lutxise/Projects/Lutxise/vendor/laravel/framework/src/Illuminate/Database/Connectors/Connector.php:66)
[stacktrace]
#0 /home/lutxise/Projects/Lutxise/vendor/laravel/framework/src/Illuminate/Database/Connectors/Connector.php(66): PDO->__construct()
#1 /home/lutxise/Projects/Lutxise/vendor/laravel/framework/src/Illuminate/Database/Connectors/Connector.php(44): Illuminate\\Database\\Connectors\\Connector->createPdoConnection()
#2 /home/lutxise/Projects/Lutxise/vendor/laravel/framework/src/Illuminate/Database/Connectors/MySqlConnector.php(24): Illuminate\\Database\\Connectors\\Connector->createConnection()
#3 /home/lutxise/Projects/Lutxise/vendor/laravel/framework/src/Illuminate/Database/Connectors/ConnectionFactory.php(185): Illuminate\\Database\\Connectors\\MySqlConnector->connect()
#4 [internal function]: Illuminate\\Database\\Connectors\\ConnectionFactory->Illuminate\\Database\\Connectors\\{closure}()
#5 /home/lutxise/Projects/Lutxise/vendor/laravel/framework/src/Illuminate/Database/Connection.php(1231): call_user_func()
#6 /home/lutxise/Projects/Lutxise/vendor/laravel/framework/src/Illuminate/Database/Connection.php(1267): Illuminate\\Database\\Connection->getPdo()
#7 /home/lutxise/Projects/Lutxise/vendor/laravel/framework/src/Illuminate/Database/Connection.php(512): Illuminate\\Database\\Connection->getReadPdo()
#8 /home/lutxise/Projects/Lutxise/vendor/laravel/framework/src/Illuminate/Database/Connection.php(407): Illuminate\\Database\\Connection->getPdoForSelect()
#9 /home/lutxise/Projects/Lutxise/vendor/laravel/framework/src/Illuminate/Database/Connection.php(812): Illuminate\\Database\\Connection->Illuminate\\Database\\{closure}()
#10 /home/lutxise/Projects/Lutxise/vendor/laravel/framework/src/Illuminate/Database/Connection.php(779): Illuminate\\Database\\Connection->runQueryCallback()
#11 /home/lutxise/Projects/Lutxise/vendor/laravel/framework/src/Illuminate/Database/Connection.php(398): Illuminate\\Database\\Connection->run()
#12 /home/lutxise/Projects/Lutxise/vendor/laravel/framework/src/Illuminate/Database/Query/Builder.php(3133): Illuminate\\Database\\Connection->select()
#13 /home/lutxise/Projects/Lutxise/vendor/laravel/framework/src/Illuminate/Database/Query/Builder.php(3118): Illuminate\\Database\\Query\\Builder->runSelect()
#14 /home/lutxise/Projects/Lutxise/vendor/laravel/framework/src/Illuminate/Database/Query/Builder.php(3706): Illuminate\\Database\\Query\\Builder->Illuminate\\Database\\Query\\{closure}()
#15 /home/lutxise/Projects/Lutxise/vendor/laravel/framework/src/Illuminate/Database/Query/Builder.php(3117): Illuminate\\Database\\Query\\Builder->onceWithColumns()
#16 /home/lutxise/Projects/Lutxise/vendor/laravel/framework/src/Illuminate/Database/Concerns/BuildsQueries.php(344): Illuminate\\Database\\Query\\Builder->get()
#17 /home/lutxise/Projects/Lutxise/vendor/laravel/framework/src/Illuminate/Database/Query/Builder.php(3038): Illuminate\\Database\\Query\\Builder->first()
#18 /home/lutxise/Projects/Lutxise/vendor/laravel/framework/src/Illuminate/Session/DatabaseSessionHandler.php(97): Illuminate\\Database\\Query\\Builder->find()
#19 /home/lutxise/Projects/Lutxise/vendor/laravel/framework/src/Illuminate/Session/Store.php(116): Illuminate\\Session\\DatabaseSessionHandler->read()
#20 /home/lutxise/Projects/Lutxise/vendor/laravel/framework/src/Illuminate/Session/Store.php(104): Illuminate\\Session\\Store->readFromHandler()
#21 /home/lutxise/Projects/Lutxise/vendor/laravel/framework/src/Illuminate/Session/Store.php(88): Illuminate\\Session\\Store->loadSession()
#22 /home/lutxise/Projects/Lutxise/vendor/laravel/framework/src/Illuminate/Session/Middleware/StartSession.php(147): Illuminate\\Session\\Store->start()
#23 /home/lutxise/Projects/Lutxise/vendor/laravel/framework/src/Illuminate/Support/helpers.php(399): Illuminate\\Session\\Middleware\\StartSession->Illuminate\\Session\\Middleware\\{closure}()
#24 /home/lutxise/Projects/Lutxise/vendor/laravel/framework/src/Illuminate/Session/Middleware/StartSession.php(144): tap()
#25 /home/lutxise/Projects/Lutxise/vendor/laravel/framework/src/Illuminate/Session/Middleware/StartSession.php(116): Illuminate\\Session\\Middleware\\StartSession->startSession()
#26 /home/lutxise/Projects/Lutxise/vendor/laravel/framework/src/Illuminate/Session/Middleware/StartSession.php(64): Illuminate\\Session\\Middleware\\StartSession->handleStatefulRequest()
#27 /home/lutxise/Projects/Lutxise/vendor/laravel/framework/src/Illuminate/Pipeline/Pipeline.php(183): Illuminate\\Session\\Middleware\\StartSession->handle()
#28 /home/lutxise/Projects/Lutxise/vendor/laravel/framework/src/Illuminate/Cookie/Middleware/AddQueuedCookiesToResponse.php(37): Illuminate\\Pipeline\\Pipeline->Illuminate\\Pipeline\\{closure}()
#29 /home/lutxise/Projects/Lutxise/vendor/laravel/framework/src/Illuminate/Pipeline/Pipeline.php(183): Illuminate\\Cookie\\Middleware\\AddQueuedCookiesToResponse->handle()
#30 /home/lutxise/Projects/Lutxise/vendor/laravel/framework/src/Illuminate/Cookie/Middleware/EncryptCookies.php(75): Illuminate\\Pipeline\\Pipeline->Illuminate\\Pipeline\\{closure}()
#31 /home/lutxise/Projects/Lutxise/vendor/laravel/framework/src/Illuminate/Pipeline/Pipeline.php(183): Illuminate\\Cookie\\Middleware\\EncryptCookies->handle()
#32 /home/lutxise/Projects/Lutxise/vendor/laravel/framework/src/Illuminate/Pipeline/Pipeline.php(119): Illuminate\\Pipeline\\Pipeline->Illuminate\\Pipeline\\{closure}()
#33 /home/lutxise/Projects/Lutxise/vendor/laravel/framework/src/Illuminate/Routing/Router.php(807): Illuminate\\Pipeline\\Pipeline->then()
#34 /home/lutxise/Projects/Lutxise/vendor/laravel/framework/src/Illuminate/Routing/Router.php(786): Illuminate\\Routing\\Router->runRouteWithinStack()
#35 /home/lutxise/Projects/Lutxise/vendor/laravel/framework/src/Illuminate/Routing/Router.php(750): Illuminate\\Routing\\Router->runRoute()
#36 /home/lutxise/Projects/Lutxise/vendor/laravel/framework/src/Illuminate/Routing/Router.php(739): Illuminate\\Routing\\Router->dispatchToRoute()
#37 /home/lutxise/Projects/Lutxise/vendor/laravel/framework/src/Illuminate/Foundation/Http/Kernel.php(201): Illuminate\\Routing\\Router->dispatch()
#38 /home/lutxise/Projects/Lutxise/vendor/laravel/framework/src/Illuminate/Pipeline/Pipeline.php(144): Illuminate\\Foundation\\Http\\Kernel->Illuminate\\Foundation\\Http\\{closure}()
#39 /home/lutxise/Projects/Lutxise/vendor/livewire/livewire/src/Features/SupportDisablingBackButtonCache/DisableBackButtonCacheMiddleware.php(19): Illuminate\\Pipeline\\Pipeline->Illuminate\\Pipeline\\{closure}()
#40 /home/lutxise/Projects/Lutxise/vendor/laravel/framework/src/Illuminate/Pipeline/Pipeline.php(183): Livewire\\Features\\SupportDisablingBackButtonCache\\DisableBackButtonCacheMiddleware->handle()
#41 /home/lutxise/Projects/Lutxise/vendor/laravel/framework/src/Illuminate/Foundation/Http/Middleware/TransformsRequest.php(21): Illuminate\\Pipeline\\Pipeline->Illuminate\\Pipeline\\{closure}()
#42 /home/lutxise/Projects/Lutxise/vendor/laravel/framework/src/Illuminate/Foundation/Http/Middleware/ConvertEmptyStringsToNull.php(31): Illuminate\\Foundation\\Http\\Middleware\\TransformsRequest->handle()
#43 /home/lutxise/Projects/Lutxise/vendor/laravel/framework/src/Illuminate/Pipeline/Pipeline.php(183): Illuminate\\Foundation\\Http\\Middleware\\ConvertEmptyStringsToNull->handle()
#44 /home/lutxise/Projects/Lutxise/vendor/laravel/framework/src/Illuminate/Foundation/Http/Middleware/TransformsRequest.php(21): Illuminate\\Pipeline\\Pipeline->Illuminate\\Pipeline\\{closure}()
#45 /home/lutxise/Projects/Lutxise/vendor/laravel/framework/src/Illuminate/Foundation/Http/Middleware/TrimStrings.php(51): Illuminate\\Foundation\\Http\\Middleware\\TransformsRequest->handle()
#46 /home/lutxise/Projects/Lutxise/vendor/laravel/framework/src/Illuminate/Pipeline/Pipeline.php(183): Illuminate\\Foundation\\Http\\Middleware\\TrimStrings->handle()
#47 /home/lutxise/Projects/Lutxise/vendor/laravel/framework/src/Illuminate/Http/Middleware/ValidatePostSize.php(27): Illuminate\\Pipeline\\Pipeline->Illuminate\\Pipeline\\{closure}()
#48 /home/lutxise/Projects/Lutxise/vendor/laravel/framework/src/Illuminate/Pipeline/Pipeline.php(183): Illuminate\\Http\\Middleware\\ValidatePostSize->handle()
#49 /home/lutxise/Projects/Lutxise/vendor/laravel/framework/src/Illuminate/Foundation/Http/Middleware/PreventRequestsDuringMaintenance.php(110): Illuminate\\Pipeline\\Pipeline->Illuminate\\Pipeline\\{closure}()
#50 /home/lutxise/Projects/Lutxise/vendor/laravel/framework/src/Illuminate/Pipeline/Pipeline.php(183): Illuminate\\Foundation\\Http\\Middleware\\PreventRequestsDuringMaintenance->handle()
#51 /home/lutxise/Projects/Lutxise/vendor/laravel/framework/src/Illuminate/Http/Middleware/HandleCors.php(49): Illuminate\\Pipeline\\Pipeline->Illuminate\\Pipeline\\{closure}()
#52 /home/lutxise/Projects/Lutxise/vendor/laravel/framework/src/Illuminate/Pipeline/Pipeline.php(183): Illuminate\\Http\\Middleware\\HandleCors->handle()
#53 /home/lutxise/Projects/Lutxise/vendor/laravel/framework/src/Illuminate/Http/Middleware/TrustProxies.php(58): Illuminate\\Pipeline\\Pipeline->Illuminate\\Pipeline\\{closure}()
#54 /home/lutxise/Projects/Lutxise/vendor/laravel/framework/src/Illuminate/Pipeline/Pipeline.php(183): Illuminate\\Http\\Middleware\\TrustProxies->handle()
#55 /home/lutxise/Projects/Lutxise/vendor/laravel/framework/src/Illuminate/Foundation/Http/Middleware/InvokeDeferredCallbacks.php(22): Illuminate\\Pipeline\\Pipeline->Illuminate\\Pipeline\\{closure}()
#56 /home/lutxise/Projects/Lutxise/vendor/laravel/framework/src/Illuminate/Pipeline/Pipeline.php(183): Illuminate\\Foundation\\Http\\Middleware\\InvokeDeferredCallbacks->handle()
#57 /home/lutxise/Projects/Lutxise/vendor/laravel/framework/src/Illuminate/Pipeline/Pipeline.php(119): Illuminate\\Pipeline\\Pipeline->Illuminate\\Pipeline\\{closure}()
#58 /home/lutxise/Projects/Lutxise/vendor/laravel/framework/src/Illuminate/Foundation/Http/Kernel.php(176): Illuminate\\Pipeline\\Pipeline->then()
#59 /home/lutxise/Projects/Lutxise/vendor/laravel/framework/src/Illuminate/Foundation/Http/Kernel.php(145): Illuminate\\Foundation\\Http\\Kernel->sendRequestThroughRouter()
#60 /home/lutxise/Projects/Lutxise/vendor/laravel/framework/src/Illuminate/Foundation/Application.php(1190): Illuminate\\Foundation\\Http\\Kernel->handle()
#61 /home/lutxise/Projects/Lutxise/public/index.php(17): Illuminate\\Foundation\\Application->handleRequest()
#62 /home/lutxise/Projects/Lutxise/vendor/laravel/framework/src/Illuminate/Foundation/resources/server.php(23): require_once('...')
#63 {main}
"} 
[2025-01-13 00:53:27] local.ERROR: SQLSTATE[HY000] [1045] Access denied for user 'root'@'localhost' (using password: NO) (Connection: mysql, SQL: select * from `sessions` where `id` = gfFcWoe4ycZGyjkY5muqiXGCqLDau4rBQmTyOMF2 limit 1) {"exception":"[object] (Illuminate\\Database\\QueryException(code: 1045): SQLSTATE[HY000] [1045] Access denied for user 'root'@'localhost' (using password: NO) (Connection: mysql, SQL: select * from `sessions` where `id` = gfFcWoe4ycZGyjkY5muqiXGCqLDau4rBQmTyOMF2 limit 1) at /home/lutxise/Projects/Lutxise/vendor/laravel/framework/src/Illuminate/Database/Connection.php:825)
[stacktrace]
#0 /home/lutxise/Projects/Lutxise/vendor/laravel/framework/src/Illuminate/Database/Connection.php(779): Illuminate\\Database\\Connection->runQueryCallback()
#1 /home/lutxise/Projects/Lutxise/vendor/laravel/framework/src/Illuminate/Database/Connection.php(398): Illuminate\\Database\\Connection->run()
#2 /home/lutxise/Projects/Lutxise/vendor/laravel/framework/src/Illuminate/Database/Query/Builder.php(3133): Illuminate\\Database\\Connection->select()
#3 /home/lutxise/Projects/Lutxise/vendor/laravel/framework/src/Illuminate/Database/Query/Builder.php(3118): Illuminate\\Database\\Query\\Builder->runSelect()
#4 /home/lutxise/Projects/Lutxise/vendor/laravel/framework/src/Illuminate/Database/Query/Builder.php(3706): Illuminate\\Database\\Query\\Builder->Illuminate\\Database\\Query\\{closure}()
#5 /home/lutxise/Projects/Lutxise/vendor/laravel/framework/src/Illuminate/Database/Query/Builder.php(3117): Illuminate\\Database\\Query\\Builder->onceWithColumns()
#6 /home/lutxise/Projects/Lutxise/vendor/laravel/framework/src/Illuminate/Database/Concerns/BuildsQueries.php(344): Illuminate\\Database\\Query\\Builder->get()
#7 /home/lutxise/Projects/Lutxise/vendor/laravel/framework/src/Illuminate/Database/Query/Builder.php(3038): Illuminate\\Database\\Query\\Builder->first()
#8 /home/lutxise/Projects/Lutxise/vendor/laravel/framework/src/Illuminate/Session/DatabaseSessionHandler.php(97): Illuminate\\Database\\Query\\Builder->find()
#9 /home/lutxise/Projects/Lutxise/vendor/laravel/framework/src/Illuminate/Session/Store.php(116): Illuminate\\Session\\DatabaseSessionHandler->read()
#10 /home/lutxise/Projects/Lutxise/vendor/laravel/framework/src/Illuminate/Session/Store.php(104): Illuminate\\Session\\Store->readFromHandler()
#11 /home/lutxise/Projects/Lutxise/vendor/laravel/framework/src/Illuminate/Session/Store.php(88): Illuminate\\Session\\Store->loadSession()
#12 /home/lutxise/Projects/Lutxise/vendor/laravel/framework/src/Illuminate/Session/Middleware/StartSession.php(147): Illuminate\\Session\\Store->start()
#13 /home/lutxise/Projects/Lutxise/vendor/laravel/framework/src/Illuminate/Support/helpers.php(399): Illuminate\\Session\\Middleware\\StartSession->Illuminate\\Session\\Middleware\\{closure}()
#14 /home/lutxise/Projects/Lutxise/vendor/laravel/framework/src/Illuminate/Session/Middleware/StartSession.php(144): tap()
#15 /home/lutxise/Projects/Lutxise/vendor/laravel/framework/src/Illuminate/Session/Middleware/StartSession.php(116): Illuminate\\Session\\Middleware\\StartSession->startSession()
#16 /home/lutxise/Projects/Lutxise/vendor/laravel/framework/src/Illuminate/Session/Middleware/StartSession.php(64): Illuminate\\Session\\Middleware\\StartSession->handleStatefulRequest()
#17 /home/lutxise/Projects/Lutxise/vendor/laravel/framework/src/Illuminate/Pipeline/Pipeline.php(183): Illuminate\\Session\\Middleware\\StartSession->handle()
#18 /home/lutxise/Projects/Lutxise/vendor/laravel/framework/src/Illuminate/Cookie/Middleware/AddQueuedCookiesToResponse.php(37): Illuminate\\Pipeline\\Pipeline->Illuminate\\Pipeline\\{closure}()
#19 /home/lutxise/Projects/Lutxise/vendor/laravel/framework/src/Illuminate/Pipeline/Pipeline.php(183): Illuminate\\Cookie\\Middleware\\AddQueuedCookiesToResponse->handle()
#20 /home/lutxise/Projects/Lutxise/vendor/laravel/framework/src/Illuminate/Cookie/Middleware/EncryptCookies.php(75): Illuminate\\Pipeline\\Pipeline->Illuminate\\Pipeline\\{closure}()
#21 /home/lutxise/Projects/Lutxise/vendor/laravel/framework/src/Illuminate/Pipeline/Pipeline.php(183): Illuminate\\Cookie\\Middleware\\EncryptCookies->handle()
#22 /home/lutxise/Projects/Lutxise/vendor/laravel/framework/src/Illuminate/Pipeline/Pipeline.php(119): Illuminate\\Pipeline\\Pipeline->Illuminate\\Pipeline\\{closure}()
#23 /home/lutxise/Projects/Lutxise/vendor/laravel/framework/src/Illuminate/Routing/Router.php(807): Illuminate\\Pipeline\\Pipeline->then()
#24 /home/lutxise/Projects/Lutxise/vendor/laravel/framework/src/Illuminate/Routing/Router.php(786): Illuminate\\Routing\\Router->runRouteWithinStack()
#25 /home/lutxise/Projects/Lutxise/vendor/laravel/framework/src/Illuminate/Routing/Router.php(750): Illuminate\\Routing\\Router->runRoute()
#26 /home/lutxise/Projects/Lutxise/vendor/laravel/framework/src/Illuminate/Routing/Router.php(739): Illuminate\\Routing\\Router->dispatchToRoute()
#27 /home/lutxise/Projects/Lutxise/vendor/laravel/framework/src/Illuminate/Foundation/Http/Kernel.php(201): Illuminate\\Routing\\Router->dispatch()
#28 /home/lutxise/Projects/Lutxise/vendor/laravel/framework/src/Illuminate/Pipeline/Pipeline.php(144): Illuminate\\Foundation\\Http\\Kernel->Illuminate\\Foundation\\Http\\{closure}()
#29 /home/lutxise/Projects/Lutxise/vendor/livewire/livewire/src/Features/SupportDisablingBackButtonCache/DisableBackButtonCacheMiddleware.php(19): Illuminate\\Pipeline\\Pipeline->Illuminate\\Pipeline\\{closure}()
#30 /home/lutxise/Projects/Lutxise/vendor/laravel/framework/src/Illuminate/Pipeline/Pipeline.php(183): Livewire\\Features\\SupportDisablingBackButtonCache\\DisableBackButtonCacheMiddleware->handle()
#31 /home/lutxise/Projects/Lutxise/vendor/laravel/framework/src/Illuminate/Foundation/Http/Middleware/TransformsRequest.php(21): Illuminate\\Pipeline\\Pipeline->Illuminate\\Pipeline\\{closure}()
#32 /home/lutxise/Projects/Lutxise/vendor/laravel/framework/src/Illuminate/Foundation/Http/Middleware/ConvertEmptyStringsToNull.php(31): Illuminate\\Foundation\\Http\\Middleware\\TransformsRequest->handle()
#33 /home/lutxise/Projects/Lutxise/vendor/laravel/framework/src/Illuminate/Pipeline/Pipeline.php(183): Illuminate\\Foundation\\Http\\Middleware\\ConvertEmptyStringsToNull->handle()
#34 /home/lutxise/Projects/Lutxise/vendor/laravel/framework/src/Illuminate/Foundation/Http/Middleware/TransformsRequest.php(21): Illuminate\\Pipeline\\Pipeline->Illuminate\\Pipeline\\{closure}()
#35 /home/lutxise/Projects/Lutxise/vendor/laravel/framework/src/Illuminate/Foundation/Http/Middleware/TrimStrings.php(51): Illuminate\\Foundation\\Http\\Middleware\\TransformsRequest->handle()
#36 /home/lutxise/Projects/Lutxise/vendor/laravel/framework/src/Illuminate/Pipeline/Pipeline.php(183): Illuminate\\Foundation\\Http\\Middleware\\TrimStrings->handle()
#37 /home/lutxise/Projects/Lutxise/vendor/laravel/framework/src/Illuminate/Http/Middleware/ValidatePostSize.php(27): Illuminate\\Pipeline\\Pipeline->Illuminate\\Pipeline\\{closure}()
#38 /home/lutxise/Projects/Lutxise/vendor/laravel/framework/src/Illuminate/Pipeline/Pipeline.php(183): Illuminate\\Http\\Middleware\\ValidatePostSize->handle()
#39 /home/lutxise/Projects/Lutxise/vendor/laravel/framework/src/Illuminate/Foundation/Http/Middleware/PreventRequestsDuringMaintenance.php(110): Illuminate\\Pipeline\\Pipeline->Illuminate\\Pipeline\\{closure}()
#40 /home/lutxise/Projects/Lutxise/vendor/laravel/framework/src/Illuminate/Pipeline/Pipeline.php(183): Illuminate\\Foundation\\Http\\Middleware\\PreventRequestsDuringMaintenance->handle()
#41 /home/lutxise/Projects/Lutxise/vendor/laravel/framework/src/Illuminate/Http/Middleware/HandleCors.php(49): Illuminate\\Pipeline\\Pipeline->Illuminate\\Pipeline\\{closure}()
#42 /home/lutxise/Projects/Lutxise/vendor/laravel/framework/src/Illuminate/Pipeline/Pipeline.php(183): Illuminate\\Http\\Middleware\\HandleCors->handle()
#43 /home/lutxise/Projects/Lutxise/vendor/laravel/framework/src/Illuminate/Http/Middleware/TrustProxies.php(58): Illuminate\\Pipeline\\Pipeline->Illuminate\\Pipeline\\{closure}()
#44 /home/lutxise/Projects/Lutxise/vendor/laravel/framework/src/Illuminate/Pipeline/Pipeline.php(183): Illuminate\\Http\\Middleware\\TrustProxies->handle()
#45 /home/lutxise/Projects/Lutxise/vendor/laravel/framework/src/Illuminate/Foundation/Http/Middleware/InvokeDeferredCallbacks.php(22): Illuminate\\Pipeline\\Pipeline->Illuminate\\Pipeline\\{closure}()
#46 /home/lutxise/Projects/Lutxise/vendor/laravel/framework/src/Illuminate/Pipeline/Pipeline.php(183): Illuminate\\Foundation\\Http\\Middleware\\InvokeDeferredCallbacks->handle()
#47 /home/lutxise/Projects/Lutxise/vendor/laravel/framework/src/Illuminate/Pipeline/Pipeline.php(119): Illuminate\\Pipeline\\Pipeline->Illuminate\\Pipeline\\{closure}()
#48 /home/lutxise/Projects/Lutxise/vendor/laravel/framework/src/Illuminate/Foundation/Http/Kernel.php(176): Illuminate\\Pipeline\\Pipeline->then()
#49 /home/lutxise/Projects/Lutxise/vendor/laravel/framework/src/Illuminate/Foundation/Http/Kernel.php(145): Illuminate\\Foundation\\Http\\Kernel->sendRequestThroughRouter()
#50 /home/lutxise/Projects/Lutxise/vendor/laravel/framework/src/Illuminate/Foundation/Application.php(1190): Illuminate\\Foundation\\Http\\Kernel->handle()
#51 /home/lutxise/Projects/Lutxise/public/index.php(17): Illuminate\\Foundation\\Application->handleRequest()
#52 /home/lutxise/Projects/Lutxise/vendor/laravel/framework/src/Illuminate/Foundation/resources/server.php(23): require_once('...')
#53 {main}

[previous exception] [object] (PDOException(code: 1045): SQLSTATE[HY000] [1045] Access denied for user 'root'@'localhost' (using password: NO) at /home/lutxise/Projects/Lutxise/vendor/laravel/framework/src/Illuminate/Database/Connectors/Connector.php:66)
[stacktrace]
#0 /home/lutxise/Projects/Lutxise/vendor/laravel/framework/src/Illuminate/Database/Connectors/Connector.php(66): PDO->__construct()
#1 /home/lutxise/Projects/Lutxise/vendor/laravel/framework/src/Illuminate/Database/Connectors/Connector.php(44): Illuminate\\Database\\Connectors\\Connector->createPdoConnection()
#2 /home/lutxise/Projects/Lutxise/vendor/laravel/framework/src/Illuminate/Database/Connectors/MySqlConnector.php(24): Illuminate\\Database\\Connectors\\Connector->createConnection()
#3 /home/lutxise/Projects/Lutxise/vendor/laravel/framework/src/Illuminate/Database/Connectors/ConnectionFactory.php(185): Illuminate\\Database\\Connectors\\MySqlConnector->connect()
#4 [internal function]: Illuminate\\Database\\Connectors\\ConnectionFactory->Illuminate\\Database\\Connectors\\{closure}()
#5 /home/lutxise/Projects/Lutxise/vendor/laravel/framework/src/Illuminate/Database/Connection.php(1231): call_user_func()
#6 /home/lutxise/Projects/Lutxise/vendor/laravel/framework/src/Illuminate/Database/Connection.php(1267): Illuminate\\Database\\Connection->getPdo()
#7 /home/lutxise/Projects/Lutxise/vendor/laravel/framework/src/Illuminate/Database/Connection.php(512): Illuminate\\Database\\Connection->getReadPdo()
#8 /home/lutxise/Projects/Lutxise/vendor/laravel/framework/src/Illuminate/Database/Connection.php(407): Illuminate\\Database\\Connection->getPdoForSelect()
#9 /home/lutxise/Projects/Lutxise/vendor/laravel/framework/src/Illuminate/Database/Connection.php(812): Illuminate\\Database\\Connection->Illuminate\\Database\\{closure}()
#10 /home/lutxise/Projects/Lutxise/vendor/laravel/framework/src/Illuminate/Database/Connection.php(779): Illuminate\\Database\\Connection->runQueryCallback()
#11 /home/lutxise/Projects/Lutxise/vendor/laravel/framework/src/Illuminate/Database/Connection.php(398): Illuminate\\Database\\Connection->run()
#12 /home/lutxise/Projects/Lutxise/vendor/laravel/framework/src/Illuminate/Database/Query/Builder.php(3133): Illuminate\\Database\\Connection->select()
#13 /home/lutxise/Projects/Lutxise/vendor/laravel/framework/src/Illuminate/Database/Query/Builder.php(3118): Illuminate\\Database\\Query\\Builder->runSelect()
#14 /home/lutxise/Projects/Lutxise/vendor/laravel/framework/src/Illuminate/Database/Query/Builder.php(3706): Illuminate\\Database\\Query\\Builder->Illuminate\\Database\\Query\\{closure}()
#15 /home/lutxise/Projects/Lutxise/vendor/laravel/framework/src/Illuminate/Database/Query/Builder.php(3117): Illuminate\\Database\\Query\\Builder->onceWithColumns()
#16 /home/lutxise/Projects/Lutxise/vendor/laravel/framework/src/Illuminate/Database/Concerns/BuildsQueries.php(344): Illuminate\\Database\\Query\\Builder->get()
#17 /home/lutxise/Projects/Lutxise/vendor/laravel/framework/src/Illuminate/Database/Query/Builder.php(3038): Illuminate\\Database\\Query\\Builder->first()
#18 /home/lutxise/Projects/Lutxise/vendor/laravel/framework/src/Illuminate/Session/DatabaseSessionHandler.php(97): Illuminate\\Database\\Query\\Builder->find()
#19 /home/lutxise/Projects/Lutxise/vendor/laravel/framework/src/Illuminate/Session/Store.php(116): Illuminate\\Session\\DatabaseSessionHandler->read()
#20 /home/lutxise/Projects/Lutxise/vendor/laravel/framework/src/Illuminate/Session/Store.php(104): Illuminate\\Session\\Store->readFromHandler()
#21 /home/lutxise/Projects/Lutxise/vendor/laravel/framework/src/Illuminate/Session/Store.php(88): Illuminate\\Session\\Store->loadSession()
#22 /home/lutxise/Projects/Lutxise/vendor/laravel/framework/src/Illuminate/Session/Middleware/StartSession.php(147): Illuminate\\Session\\Store->start()
#23 /home/lutxise/Projects/Lutxise/vendor/laravel/framework/src/Illuminate/Support/helpers.php(399): Illuminate\\Session\\Middleware\\StartSession->Illuminate\\Session\\Middleware\\{closure}()
#24 /home/lutxise/Projects/Lutxise/vendor/laravel/framework/src/Illuminate/Session/Middleware/StartSession.php(144): tap()
#25 /home/lutxise/Projects/Lutxise/vendor/laravel/framework/src/Illuminate/Session/Middleware/StartSession.php(116): Illuminate\\Session\\Middleware\\StartSession->startSession()
#26 /home/lutxise/Projects/Lutxise/vendor/laravel/framework/src/Illuminate/Session/Middleware/StartSession.php(64): Illuminate\\Session\\Middleware\\StartSession->handleStatefulRequest()
#27 /home/lutxise/Projects/Lutxise/vendor/laravel/framework/src/Illuminate/Pipeline/Pipeline.php(183): Illuminate\\Session\\Middleware\\StartSession->handle()
#28 /home/lutxise/Projects/Lutxise/vendor/laravel/framework/src/Illuminate/Cookie/Middleware/AddQueuedCookiesToResponse.php(37): Illuminate\\Pipeline\\Pipeline->Illuminate\\Pipeline\\{closure}()
#29 /home/lutxise/Projects/Lutxise/vendor/laravel/framework/src/Illuminate/Pipeline/Pipeline.php(183): Illuminate\\Cookie\\Middleware\\AddQueuedCookiesToResponse->handle()
#30 /home/lutxise/Projects/Lutxise/vendor/laravel/framework/src/Illuminate/Cookie/Middleware/EncryptCookies.php(75): Illuminate\\Pipeline\\Pipeline->Illuminate\\Pipeline\\{closure}()
#31 /home/lutxise/Projects/Lutxise/vendor/laravel/framework/src/Illuminate/Pipeline/Pipeline.php(183): Illuminate\\Cookie\\Middleware\\EncryptCookies->handle()
#32 /home/lutxise/Projects/Lutxise/vendor/laravel/framework/src/Illuminate/Pipeline/Pipeline.php(119): Illuminate\\Pipeline\\Pipeline->Illuminate\\Pipeline\\{closure}()
#33 /home/lutxise/Projects/Lutxise/vendor/laravel/framework/src/Illuminate/Routing/Router.php(807): Illuminate\\Pipeline\\Pipeline->then()
#34 /home/lutxise/Projects/Lutxise/vendor/laravel/framework/src/Illuminate/Routing/Router.php(786): Illuminate\\Routing\\Router->runRouteWithinStack()
#35 /home/lutxise/Projects/Lutxise/vendor/laravel/framework/src/Illuminate/Routing/Router.php(750): Illuminate\\Routing\\Router->runRoute()
#36 /home/lutxise/Projects/Lutxise/vendor/laravel/framework/src/Illuminate/Routing/Router.php(739): Illuminate\\Routing\\Router->dispatchToRoute()
#37 /home/lutxise/Projects/Lutxise/vendor/laravel/framework/src/Illuminate/Foundation/Http/Kernel.php(201): Illuminate\\Routing\\Router->dispatch()
#38 /home/lutxise/Projects/Lutxise/vendor/laravel/framework/src/Illuminate/Pipeline/Pipeline.php(144): Illuminate\\Foundation\\Http\\Kernel->Illuminate\\Foundation\\Http\\{closure}()
#39 /home/lutxise/Projects/Lutxise/vendor/livewire/livewire/src/Features/SupportDisablingBackButtonCache/DisableBackButtonCacheMiddleware.php(19): Illuminate\\Pipeline\\Pipeline->Illuminate\\Pipeline\\{closure}()
#40 /home/lutxise/Projects/Lutxise/vendor/laravel/framework/src/Illuminate/Pipeline/Pipeline.php(183): Livewire\\Features\\SupportDisablingBackButtonCache\\DisableBackButtonCacheMiddleware->handle()
#41 /home/lutxise/Projects/Lutxise/vendor/laravel/framework/src/Illuminate/Foundation/Http/Middleware/TransformsRequest.php(21): Illuminate\\Pipeline\\Pipeline->Illuminate\\Pipeline\\{closure}()
#42 /home/lutxise/Projects/Lutxise/vendor/laravel/framework/src/Illuminate/Foundation/Http/Middleware/ConvertEmptyStringsToNull.php(31): Illuminate\\Foundation\\Http\\Middleware\\TransformsRequest->handle()
#43 /home/lutxise/Projects/Lutxise/vendor/laravel/framework/src/Illuminate/Pipeline/Pipeline.php(183): Illuminate\\Foundation\\Http\\Middleware\\ConvertEmptyStringsToNull->handle()
#44 /home/lutxise/Projects/Lutxise/vendor/laravel/framework/src/Illuminate/Foundation/Http/Middleware/TransformsRequest.php(21): Illuminate\\Pipeline\\Pipeline->Illuminate\\Pipeline\\{closure}()
#45 /home/lutxise/Projects/Lutxise/vendor/laravel/framework/src/Illuminate/Foundation/Http/Middleware/TrimStrings.php(51): Illuminate\\Foundation\\Http\\Middleware\\TransformsRequest->handle()
#46 /home/lutxise/Projects/Lutxise/vendor/laravel/framework/src/Illuminate/Pipeline/Pipeline.php(183): Illuminate\\Foundation\\Http\\Middleware\\TrimStrings->handle()
#47 /home/lutxise/Projects/Lutxise/vendor/laravel/framework/src/Illuminate/Http/Middleware/ValidatePostSize.php(27): Illuminate\\Pipeline\\Pipeline->Illuminate\\Pipeline\\{closure}()
#48 /home/lutxise/Projects/Lutxise/vendor/laravel/framework/src/Illuminate/Pipeline/Pipeline.php(183): Illuminate\\Http\\Middleware\\ValidatePostSize->handle()
#49 /home/lutxise/Projects/Lutxise/vendor/laravel/framework/src/Illuminate/Foundation/Http/Middleware/PreventRequestsDuringMaintenance.php(110): Illuminate\\Pipeline\\Pipeline->Illuminate\\Pipeline\\{closure}()
#50 /home/lutxise/Projects/Lutxise/vendor/laravel/framework/src/Illuminate/Pipeline/Pipeline.php(183): Illuminate\\Foundation\\Http\\Middleware\\PreventRequestsDuringMaintenance->handle()
#51 /home/lutxise/Projects/Lutxise/vendor/laravel/framework/src/Illuminate/Http/Middleware/HandleCors.php(49): Illuminate\\Pipeline\\Pipeline->Illuminate\\Pipeline\\{closure}()
#52 /home/lutxise/Projects/Lutxise/vendor/laravel/framework/src/Illuminate/Pipeline/Pipeline.php(183): Illuminate\\Http\\Middleware\\HandleCors->handle()
#53 /home/lutxise/Projects/Lutxise/vendor/laravel/framework/src/Illuminate/Http/Middleware/TrustProxies.php(58): Illuminate\\Pipeline\\Pipeline->Illuminate\\Pipeline\\{closure}()
#54 /home/lutxise/Projects/Lutxise/vendor/laravel/framework/src/Illuminate/Pipeline/Pipeline.php(183): Illuminate\\Http\\Middleware\\TrustProxies->handle()
#55 /home/lutxise/Projects/Lutxise/vendor/laravel/framework/src/Illuminate/Foundation/Http/Middleware/InvokeDeferredCallbacks.php(22): Illuminate\\Pipeline\\Pipeline->Illuminate\\Pipeline\\{closure}()
#56 /home/lutxise/Projects/Lutxise/vendor/laravel/framework/src/Illuminate/Pipeline/Pipeline.php(183): Illuminate\\Foundation\\Http\\Middleware\\InvokeDeferredCallbacks->handle()
#57 /home/lutxise/Projects/Lutxise/vendor/laravel/framework/src/Illuminate/Pipeline/Pipeline.php(119): Illuminate\\Pipeline\\Pipeline->Illuminate\\Pipeline\\{closure}()
#58 /home/lutxise/Projects/Lutxise/vendor/laravel/framework/src/Illuminate/Foundation/Http/Kernel.php(176): Illuminate\\Pipeline\\Pipeline->then()
#59 /home/lutxise/Projects/Lutxise/vendor/laravel/framework/src/Illuminate/Foundation/Http/Kernel.php(145): Illuminate\\Foundation\\Http\\Kernel->sendRequestThroughRouter()
#60 /home/lutxise/Projects/Lutxise/vendor/laravel/framework/src/Illuminate/Foundation/Application.php(1190): Illuminate\\Foundation\\Http\\Kernel->handle()
#61 /home/lutxise/Projects/Lutxise/public/index.php(17): Illuminate\\Foundation\\Application->handleRequest()
#62 /home/lutxise/Projects/Lutxise/vendor/laravel/framework/src/Illuminate/Foundation/resources/server.php(23): require_once('...')
#63 {main}
"} 
[2025-01-13 00:53:36] local.ERROR: SQLSTATE[HY000] [1045] Access denied for user 'root'@'localhost' (using password: NO) (Connection: mysql, SQL: select * from `sessions` where `id` = NfHGY1BLbrPoQq3rJoabOZiNOMaCB3K0GgIwZfyt limit 1) {"exception":"[object] (Illuminate\\Database\\QueryException(code: 1045): SQLSTATE[HY000] [1045] Access denied for user 'root'@'localhost' (using password: NO) (Connection: mysql, SQL: select * from `sessions` where `id` = NfHGY1BLbrPoQq3rJoabOZiNOMaCB3K0GgIwZfyt limit 1) at /home/lutxise/Projects/Lutxise/vendor/laravel/framework/src/Illuminate/Database/Connection.php:825)
[stacktrace]
#0 /home/lutxise/Projects/Lutxise/vendor/laravel/framework/src/Illuminate/Database/Connection.php(779): Illuminate\\Database\\Connection->runQueryCallback()
#1 /home/lutxise/Projects/Lutxise/vendor/laravel/framework/src/Illuminate/Database/Connection.php(398): Illuminate\\Database\\Connection->run()
#2 /home/lutxise/Projects/Lutxise/vendor/laravel/framework/src/Illuminate/Database/Query/Builder.php(3133): Illuminate\\Database\\Connection->select()
#3 /home/lutxise/Projects/Lutxise/vendor/laravel/framework/src/Illuminate/Database/Query/Builder.php(3118): Illuminate\\Database\\Query\\Builder->runSelect()
#4 /home/lutxise/Projects/Lutxise/vendor/laravel/framework/src/Illuminate/Database/Query/Builder.php(3706): Illuminate\\Database\\Query\\Builder->Illuminate\\Database\\Query\\{closure}()
#5 /home/lutxise/Projects/Lutxise/vendor/laravel/framework/src/Illuminate/Database/Query/Builder.php(3117): Illuminate\\Database\\Query\\Builder->onceWithColumns()
#6 /home/lutxise/Projects/Lutxise/vendor/laravel/framework/src/Illuminate/Database/Concerns/BuildsQueries.php(344): Illuminate\\Database\\Query\\Builder->get()
#7 /home/lutxise/Projects/Lutxise/vendor/laravel/framework/src/Illuminate/Database/Query/Builder.php(3038): Illuminate\\Database\\Query\\Builder->first()
#8 /home/lutxise/Projects/Lutxise/vendor/laravel/framework/src/Illuminate/Session/DatabaseSessionHandler.php(97): Illuminate\\Database\\Query\\Builder->find()
#9 /home/lutxise/Projects/Lutxise/vendor/laravel/framework/src/Illuminate/Session/Store.php(116): Illuminate\\Session\\DatabaseSessionHandler->read()
#10 /home/lutxise/Projects/Lutxise/vendor/laravel/framework/src/Illuminate/Session/Store.php(104): Illuminate\\Session\\Store->readFromHandler()
#11 /home/lutxise/Projects/Lutxise/vendor/laravel/framework/src/Illuminate/Session/Store.php(88): Illuminate\\Session\\Store->loadSession()
#12 /home/lutxise/Projects/Lutxise/vendor/laravel/framework/src/Illuminate/Session/Middleware/StartSession.php(147): Illuminate\\Session\\Store->start()
#13 /home/lutxise/Projects/Lutxise/vendor/laravel/framework/src/Illuminate/Support/helpers.php(399): Illuminate\\Session\\Middleware\\StartSession->Illuminate\\Session\\Middleware\\{closure}()
#14 /home/lutxise/Projects/Lutxise/vendor/laravel/framework/src/Illuminate/Session/Middleware/StartSession.php(144): tap()
#15 /home/lutxise/Projects/Lutxise/vendor/laravel/framework/src/Illuminate/Session/Middleware/StartSession.php(116): Illuminate\\Session\\Middleware\\StartSession->startSession()
#16 /home/lutxise/Projects/Lutxise/vendor/laravel/framework/src/Illuminate/Session/Middleware/StartSession.php(64): Illuminate\\Session\\Middleware\\StartSession->handleStatefulRequest()
#17 /home/lutxise/Projects/Lutxise/vendor/laravel/framework/src/Illuminate/Pipeline/Pipeline.php(183): Illuminate\\Session\\Middleware\\StartSession->handle()
#18 /home/lutxise/Projects/Lutxise/vendor/laravel/framework/src/Illuminate/Cookie/Middleware/AddQueuedCookiesToResponse.php(37): Illuminate\\Pipeline\\Pipeline->Illuminate\\Pipeline\\{closure}()
#19 /home/lutxise/Projects/Lutxise/vendor/laravel/framework/src/Illuminate/Pipeline/Pipeline.php(183): Illuminate\\Cookie\\Middleware\\AddQueuedCookiesToResponse->handle()
#20 /home/lutxise/Projects/Lutxise/vendor/laravel/framework/src/Illuminate/Cookie/Middleware/EncryptCookies.php(75): Illuminate\\Pipeline\\Pipeline->Illuminate\\Pipeline\\{closure}()
#21 /home/lutxise/Projects/Lutxise/vendor/laravel/framework/src/Illuminate/Pipeline/Pipeline.php(183): Illuminate\\Cookie\\Middleware\\EncryptCookies->handle()
#22 /home/lutxise/Projects/Lutxise/vendor/laravel/framework/src/Illuminate/Pipeline/Pipeline.php(119): Illuminate\\Pipeline\\Pipeline->Illuminate\\Pipeline\\{closure}()
#23 /home/lutxise/Projects/Lutxise/vendor/laravel/framework/src/Illuminate/Routing/Router.php(807): Illuminate\\Pipeline\\Pipeline->then()
#24 /home/lutxise/Projects/Lutxise/vendor/laravel/framework/src/Illuminate/Routing/Router.php(786): Illuminate\\Routing\\Router->runRouteWithinStack()
#25 /home/lutxise/Projects/Lutxise/vendor/laravel/framework/src/Illuminate/Routing/Router.php(750): Illuminate\\Routing\\Router->runRoute()
#26 /home/lutxise/Projects/Lutxise/vendor/laravel/framework/src/Illuminate/Routing/Router.php(739): Illuminate\\Routing\\Router->dispatchToRoute()
#27 /home/lutxise/Projects/Lutxise/vendor/laravel/framework/src/Illuminate/Foundation/Http/Kernel.php(201): Illuminate\\Routing\\Router->dispatch()
#28 /home/lutxise/Projects/Lutxise/vendor/laravel/framework/src/Illuminate/Pipeline/Pipeline.php(144): Illuminate\\Foundation\\Http\\Kernel->Illuminate\\Foundation\\Http\\{closure}()
#29 /home/lutxise/Projects/Lutxise/vendor/livewire/livewire/src/Features/SupportDisablingBackButtonCache/DisableBackButtonCacheMiddleware.php(19): Illuminate\\Pipeline\\Pipeline->Illuminate\\Pipeline\\{closure}()
#30 /home/lutxise/Projects/Lutxise/vendor/laravel/framework/src/Illuminate/Pipeline/Pipeline.php(183): Livewire\\Features\\SupportDisablingBackButtonCache\\DisableBackButtonCacheMiddleware->handle()
#31 /home/lutxise/Projects/Lutxise/vendor/laravel/framework/src/Illuminate/Foundation/Http/Middleware/TransformsRequest.php(21): Illuminate\\Pipeline\\Pipeline->Illuminate\\Pipeline\\{closure}()
#32 /home/lutxise/Projects/Lutxise/vendor/laravel/framework/src/Illuminate/Foundation/Http/Middleware/ConvertEmptyStringsToNull.php(31): Illuminate\\Foundation\\Http\\Middleware\\TransformsRequest->handle()
#33 /home/lutxise/Projects/Lutxise/vendor/laravel/framework/src/Illuminate/Pipeline/Pipeline.php(183): Illuminate\\Foundation\\Http\\Middleware\\ConvertEmptyStringsToNull->handle()
#34 /home/lutxise/Projects/Lutxise/vendor/laravel/framework/src/Illuminate/Foundation/Http/Middleware/TransformsRequest.php(21): Illuminate\\Pipeline\\Pipeline->Illuminate\\Pipeline\\{closure}()
#35 /home/lutxise/Projects/Lutxise/vendor/laravel/framework/src/Illuminate/Foundation/Http/Middleware/TrimStrings.php(51): Illuminate\\Foundation\\Http\\Middleware\\TransformsRequest->handle()
#36 /home/lutxise/Projects/Lutxise/vendor/laravel/framework/src/Illuminate/Pipeline/Pipeline.php(183): Illuminate\\Foundation\\Http\\Middleware\\TrimStrings->handle()
#37 /home/lutxise/Projects/Lutxise/vendor/laravel/framework/src/Illuminate/Http/Middleware/ValidatePostSize.php(27): Illuminate\\Pipeline\\Pipeline->Illuminate\\Pipeline\\{closure}()
#38 /home/lutxise/Projects/Lutxise/vendor/laravel/framework/src/Illuminate/Pipeline/Pipeline.php(183): Illuminate\\Http\\Middleware\\ValidatePostSize->handle()
#39 /home/lutxise/Projects/Lutxise/vendor/laravel/framework/src/Illuminate/Foundation/Http/Middleware/PreventRequestsDuringMaintenance.php(110): Illuminate\\Pipeline\\Pipeline->Illuminate\\Pipeline\\{closure}()
#40 /home/lutxise/Projects/Lutxise/vendor/laravel/framework/src/Illuminate/Pipeline/Pipeline.php(183): Illuminate\\Foundation\\Http\\Middleware\\PreventRequestsDuringMaintenance->handle()
#41 /home/lutxise/Projects/Lutxise/vendor/laravel/framework/src/Illuminate/Http/Middleware/HandleCors.php(49): Illuminate\\Pipeline\\Pipeline->Illuminate\\Pipeline\\{closure}()
#42 /home/lutxise/Projects/Lutxise/vendor/laravel/framework/src/Illuminate/Pipeline/Pipeline.php(183): Illuminate\\Http\\Middleware\\HandleCors->handle()
#43 /home/lutxise/Projects/Lutxise/vendor/laravel/framework/src/Illuminate/Http/Middleware/TrustProxies.php(58): Illuminate\\Pipeline\\Pipeline->Illuminate\\Pipeline\\{closure}()
#44 /home/lutxise/Projects/Lutxise/vendor/laravel/framework/src/Illuminate/Pipeline/Pipeline.php(183): Illuminate\\Http\\Middleware\\TrustProxies->handle()
#45 /home/lutxise/Projects/Lutxise/vendor/laravel/framework/src/Illuminate/Foundation/Http/Middleware/InvokeDeferredCallbacks.php(22): Illuminate\\Pipeline\\Pipeline->Illuminate\\Pipeline\\{closure}()
#46 /home/lutxise/Projects/Lutxise/vendor/laravel/framework/src/Illuminate/Pipeline/Pipeline.php(183): Illuminate\\Foundation\\Http\\Middleware\\InvokeDeferredCallbacks->handle()
#47 /home/lutxise/Projects/Lutxise/vendor/laravel/framework/src/Illuminate/Pipeline/Pipeline.php(119): Illuminate\\Pipeline\\Pipeline->Illuminate\\Pipeline\\{closure}()
#48 /home/lutxise/Projects/Lutxise/vendor/laravel/framework/src/Illuminate/Foundation/Http/Kernel.php(176): Illuminate\\Pipeline\\Pipeline->then()
#49 /home/lutxise/Projects/Lutxise/vendor/laravel/framework/src/Illuminate/Foundation/Http/Kernel.php(145): Illuminate\\Foundation\\Http\\Kernel->sendRequestThroughRouter()
#50 /home/lutxise/Projects/Lutxise/vendor/laravel/framework/src/Illuminate/Foundation/Application.php(1190): Illuminate\\Foundation\\Http\\Kernel->handle()
#51 /home/lutxise/Projects/Lutxise/public/index.php(17): Illuminate\\Foundation\\Application->handleRequest()
#52 /home/lutxise/Projects/Lutxise/vendor/laravel/framework/src/Illuminate/Foundation/resources/server.php(23): require_once('...')
#53 {main}

[previous exception] [object] (PDOException(code: 1045): SQLSTATE[HY000] [1045] Access denied for user 'root'@'localhost' (using password: NO) at /home/lutxise/Projects/Lutxise/vendor/laravel/framework/src/Illuminate/Database/Connectors/Connector.php:66)
[stacktrace]
#0 /home/lutxise/Projects/Lutxise/vendor/laravel/framework/src/Illuminate/Database/Connectors/Connector.php(66): PDO->__construct()
#1 /home/lutxise/Projects/Lutxise/vendor/laravel/framework/src/Illuminate/Database/Connectors/Connector.php(44): Illuminate\\Database\\Connectors\\Connector->createPdoConnection()
#2 /home/lutxise/Projects/Lutxise/vendor/laravel/framework/src/Illuminate/Database/Connectors/MySqlConnector.php(24): Illuminate\\Database\\Connectors\\Connector->createConnection()
#3 /home/lutxise/Projects/Lutxise/vendor/laravel/framework/src/Illuminate/Database/Connectors/ConnectionFactory.php(185): Illuminate\\Database\\Connectors\\MySqlConnector->connect()
#4 [internal function]: Illuminate\\Database\\Connectors\\ConnectionFactory->Illuminate\\Database\\Connectors\\{closure}()
#5 /home/lutxise/Projects/Lutxise/vendor/laravel/framework/src/Illuminate/Database/Connection.php(1231): call_user_func()
#6 /home/lutxise/Projects/Lutxise/vendor/laravel/framework/src/Illuminate/Database/Connection.php(1267): Illuminate\\Database\\Connection->getPdo()
#7 /home/lutxise/Projects/Lutxise/vendor/laravel/framework/src/Illuminate/Database/Connection.php(512): Illuminate\\Database\\Connection->getReadPdo()
#8 /home/lutxise/Projects/Lutxise/vendor/laravel/framework/src/Illuminate/Database/Connection.php(407): Illuminate\\Database\\Connection->getPdoForSelect()
#9 /home/lutxise/Projects/Lutxise/vendor/laravel/framework/src/Illuminate/Database/Connection.php(812): Illuminate\\Database\\Connection->Illuminate\\Database\\{closure}()
#10 /home/lutxise/Projects/Lutxise/vendor/laravel/framework/src/Illuminate/Database/Connection.php(779): Illuminate\\Database\\Connection->runQueryCallback()
#11 /home/lutxise/Projects/Lutxise/vendor/laravel/framework/src/Illuminate/Database/Connection.php(398): Illuminate\\Database\\Connection->run()
#12 /home/lutxise/Projects/Lutxise/vendor/laravel/framework/src/Illuminate/Database/Query/Builder.php(3133): Illuminate\\Database\\Connection->select()
#13 /home/lutxise/Projects/Lutxise/vendor/laravel/framework/src/Illuminate/Database/Query/Builder.php(3118): Illuminate\\Database\\Query\\Builder->runSelect()
#14 /home/lutxise/Projects/Lutxise/vendor/laravel/framework/src/Illuminate/Database/Query/Builder.php(3706): Illuminate\\Database\\Query\\Builder->Illuminate\\Database\\Query\\{closure}()
#15 /home/lutxise/Projects/Lutxise/vendor/laravel/framework/src/Illuminate/Database/Query/Builder.php(3117): Illuminate\\Database\\Query\\Builder->onceWithColumns()
#16 /home/lutxise/Projects/Lutxise/vendor/laravel/framework/src/Illuminate/Database/Concerns/BuildsQueries.php(344): Illuminate\\Database\\Query\\Builder->get()
#17 /home/lutxise/Projects/Lutxise/vendor/laravel/framework/src/Illuminate/Database/Query/Builder.php(3038): Illuminate\\Database\\Query\\Builder->first()
#18 /home/lutxise/Projects/Lutxise/vendor/laravel/framework/src/Illuminate/Session/DatabaseSessionHandler.php(97): Illuminate\\Database\\Query\\Builder->find()
#19 /home/lutxise/Projects/Lutxise/vendor/laravel/framework/src/Illuminate/Session/Store.php(116): Illuminate\\Session\\DatabaseSessionHandler->read()
#20 /home/lutxise/Projects/Lutxise/vendor/laravel/framework/src/Illuminate/Session/Store.php(104): Illuminate\\Session\\Store->readFromHandler()
#21 /home/lutxise/Projects/Lutxise/vendor/laravel/framework/src/Illuminate/Session/Store.php(88): Illuminate\\Session\\Store->loadSession()
#22 /home/lutxise/Projects/Lutxise/vendor/laravel/framework/src/Illuminate/Session/Middleware/StartSession.php(147): Illuminate\\Session\\Store->start()
#23 /home/lutxise/Projects/Lutxise/vendor/laravel/framework/src/Illuminate/Support/helpers.php(399): Illuminate\\Session\\Middleware\\StartSession->Illuminate\\Session\\Middleware\\{closure}()
#24 /home/lutxise/Projects/Lutxise/vendor/laravel/framework/src/Illuminate/Session/Middleware/StartSession.php(144): tap()
#25 /home/lutxise/Projects/Lutxise/vendor/laravel/framework/src/Illuminate/Session/Middleware/StartSession.php(116): Illuminate\\Session\\Middleware\\StartSession->startSession()
#26 /home/lutxise/Projects/Lutxise/vendor/laravel/framework/src/Illuminate/Session/Middleware/StartSession.php(64): Illuminate\\Session\\Middleware\\StartSession->handleStatefulRequest()
#27 /home/lutxise/Projects/Lutxise/vendor/laravel/framework/src/Illuminate/Pipeline/Pipeline.php(183): Illuminate\\Session\\Middleware\\StartSession->handle()
#28 /home/lutxise/Projects/Lutxise/vendor/laravel/framework/src/Illuminate/Cookie/Middleware/AddQueuedCookiesToResponse.php(37): Illuminate\\Pipeline\\Pipeline->Illuminate\\Pipeline\\{closure}()
#29 /home/lutxise/Projects/Lutxise/vendor/laravel/framework/src/Illuminate/Pipeline/Pipeline.php(183): Illuminate\\Cookie\\Middleware\\AddQueuedCookiesToResponse->handle()
#30 /home/lutxise/Projects/Lutxise/vendor/laravel/framework/src/Illuminate/Cookie/Middleware/EncryptCookies.php(75): Illuminate\\Pipeline\\Pipeline->Illuminate\\Pipeline\\{closure}()
#31 /home/lutxise/Projects/Lutxise/vendor/laravel/framework/src/Illuminate/Pipeline/Pipeline.php(183): Illuminate\\Cookie\\Middleware\\EncryptCookies->handle()
#32 /home/lutxise/Projects/Lutxise/vendor/laravel/framework/src/Illuminate/Pipeline/Pipeline.php(119): Illuminate\\Pipeline\\Pipeline->Illuminate\\Pipeline\\{closure}()
#33 /home/lutxise/Projects/Lutxise/vendor/laravel/framework/src/Illuminate/Routing/Router.php(807): Illuminate\\Pipeline\\Pipeline->then()
#34 /home/lutxise/Projects/Lutxise/vendor/laravel/framework/src/Illuminate/Routing/Router.php(786): Illuminate\\Routing\\Router->runRouteWithinStack()
#35 /home/lutxise/Projects/Lutxise/vendor/laravel/framework/src/Illuminate/Routing/Router.php(750): Illuminate\\Routing\\Router->runRoute()
#36 /home/lutxise/Projects/Lutxise/vendor/laravel/framework/src/Illuminate/Routing/Router.php(739): Illuminate\\Routing\\Router->dispatchToRoute()
#37 /home/lutxise/Projects/Lutxise/vendor/laravel/framework/src/Illuminate/Foundation/Http/Kernel.php(201): Illuminate\\Routing\\Router->dispatch()
#38 /home/lutxise/Projects/Lutxise/vendor/laravel/framework/src/Illuminate/Pipeline/Pipeline.php(144): Illuminate\\Foundation\\Http\\Kernel->Illuminate\\Foundation\\Http\\{closure}()
#39 /home/lutxise/Projects/Lutxise/vendor/livewire/livewire/src/Features/SupportDisablingBackButtonCache/DisableBackButtonCacheMiddleware.php(19): Illuminate\\Pipeline\\Pipeline->Illuminate\\Pipeline\\{closure}()
#40 /home/lutxise/Projects/Lutxise/vendor/laravel/framework/src/Illuminate/Pipeline/Pipeline.php(183): Livewire\\Features\\SupportDisablingBackButtonCache\\DisableBackButtonCacheMiddleware->handle()
#41 /home/lutxise/Projects/Lutxise/vendor/laravel/framework/src/Illuminate/Foundation/Http/Middleware/TransformsRequest.php(21): Illuminate\\Pipeline\\Pipeline->Illuminate\\Pipeline\\{closure}()
#42 /home/lutxise/Projects/Lutxise/vendor/laravel/framework/src/Illuminate/Foundation/Http/Middleware/ConvertEmptyStringsToNull.php(31): Illuminate\\Foundation\\Http\\Middleware\\TransformsRequest->handle()
#43 /home/lutxise/Projects/Lutxise/vendor/laravel/framework/src/Illuminate/Pipeline/Pipeline.php(183): Illuminate\\Foundation\\Http\\Middleware\\ConvertEmptyStringsToNull->handle()
#44 /home/lutxise/Projects/Lutxise/vendor/laravel/framework/src/Illuminate/Foundation/Http/Middleware/TransformsRequest.php(21): Illuminate\\Pipeline\\Pipeline->Illuminate\\Pipeline\\{closure}()
#45 /home/lutxise/Projects/Lutxise/vendor/laravel/framework/src/Illuminate/Foundation/Http/Middleware/TrimStrings.php(51): Illuminate\\Foundation\\Http\\Middleware\\TransformsRequest->handle()
#46 /home/lutxise/Projects/Lutxise/vendor/laravel/framework/src/Illuminate/Pipeline/Pipeline.php(183): Illuminate\\Foundation\\Http\\Middleware\\TrimStrings->handle()
#47 /home/lutxise/Projects/Lutxise/vendor/laravel/framework/src/Illuminate/Http/Middleware/ValidatePostSize.php(27): Illuminate\\Pipeline\\Pipeline->Illuminate\\Pipeline\\{closure}()
#48 /home/lutxise/Projects/Lutxise/vendor/laravel/framework/src/Illuminate/Pipeline/Pipeline.php(183): Illuminate\\Http\\Middleware\\ValidatePostSize->handle()
#49 /home/lutxise/Projects/Lutxise/vendor/laravel/framework/src/Illuminate/Foundation/Http/Middleware/PreventRequestsDuringMaintenance.php(110): Illuminate\\Pipeline\\Pipeline->Illuminate\\Pipeline\\{closure}()
#50 /home/lutxise/Projects/Lutxise/vendor/laravel/framework/src/Illuminate/Pipeline/Pipeline.php(183): Illuminate\\Foundation\\Http\\Middleware\\PreventRequestsDuringMaintenance->handle()
#51 /home/lutxise/Projects/Lutxise/vendor/laravel/framework/src/Illuminate/Http/Middleware/HandleCors.php(49): Illuminate\\Pipeline\\Pipeline->Illuminate\\Pipeline\\{closure}()
#52 /home/lutxise/Projects/Lutxise/vendor/laravel/framework/src/Illuminate/Pipeline/Pipeline.php(183): Illuminate\\Http\\Middleware\\HandleCors->handle()
#53 /home/lutxise/Projects/Lutxise/vendor/laravel/framework/src/Illuminate/Http/Middleware/TrustProxies.php(58): Illuminate\\Pipeline\\Pipeline->Illuminate\\Pipeline\\{closure}()
#54 /home/lutxise/Projects/Lutxise/vendor/laravel/framework/src/Illuminate/Pipeline/Pipeline.php(183): Illuminate\\Http\\Middleware\\TrustProxies->handle()
#55 /home/lutxise/Projects/Lutxise/vendor/laravel/framework/src/Illuminate/Foundation/Http/Middleware/InvokeDeferredCallbacks.php(22): Illuminate\\Pipeline\\Pipeline->Illuminate\\Pipeline\\{closure}()
#56 /home/lutxise/Projects/Lutxise/vendor/laravel/framework/src/Illuminate/Pipeline/Pipeline.php(183): Illuminate\\Foundation\\Http\\Middleware\\InvokeDeferredCallbacks->handle()
#57 /home/lutxise/Projects/Lutxise/vendor/laravel/framework/src/Illuminate/Pipeline/Pipeline.php(119): Illuminate\\Pipeline\\Pipeline->Illuminate\\Pipeline\\{closure}()
#58 /home/lutxise/Projects/Lutxise/vendor/laravel/framework/src/Illuminate/Foundation/Http/Kernel.php(176): Illuminate\\Pipeline\\Pipeline->then()
#59 /home/lutxise/Projects/Lutxise/vendor/laravel/framework/src/Illuminate/Foundation/Http/Kernel.php(145): Illuminate\\Foundation\\Http\\Kernel->sendRequestThroughRouter()
#60 /home/lutxise/Projects/Lutxise/vendor/laravel/framework/src/Illuminate/Foundation/Application.php(1190): Illuminate\\Foundation\\Http\\Kernel->handle()
#61 /home/lutxise/Projects/Lutxise/public/index.php(17): Illuminate\\Foundation\\Application->handleRequest()
#62 /home/lutxise/Projects/Lutxise/vendor/laravel/framework/src/Illuminate/Foundation/resources/server.php(23): require_once('...')
#63 {main}
"} 
[2025-01-13 00:59:10] local.ERROR: SQLSTATE[HY000] [1045] Access denied for user 'root'@'localhost' (using password: NO) (Connection: mysql, SQL: select * from `sessions` where `id` = UQ8lz4moS4NPozfQ0KZEvW1ZZBqinAHDjy8zMReX limit 1) {"exception":"[object] (Illuminate\\Database\\QueryException(code: 1045): SQLSTATE[HY000] [1045] Access denied for user 'root'@'localhost' (using password: NO) (Connection: mysql, SQL: select * from `sessions` where `id` = UQ8lz4moS4NPozfQ0KZEvW1ZZBqinAHDjy8zMReX limit 1) at /home/lutxise/Projects/Lutxise/vendor/laravel/framework/src/Illuminate/Database/Connection.php:825)
[stacktrace]
#0 /home/lutxise/Projects/Lutxise/vendor/laravel/framework/src/Illuminate/Database/Connection.php(779): Illuminate\\Database\\Connection->runQueryCallback()
#1 /home/lutxise/Projects/Lutxise/vendor/laravel/framework/src/Illuminate/Database/Connection.php(398): Illuminate\\Database\\Connection->run()
#2 /home/lutxise/Projects/Lutxise/vendor/laravel/framework/src/Illuminate/Database/Query/Builder.php(3133): Illuminate\\Database\\Connection->select()
#3 /home/lutxise/Projects/Lutxise/vendor/laravel/framework/src/Illuminate/Database/Query/Builder.php(3118): Illuminate\\Database\\Query\\Builder->runSelect()
#4 /home/lutxise/Projects/Lutxise/vendor/laravel/framework/src/Illuminate/Database/Query/Builder.php(3706): Illuminate\\Database\\Query\\Builder->Illuminate\\Database\\Query\\{closure}()
#5 /home/lutxise/Projects/Lutxise/vendor/laravel/framework/src/Illuminate/Database/Query/Builder.php(3117): Illuminate\\Database\\Query\\Builder->onceWithColumns()
#6 /home/lutxise/Projects/Lutxise/vendor/laravel/framework/src/Illuminate/Database/Concerns/BuildsQueries.php(344): Illuminate\\Database\\Query\\Builder->get()
#7 /home/lutxise/Projects/Lutxise/vendor/laravel/framework/src/Illuminate/Database/Query/Builder.php(3038): Illuminate\\Database\\Query\\Builder->first()
#8 /home/lutxise/Projects/Lutxise/vendor/laravel/framework/src/Illuminate/Session/DatabaseSessionHandler.php(97): Illuminate\\Database\\Query\\Builder->find()
#9 /home/lutxise/Projects/Lutxise/vendor/laravel/framework/src/Illuminate/Session/Store.php(116): Illuminate\\Session\\DatabaseSessionHandler->read()
#10 /home/lutxise/Projects/Lutxise/vendor/laravel/framework/src/Illuminate/Session/Store.php(104): Illuminate\\Session\\Store->readFromHandler()
#11 /home/lutxise/Projects/Lutxise/vendor/laravel/framework/src/Illuminate/Session/Store.php(88): Illuminate\\Session\\Store->loadSession()
#12 /home/lutxise/Projects/Lutxise/vendor/laravel/framework/src/Illuminate/Session/Middleware/StartSession.php(147): Illuminate\\Session\\Store->start()
#13 /home/lutxise/Projects/Lutxise/vendor/laravel/framework/src/Illuminate/Support/helpers.php(399): Illuminate\\Session\\Middleware\\StartSession->Illuminate\\Session\\Middleware\\{closure}()
#14 /home/lutxise/Projects/Lutxise/vendor/laravel/framework/src/Illuminate/Session/Middleware/StartSession.php(144): tap()
#15 /home/lutxise/Projects/Lutxise/vendor/laravel/framework/src/Illuminate/Session/Middleware/StartSession.php(116): Illuminate\\Session\\Middleware\\StartSession->startSession()
#16 /home/lutxise/Projects/Lutxise/vendor/laravel/framework/src/Illuminate/Session/Middleware/StartSession.php(64): Illuminate\\Session\\Middleware\\StartSession->handleStatefulRequest()
#17 /home/lutxise/Projects/Lutxise/vendor/laravel/framework/src/Illuminate/Pipeline/Pipeline.php(183): Illuminate\\Session\\Middleware\\StartSession->handle()
#18 /home/lutxise/Projects/Lutxise/vendor/laravel/framework/src/Illuminate/Cookie/Middleware/AddQueuedCookiesToResponse.php(37): Illuminate\\Pipeline\\Pipeline->Illuminate\\Pipeline\\{closure}()
#19 /home/lutxise/Projects/Lutxise/vendor/laravel/framework/src/Illuminate/Pipeline/Pipeline.php(183): Illuminate\\Cookie\\Middleware\\AddQueuedCookiesToResponse->handle()
#20 /home/lutxise/Projects/Lutxise/vendor/laravel/framework/src/Illuminate/Cookie/Middleware/EncryptCookies.php(75): Illuminate\\Pipeline\\Pipeline->Illuminate\\Pipeline\\{closure}()
#21 /home/lutxise/Projects/Lutxise/vendor/laravel/framework/src/Illuminate/Pipeline/Pipeline.php(183): Illuminate\\Cookie\\Middleware\\EncryptCookies->handle()
#22 /home/lutxise/Projects/Lutxise/vendor/laravel/framework/src/Illuminate/Pipeline/Pipeline.php(119): Illuminate\\Pipeline\\Pipeline->Illuminate\\Pipeline\\{closure}()
#23 /home/lutxise/Projects/Lutxise/vendor/laravel/framework/src/Illuminate/Routing/Router.php(807): Illuminate\\Pipeline\\Pipeline->then()
#24 /home/lutxise/Projects/Lutxise/vendor/laravel/framework/src/Illuminate/Routing/Router.php(786): Illuminate\\Routing\\Router->runRouteWithinStack()
#25 /home/lutxise/Projects/Lutxise/vendor/laravel/framework/src/Illuminate/Routing/Router.php(750): Illuminate\\Routing\\Router->runRoute()
#26 /home/lutxise/Projects/Lutxise/vendor/laravel/framework/src/Illuminate/Routing/Router.php(739): Illuminate\\Routing\\Router->dispatchToRoute()
#27 /home/lutxise/Projects/Lutxise/vendor/laravel/framework/src/Illuminate/Foundation/Http/Kernel.php(201): Illuminate\\Routing\\Router->dispatch()
#28 /home/lutxise/Projects/Lutxise/vendor/laravel/framework/src/Illuminate/Pipeline/Pipeline.php(144): Illuminate\\Foundation\\Http\\Kernel->Illuminate\\Foundation\\Http\\{closure}()
#29 /home/lutxise/Projects/Lutxise/vendor/livewire/livewire/src/Features/SupportDisablingBackButtonCache/DisableBackButtonCacheMiddleware.php(19): Illuminate\\Pipeline\\Pipeline->Illuminate\\Pipeline\\{closure}()
#30 /home/lutxise/Projects/Lutxise/vendor/laravel/framework/src/Illuminate/Pipeline/Pipeline.php(183): Livewire\\Features\\SupportDisablingBackButtonCache\\DisableBackButtonCacheMiddleware->handle()
#31 /home/lutxise/Projects/Lutxise/vendor/laravel/framework/src/Illuminate/Foundation/Http/Middleware/TransformsRequest.php(21): Illuminate\\Pipeline\\Pipeline->Illuminate\\Pipeline\\{closure}()
#32 /home/lutxise/Projects/Lutxise/vendor/laravel/framework/src/Illuminate/Foundation/Http/Middleware/ConvertEmptyStringsToNull.php(31): Illuminate\\Foundation\\Http\\Middleware\\TransformsRequest->handle()
#33 /home/lutxise/Projects/Lutxise/vendor/laravel/framework/src/Illuminate/Pipeline/Pipeline.php(183): Illuminate\\Foundation\\Http\\Middleware\\ConvertEmptyStringsToNull->handle()
#34 /home/lutxise/Projects/Lutxise/vendor/laravel/framework/src/Illuminate/Foundation/Http/Middleware/TransformsRequest.php(21): Illuminate\\Pipeline\\Pipeline->Illuminate\\Pipeline\\{closure}()
#35 /home/lutxise/Projects/Lutxise/vendor/laravel/framework/src/Illuminate/Foundation/Http/Middleware/TrimStrings.php(51): Illuminate\\Foundation\\Http\\Middleware\\TransformsRequest->handle()
#36 /home/lutxise/Projects/Lutxise/vendor/laravel/framework/src/Illuminate/Pipeline/Pipeline.php(183): Illuminate\\Foundation\\Http\\Middleware\\TrimStrings->handle()
#37 /home/lutxise/Projects/Lutxise/vendor/laravel/framework/src/Illuminate/Http/Middleware/ValidatePostSize.php(27): Illuminate\\Pipeline\\Pipeline->Illuminate\\Pipeline\\{closure}()
#38 /home/lutxise/Projects/Lutxise/vendor/laravel/framework/src/Illuminate/Pipeline/Pipeline.php(183): Illuminate\\Http\\Middleware\\ValidatePostSize->handle()
#39 /home/lutxise/Projects/Lutxise/vendor/laravel/framework/src/Illuminate/Foundation/Http/Middleware/PreventRequestsDuringMaintenance.php(110): Illuminate\\Pipeline\\Pipeline->Illuminate\\Pipeline\\{closure}()
#40 /home/lutxise/Projects/Lutxise/vendor/laravel/framework/src/Illuminate/Pipeline/Pipeline.php(183): Illuminate\\Foundation\\Http\\Middleware\\PreventRequestsDuringMaintenance->handle()
#41 /home/lutxise/Projects/Lutxise/vendor/laravel/framework/src/Illuminate/Http/Middleware/HandleCors.php(49): Illuminate\\Pipeline\\Pipeline->Illuminate\\Pipeline\\{closure}()
#42 /home/lutxise/Projects/Lutxise/vendor/laravel/framework/src/Illuminate/Pipeline/Pipeline.php(183): Illuminate\\Http\\Middleware\\HandleCors->handle()
#43 /home/lutxise/Projects/Lutxise/vendor/laravel/framework/src/Illuminate/Http/Middleware/TrustProxies.php(58): Illuminate\\Pipeline\\Pipeline->Illuminate\\Pipeline\\{closure}()
#44 /home/lutxise/Projects/Lutxise/vendor/laravel/framework/src/Illuminate/Pipeline/Pipeline.php(183): Illuminate\\Http\\Middleware\\TrustProxies->handle()
#45 /home/lutxise/Projects/Lutxise/vendor/laravel/framework/src/Illuminate/Foundation/Http/Middleware/InvokeDeferredCallbacks.php(22): Illuminate\\Pipeline\\Pipeline->Illuminate\\Pipeline\\{closure}()
#46 /home/lutxise/Projects/Lutxise/vendor/laravel/framework/src/Illuminate/Pipeline/Pipeline.php(183): Illuminate\\Foundation\\Http\\Middleware\\InvokeDeferredCallbacks->handle()
#47 /home/lutxise/Projects/Lutxise/vendor/laravel/framework/src/Illuminate/Pipeline/Pipeline.php(119): Illuminate\\Pipeline\\Pipeline->Illuminate\\Pipeline\\{closure}()
#48 /home/lutxise/Projects/Lutxise/vendor/laravel/framework/src/Illuminate/Foundation/Http/Kernel.php(176): Illuminate\\Pipeline\\Pipeline->then()
#49 /home/lutxise/Projects/Lutxise/vendor/laravel/framework/src/Illuminate/Foundation/Http/Kernel.php(145): Illuminate\\Foundation\\Http\\Kernel->sendRequestThroughRouter()
#50 /home/lutxise/Projects/Lutxise/vendor/laravel/framework/src/Illuminate/Foundation/Application.php(1190): Illuminate\\Foundation\\Http\\Kernel->handle()
#51 /home/lutxise/Projects/Lutxise/public/index.php(17): Illuminate\\Foundation\\Application->handleRequest()
#52 /home/lutxise/Projects/Lutxise/vendor/laravel/framework/src/Illuminate/Foundation/resources/server.php(23): require_once('...')
#53 {main}

[previous exception] [object] (PDOException(code: 1045): SQLSTATE[HY000] [1045] Access denied for user 'root'@'localhost' (using password: NO) at /home/lutxise/Projects/Lutxise/vendor/laravel/framework/src/Illuminate/Database/Connectors/Connector.php:66)
[stacktrace]
#0 /home/lutxise/Projects/Lutxise/vendor/laravel/framework/src/Illuminate/Database/Connectors/Connector.php(66): PDO->__construct()
#1 /home/lutxise/Projects/Lutxise/vendor/laravel/framework/src/Illuminate/Database/Connectors/Connector.php(44): Illuminate\\Database\\Connectors\\Connector->createPdoConnection()
#2 /home/lutxise/Projects/Lutxise/vendor/laravel/framework/src/Illuminate/Database/Connectors/MySqlConnector.php(24): Illuminate\\Database\\Connectors\\Connector->createConnection()
#3 /home/lutxise/Projects/Lutxise/vendor/laravel/framework/src/Illuminate/Database/Connectors/ConnectionFactory.php(185): Illuminate\\Database\\Connectors\\MySqlConnector->connect()
#4 [internal function]: Illuminate\\Database\\Connectors\\ConnectionFactory->Illuminate\\Database\\Connectors\\{closure}()
#5 /home/lutxise/Projects/Lutxise/vendor/laravel/framework/src/Illuminate/Database/Connection.php(1231): call_user_func()
#6 /home/lutxise/Projects/Lutxise/vendor/laravel/framework/src/Illuminate/Database/Connection.php(1267): Illuminate\\Database\\Connection->getPdo()
#7 /home/lutxise/Projects/Lutxise/vendor/laravel/framework/src/Illuminate/Database/Connection.php(512): Illuminate\\Database\\Connection->getReadPdo()
#8 /home/lutxise/Projects/Lutxise/vendor/laravel/framework/src/Illuminate/Database/Connection.php(407): Illuminate\\Database\\Connection->getPdoForSelect()
#9 /home/lutxise/Projects/Lutxise/vendor/laravel/framework/src/Illuminate/Database/Connection.php(812): Illuminate\\Database\\Connection->Illuminate\\Database\\{closure}()
#10 /home/lutxise/Projects/Lutxise/vendor/laravel/framework/src/Illuminate/Database/Connection.php(779): Illuminate\\Database\\Connection->runQueryCallback()
#11 /home/lutxise/Projects/Lutxise/vendor/laravel/framework/src/Illuminate/Database/Connection.php(398): Illuminate\\Database\\Connection->run()
#12 /home/lutxise/Projects/Lutxise/vendor/laravel/framework/src/Illuminate/Database/Query/Builder.php(3133): Illuminate\\Database\\Connection->select()
#13 /home/lutxise/Projects/Lutxise/vendor/laravel/framework/src/Illuminate/Database/Query/Builder.php(3118): Illuminate\\Database\\Query\\Builder->runSelect()
#14 /home/lutxise/Projects/Lutxise/vendor/laravel/framework/src/Illuminate/Database/Query/Builder.php(3706): Illuminate\\Database\\Query\\Builder->Illuminate\\Database\\Query\\{closure}()
#15 /home/lutxise/Projects/Lutxise/vendor/laravel/framework/src/Illuminate/Database/Query/Builder.php(3117): Illuminate\\Database\\Query\\Builder->onceWithColumns()
#16 /home/lutxise/Projects/Lutxise/vendor/laravel/framework/src/Illuminate/Database/Concerns/BuildsQueries.php(344): Illuminate\\Database\\Query\\Builder->get()
#17 /home/lutxise/Projects/Lutxise/vendor/laravel/framework/src/Illuminate/Database/Query/Builder.php(3038): Illuminate\\Database\\Query\\Builder->first()
#18 /home/lutxise/Projects/Lutxise/vendor/laravel/framework/src/Illuminate/Session/DatabaseSessionHandler.php(97): Illuminate\\Database\\Query\\Builder->find()
#19 /home/lutxise/Projects/Lutxise/vendor/laravel/framework/src/Illuminate/Session/Store.php(116): Illuminate\\Session\\DatabaseSessionHandler->read()
#20 /home/lutxise/Projects/Lutxise/vendor/laravel/framework/src/Illuminate/Session/Store.php(104): Illuminate\\Session\\Store->readFromHandler()
#21 /home/lutxise/Projects/Lutxise/vendor/laravel/framework/src/Illuminate/Session/Store.php(88): Illuminate\\Session\\Store->loadSession()
#22 /home/lutxise/Projects/Lutxise/vendor/laravel/framework/src/Illuminate/Session/Middleware/StartSession.php(147): Illuminate\\Session\\Store->start()
#23 /home/lutxise/Projects/Lutxise/vendor/laravel/framework/src/Illuminate/Support/helpers.php(399): Illuminate\\Session\\Middleware\\StartSession->Illuminate\\Session\\Middleware\\{closure}()
#24 /home/lutxise/Projects/Lutxise/vendor/laravel/framework/src/Illuminate/Session/Middleware/StartSession.php(144): tap()
#25 /home/lutxise/Projects/Lutxise/vendor/laravel/framework/src/Illuminate/Session/Middleware/StartSession.php(116): Illuminate\\Session\\Middleware\\StartSession->startSession()
#26 /home/lutxise/Projects/Lutxise/vendor/laravel/framework/src/Illuminate/Session/Middleware/StartSession.php(64): Illuminate\\Session\\Middleware\\StartSession->handleStatefulRequest()
#27 /home/lutxise/Projects/Lutxise/vendor/laravel/framework/src/Illuminate/Pipeline/Pipeline.php(183): Illuminate\\Session\\Middleware\\StartSession->handle()
#28 /home/lutxise/Projects/Lutxise/vendor/laravel/framework/src/Illuminate/Cookie/Middleware/AddQueuedCookiesToResponse.php(37): Illuminate\\Pipeline\\Pipeline->Illuminate\\Pipeline\\{closure}()
#29 /home/lutxise/Projects/Lutxise/vendor/laravel/framework/src/Illuminate/Pipeline/Pipeline.php(183): Illuminate\\Cookie\\Middleware\\AddQueuedCookiesToResponse->handle()
#30 /home/lutxise/Projects/Lutxise/vendor/laravel/framework/src/Illuminate/Cookie/Middleware/EncryptCookies.php(75): Illuminate\\Pipeline\\Pipeline->Illuminate\\Pipeline\\{closure}()
#31 /home/lutxise/Projects/Lutxise/vendor/laravel/framework/src/Illuminate/Pipeline/Pipeline.php(183): Illuminate\\Cookie\\Middleware\\EncryptCookies->handle()
#32 /home/lutxise/Projects/Lutxise/vendor/laravel/framework/src/Illuminate/Pipeline/Pipeline.php(119): Illuminate\\Pipeline\\Pipeline->Illuminate\\Pipeline\\{closure}()
#33 /home/lutxise/Projects/Lutxise/vendor/laravel/framework/src/Illuminate/Routing/Router.php(807): Illuminate\\Pipeline\\Pipeline->then()
#34 /home/lutxise/Projects/Lutxise/vendor/laravel/framework/src/Illuminate/Routing/Router.php(786): Illuminate\\Routing\\Router->runRouteWithinStack()
#35 /home/lutxise/Projects/Lutxise/vendor/laravel/framework/src/Illuminate/Routing/Router.php(750): Illuminate\\Routing\\Router->runRoute()
#36 /home/lutxise/Projects/Lutxise/vendor/laravel/framework/src/Illuminate/Routing/Router.php(739): Illuminate\\Routing\\Router->dispatchToRoute()
#37 /home/lutxise/Projects/Lutxise/vendor/laravel/framework/src/Illuminate/Foundation/Http/Kernel.php(201): Illuminate\\Routing\\Router->dispatch()
#38 /home/lutxise/Projects/Lutxise/vendor/laravel/framework/src/Illuminate/Pipeline/Pipeline.php(144): Illuminate\\Foundation\\Http\\Kernel->Illuminate\\Foundation\\Http\\{closure}()
#39 /home/lutxise/Projects/Lutxise/vendor/livewire/livewire/src/Features/SupportDisablingBackButtonCache/DisableBackButtonCacheMiddleware.php(19): Illuminate\\Pipeline\\Pipeline->Illuminate\\Pipeline\\{closure}()
#40 /home/lutxise/Projects/Lutxise/vendor/laravel/framework/src/Illuminate/Pipeline/Pipeline.php(183): Livewire\\Features\\SupportDisablingBackButtonCache\\DisableBackButtonCacheMiddleware->handle()
#41 /home/lutxise/Projects/Lutxise/vendor/laravel/framework/src/Illuminate/Foundation/Http/Middleware/TransformsRequest.php(21): Illuminate\\Pipeline\\Pipeline->Illuminate\\Pipeline\\{closure}()
#42 /home/lutxise/Projects/Lutxise/vendor/laravel/framework/src/Illuminate/Foundation/Http/Middleware/ConvertEmptyStringsToNull.php(31): Illuminate\\Foundation\\Http\\Middleware\\TransformsRequest->handle()
#43 /home/lutxise/Projects/Lutxise/vendor/laravel/framework/src/Illuminate/Pipeline/Pipeline.php(183): Illuminate\\Foundation\\Http\\Middleware\\ConvertEmptyStringsToNull->handle()
#44 /home/lutxise/Projects/Lutxise/vendor/laravel/framework/src/Illuminate/Foundation/Http/Middleware/TransformsRequest.php(21): Illuminate\\Pipeline\\Pipeline->Illuminate\\Pipeline\\{closure}()
#45 /home/lutxise/Projects/Lutxise/vendor/laravel/framework/src/Illuminate/Foundation/Http/Middleware/TrimStrings.php(51): Illuminate\\Foundation\\Http\\Middleware\\TransformsRequest->handle()
#46 /home/lutxise/Projects/Lutxise/vendor/laravel/framework/src/Illuminate/Pipeline/Pipeline.php(183): Illuminate\\Foundation\\Http\\Middleware\\TrimStrings->handle()
#47 /home/lutxise/Projects/Lutxise/vendor/laravel/framework/src/Illuminate/Http/Middleware/ValidatePostSize.php(27): Illuminate\\Pipeline\\Pipeline->Illuminate\\Pipeline\\{closure}()
#48 /home/lutxise/Projects/Lutxise/vendor/laravel/framework/src/Illuminate/Pipeline/Pipeline.php(183): Illuminate\\Http\\Middleware\\ValidatePostSize->handle()
#49 /home/lutxise/Projects/Lutxise/vendor/laravel/framework/src/Illuminate/Foundation/Http/Middleware/PreventRequestsDuringMaintenance.php(110): Illuminate\\Pipeline\\Pipeline->Illuminate\\Pipeline\\{closure}()
#50 /home/lutxise/Projects/Lutxise/vendor/laravel/framework/src/Illuminate/Pipeline/Pipeline.php(183): Illuminate\\Foundation\\Http\\Middleware\\PreventRequestsDuringMaintenance->handle()
#51 /home/lutxise/Projects/Lutxise/vendor/laravel/framework/src/Illuminate/Http/Middleware/HandleCors.php(49): Illuminate\\Pipeline\\Pipeline->Illuminate\\Pipeline\\{closure}()
#52 /home/lutxise/Projects/Lutxise/vendor/laravel/framework/src/Illuminate/Pipeline/Pipeline.php(183): Illuminate\\Http\\Middleware\\HandleCors->handle()
#53 /home/lutxise/Projects/Lutxise/vendor/laravel/framework/src/Illuminate/Http/Middleware/TrustProxies.php(58): Illuminate\\Pipeline\\Pipeline->Illuminate\\Pipeline\\{closure}()
#54 /home/lutxise/Projects/Lutxise/vendor/laravel/framework/src/Illuminate/Pipeline/Pipeline.php(183): Illuminate\\Http\\Middleware\\TrustProxies->handle()
#55 /home/lutxise/Projects/Lutxise/vendor/laravel/framework/src/Illuminate/Foundation/Http/Middleware/InvokeDeferredCallbacks.php(22): Illuminate\\Pipeline\\Pipeline->Illuminate\\Pipeline\\{closure}()
#56 /home/lutxise/Projects/Lutxise/vendor/laravel/framework/src/Illuminate/Pipeline/Pipeline.php(183): Illuminate\\Foundation\\Http\\Middleware\\InvokeDeferredCallbacks->handle()
#57 /home/lutxise/Projects/Lutxise/vendor/laravel/framework/src/Illuminate/Pipeline/Pipeline.php(119): Illuminate\\Pipeline\\Pipeline->Illuminate\\Pipeline\\{closure}()
#58 /home/lutxise/Projects/Lutxise/vendor/laravel/framework/src/Illuminate/Foundation/Http/Kernel.php(176): Illuminate\\Pipeline\\Pipeline->then()
#59 /home/lutxise/Projects/Lutxise/vendor/laravel/framework/src/Illuminate/Foundation/Http/Kernel.php(145): Illuminate\\Foundation\\Http\\Kernel->sendRequestThroughRouter()
#60 /home/lutxise/Projects/Lutxise/vendor/laravel/framework/src/Illuminate/Foundation/Application.php(1190): Illuminate\\Foundation\\Http\\Kernel->handle()
#61 /home/lutxise/Projects/Lutxise/public/index.php(17): Illuminate\\Foundation\\Application->handleRequest()
#62 /home/lutxise/Projects/Lutxise/vendor/laravel/framework/src/Illuminate/Foundation/resources/server.php(23): require_once('...')
#63 {main}
"} 
[2025-01-13 01:00:26] local.ERROR: SQLSTATE[HY000] [1045] Access denied for user 'root'@'localhost' (using password: NO) (Connection: mysql, SQL: select * from `sessions` where `id` = Hqu7x4p2aqeNA7kJWwPz5r3msC8tVJdiqs4pAdel limit 1) {"exception":"[object] (Illuminate\\Database\\QueryException(code: 1045): SQLSTATE[HY000] [1045] Access denied for user 'root'@'localhost' (using password: NO) (Connection: mysql, SQL: select * from `sessions` where `id` = Hqu7x4p2aqeNA7kJWwPz5r3msC8tVJdiqs4pAdel limit 1) at /home/lutxise/Projects/Lutxise/vendor/laravel/framework/src/Illuminate/Database/Connection.php:825)
[stacktrace]
#0 /home/lutxise/Projects/Lutxise/vendor/laravel/framework/src/Illuminate/Database/Connection.php(779): Illuminate\\Database\\Connection->runQueryCallback()
#1 /home/lutxise/Projects/Lutxise/vendor/laravel/framework/src/Illuminate/Database/Connection.php(398): Illuminate\\Database\\Connection->run()
#2 /home/lutxise/Projects/Lutxise/vendor/laravel/framework/src/Illuminate/Database/Query/Builder.php(3133): Illuminate\\Database\\Connection->select()
#3 /home/lutxise/Projects/Lutxise/vendor/laravel/framework/src/Illuminate/Database/Query/Builder.php(3118): Illuminate\\Database\\Query\\Builder->runSelect()
#4 /home/lutxise/Projects/Lutxise/vendor/laravel/framework/src/Illuminate/Database/Query/Builder.php(3706): Illuminate\\Database\\Query\\Builder->Illuminate\\Database\\Query\\{closure}()
#5 /home/lutxise/Projects/Lutxise/vendor/laravel/framework/src/Illuminate/Database/Query/Builder.php(3117): Illuminate\\Database\\Query\\Builder->onceWithColumns()
#6 /home/lutxise/Projects/Lutxise/vendor/laravel/framework/src/Illuminate/Database/Concerns/BuildsQueries.php(344): Illuminate\\Database\\Query\\Builder->get()
#7 /home/lutxise/Projects/Lutxise/vendor/laravel/framework/src/Illuminate/Database/Query/Builder.php(3038): Illuminate\\Database\\Query\\Builder->first()
#8 /home/lutxise/Projects/Lutxise/vendor/laravel/framework/src/Illuminate/Session/DatabaseSessionHandler.php(97): Illuminate\\Database\\Query\\Builder->find()
#9 /home/lutxise/Projects/Lutxise/vendor/laravel/framework/src/Illuminate/Session/Store.php(116): Illuminate\\Session\\DatabaseSessionHandler->read()
#10 /home/lutxise/Projects/Lutxise/vendor/laravel/framework/src/Illuminate/Session/Store.php(104): Illuminate\\Session\\Store->readFromHandler()
#11 /home/lutxise/Projects/Lutxise/vendor/laravel/framework/src/Illuminate/Session/Store.php(88): Illuminate\\Session\\Store->loadSession()
#12 /home/lutxise/Projects/Lutxise/vendor/laravel/framework/src/Illuminate/Session/Middleware/StartSession.php(147): Illuminate\\Session\\Store->start()
#13 /home/lutxise/Projects/Lutxise/vendor/laravel/framework/src/Illuminate/Support/helpers.php(399): Illuminate\\Session\\Middleware\\StartSession->Illuminate\\Session\\Middleware\\{closure}()
#14 /home/lutxise/Projects/Lutxise/vendor/laravel/framework/src/Illuminate/Session/Middleware/StartSession.php(144): tap()
#15 /home/lutxise/Projects/Lutxise/vendor/laravel/framework/src/Illuminate/Session/Middleware/StartSession.php(116): Illuminate\\Session\\Middleware\\StartSession->startSession()
#16 /home/lutxise/Projects/Lutxise/vendor/laravel/framework/src/Illuminate/Session/Middleware/StartSession.php(64): Illuminate\\Session\\Middleware\\StartSession->handleStatefulRequest()
#17 /home/lutxise/Projects/Lutxise/vendor/laravel/framework/src/Illuminate/Pipeline/Pipeline.php(183): Illuminate\\Session\\Middleware\\StartSession->handle()
#18 /home/lutxise/Projects/Lutxise/vendor/laravel/framework/src/Illuminate/Cookie/Middleware/AddQueuedCookiesToResponse.php(37): Illuminate\\Pipeline\\Pipeline->Illuminate\\Pipeline\\{closure}()
#19 /home/lutxise/Projects/Lutxise/vendor/laravel/framework/src/Illuminate/Pipeline/Pipeline.php(183): Illuminate\\Cookie\\Middleware\\AddQueuedCookiesToResponse->handle()
#20 /home/lutxise/Projects/Lutxise/vendor/laravel/framework/src/Illuminate/Cookie/Middleware/EncryptCookies.php(75): Illuminate\\Pipeline\\Pipeline->Illuminate\\Pipeline\\{closure}()
#21 /home/lutxise/Projects/Lutxise/vendor/laravel/framework/src/Illuminate/Pipeline/Pipeline.php(183): Illuminate\\Cookie\\Middleware\\EncryptCookies->handle()
#22 /home/lutxise/Projects/Lutxise/vendor/laravel/framework/src/Illuminate/Pipeline/Pipeline.php(119): Illuminate\\Pipeline\\Pipeline->Illuminate\\Pipeline\\{closure}()
#23 /home/lutxise/Projects/Lutxise/vendor/laravel/framework/src/Illuminate/Routing/Router.php(807): Illuminate\\Pipeline\\Pipeline->then()
#24 /home/lutxise/Projects/Lutxise/vendor/laravel/framework/src/Illuminate/Routing/Router.php(786): Illuminate\\Routing\\Router->runRouteWithinStack()
#25 /home/lutxise/Projects/Lutxise/vendor/laravel/framework/src/Illuminate/Routing/Router.php(750): Illuminate\\Routing\\Router->runRoute()
#26 /home/lutxise/Projects/Lutxise/vendor/laravel/framework/src/Illuminate/Routing/Router.php(739): Illuminate\\Routing\\Router->dispatchToRoute()
#27 /home/lutxise/Projects/Lutxise/vendor/laravel/framework/src/Illuminate/Foundation/Http/Kernel.php(201): Illuminate\\Routing\\Router->dispatch()
#28 /home/lutxise/Projects/Lutxise/vendor/laravel/framework/src/Illuminate/Pipeline/Pipeline.php(144): Illuminate\\Foundation\\Http\\Kernel->Illuminate\\Foundation\\Http\\{closure}()
#29 /home/lutxise/Projects/Lutxise/vendor/livewire/livewire/src/Features/SupportDisablingBackButtonCache/DisableBackButtonCacheMiddleware.php(19): Illuminate\\Pipeline\\Pipeline->Illuminate\\Pipeline\\{closure}()
#30 /home/lutxise/Projects/Lutxise/vendor/laravel/framework/src/Illuminate/Pipeline/Pipeline.php(183): Livewire\\Features\\SupportDisablingBackButtonCache\\DisableBackButtonCacheMiddleware->handle()
#31 /home/lutxise/Projects/Lutxise/vendor/laravel/framework/src/Illuminate/Foundation/Http/Middleware/TransformsRequest.php(21): Illuminate\\Pipeline\\Pipeline->Illuminate\\Pipeline\\{closure}()
#32 /home/lutxise/Projects/Lutxise/vendor/laravel/framework/src/Illuminate/Foundation/Http/Middleware/ConvertEmptyStringsToNull.php(31): Illuminate\\Foundation\\Http\\Middleware\\TransformsRequest->handle()
#33 /home/lutxise/Projects/Lutxise/vendor/laravel/framework/src/Illuminate/Pipeline/Pipeline.php(183): Illuminate\\Foundation\\Http\\Middleware\\ConvertEmptyStringsToNull->handle()
#34 /home/lutxise/Projects/Lutxise/vendor/laravel/framework/src/Illuminate/Foundation/Http/Middleware/TransformsRequest.php(21): Illuminate\\Pipeline\\Pipeline->Illuminate\\Pipeline\\{closure}()
#35 /home/lutxise/Projects/Lutxise/vendor/laravel/framework/src/Illuminate/Foundation/Http/Middleware/TrimStrings.php(51): Illuminate\\Foundation\\Http\\Middleware\\TransformsRequest->handle()
#36 /home/lutxise/Projects/Lutxise/vendor/laravel/framework/src/Illuminate/Pipeline/Pipeline.php(183): Illuminate\\Foundation\\Http\\Middleware\\TrimStrings->handle()
#37 /home/lutxise/Projects/Lutxise/vendor/laravel/framework/src/Illuminate/Http/Middleware/ValidatePostSize.php(27): Illuminate\\Pipeline\\Pipeline->Illuminate\\Pipeline\\{closure}()
#38 /home/lutxise/Projects/Lutxise/vendor/laravel/framework/src/Illuminate/Pipeline/Pipeline.php(183): Illuminate\\Http\\Middleware\\ValidatePostSize->handle()
#39 /home/lutxise/Projects/Lutxise/vendor/laravel/framework/src/Illuminate/Foundation/Http/Middleware/PreventRequestsDuringMaintenance.php(110): Illuminate\\Pipeline\\Pipeline->Illuminate\\Pipeline\\{closure}()
#40 /home/lutxise/Projects/Lutxise/vendor/laravel/framework/src/Illuminate/Pipeline/Pipeline.php(183): Illuminate\\Foundation\\Http\\Middleware\\PreventRequestsDuringMaintenance->handle()
#41 /home/lutxise/Projects/Lutxise/vendor/laravel/framework/src/Illuminate/Http/Middleware/HandleCors.php(49): Illuminate\\Pipeline\\Pipeline->Illuminate\\Pipeline\\{closure}()
#42 /home/lutxise/Projects/Lutxise/vendor/laravel/framework/src/Illuminate/Pipeline/Pipeline.php(183): Illuminate\\Http\\Middleware\\HandleCors->handle()
#43 /home/lutxise/Projects/Lutxise/vendor/laravel/framework/src/Illuminate/Http/Middleware/TrustProxies.php(58): Illuminate\\Pipeline\\Pipeline->Illuminate\\Pipeline\\{closure}()
#44 /home/lutxise/Projects/Lutxise/vendor/laravel/framework/src/Illuminate/Pipeline/Pipeline.php(183): Illuminate\\Http\\Middleware\\TrustProxies->handle()
#45 /home/lutxise/Projects/Lutxise/vendor/laravel/framework/src/Illuminate/Foundation/Http/Middleware/InvokeDeferredCallbacks.php(22): Illuminate\\Pipeline\\Pipeline->Illuminate\\Pipeline\\{closure}()
#46 /home/lutxise/Projects/Lutxise/vendor/laravel/framework/src/Illuminate/Pipeline/Pipeline.php(183): Illuminate\\Foundation\\Http\\Middleware\\InvokeDeferredCallbacks->handle()
#47 /home/lutxise/Projects/Lutxise/vendor/laravel/framework/src/Illuminate/Pipeline/Pipeline.php(119): Illuminate\\Pipeline\\Pipeline->Illuminate\\Pipeline\\{closure}()
#48 /home/lutxise/Projects/Lutxise/vendor/laravel/framework/src/Illuminate/Foundation/Http/Kernel.php(176): Illuminate\\Pipeline\\Pipeline->then()
#49 /home/lutxise/Projects/Lutxise/vendor/laravel/framework/src/Illuminate/Foundation/Http/Kernel.php(145): Illuminate\\Foundation\\Http\\Kernel->sendRequestThroughRouter()
#50 /home/lutxise/Projects/Lutxise/vendor/laravel/framework/src/Illuminate/Foundation/Application.php(1190): Illuminate\\Foundation\\Http\\Kernel->handle()
#51 /home/lutxise/Projects/Lutxise/public/index.php(17): Illuminate\\Foundation\\Application->handleRequest()
#52 /home/lutxise/Projects/Lutxise/vendor/laravel/framework/src/Illuminate/Foundation/resources/server.php(23): require_once('...')
#53 {main}

[previous exception] [object] (PDOException(code: 1045): SQLSTATE[HY000] [1045] Access denied for user 'root'@'localhost' (using password: NO) at /home/lutxise/Projects/Lutxise/vendor/laravel/framework/src/Illuminate/Database/Connectors/Connector.php:66)
[stacktrace]
#0 /home/lutxise/Projects/Lutxise/vendor/laravel/framework/src/Illuminate/Database/Connectors/Connector.php(66): PDO->__construct()
#1 /home/lutxise/Projects/Lutxise/vendor/laravel/framework/src/Illuminate/Database/Connectors/Connector.php(44): Illuminate\\Database\\Connectors\\Connector->createPdoConnection()
#2 /home/lutxise/Projects/Lutxise/vendor/laravel/framework/src/Illuminate/Database/Connectors/MySqlConnector.php(24): Illuminate\\Database\\Connectors\\Connector->createConnection()
#3 /home/lutxise/Projects/Lutxise/vendor/laravel/framework/src/Illuminate/Database/Connectors/ConnectionFactory.php(185): Illuminate\\Database\\Connectors\\MySqlConnector->connect()
#4 [internal function]: Illuminate\\Database\\Connectors\\ConnectionFactory->Illuminate\\Database\\Connectors\\{closure}()
#5 /home/lutxise/Projects/Lutxise/vendor/laravel/framework/src/Illuminate/Database/Connection.php(1231): call_user_func()
#6 /home/lutxise/Projects/Lutxise/vendor/laravel/framework/src/Illuminate/Database/Connection.php(1267): Illuminate\\Database\\Connection->getPdo()
#7 /home/lutxise/Projects/Lutxise/vendor/laravel/framework/src/Illuminate/Database/Connection.php(512): Illuminate\\Database\\Connection->getReadPdo()
#8 /home/lutxise/Projects/Lutxise/vendor/laravel/framework/src/Illuminate/Database/Connection.php(407): Illuminate\\Database\\Connection->getPdoForSelect()
#9 /home/lutxise/Projects/Lutxise/vendor/laravel/framework/src/Illuminate/Database/Connection.php(812): Illuminate\\Database\\Connection->Illuminate\\Database\\{closure}()
#10 /home/lutxise/Projects/Lutxise/vendor/laravel/framework/src/Illuminate/Database/Connection.php(779): Illuminate\\Database\\Connection->runQueryCallback()
#11 /home/lutxise/Projects/Lutxise/vendor/laravel/framework/src/Illuminate/Database/Connection.php(398): Illuminate\\Database\\Connection->run()
#12 /home/lutxise/Projects/Lutxise/vendor/laravel/framework/src/Illuminate/Database/Query/Builder.php(3133): Illuminate\\Database\\Connection->select()
#13 /home/lutxise/Projects/Lutxise/vendor/laravel/framework/src/Illuminate/Database/Query/Builder.php(3118): Illuminate\\Database\\Query\\Builder->runSelect()
#14 /home/lutxise/Projects/Lutxise/vendor/laravel/framework/src/Illuminate/Database/Query/Builder.php(3706): Illuminate\\Database\\Query\\Builder->Illuminate\\Database\\Query\\{closure}()
#15 /home/lutxise/Projects/Lutxise/vendor/laravel/framework/src/Illuminate/Database/Query/Builder.php(3117): Illuminate\\Database\\Query\\Builder->onceWithColumns()
#16 /home/lutxise/Projects/Lutxise/vendor/laravel/framework/src/Illuminate/Database/Concerns/BuildsQueries.php(344): Illuminate\\Database\\Query\\Builder->get()
#17 /home/lutxise/Projects/Lutxise/vendor/laravel/framework/src/Illuminate/Database/Query/Builder.php(3038): Illuminate\\Database\\Query\\Builder->first()
#18 /home/lutxise/Projects/Lutxise/vendor/laravel/framework/src/Illuminate/Session/DatabaseSessionHandler.php(97): Illuminate\\Database\\Query\\Builder->find()
#19 /home/lutxise/Projects/Lutxise/vendor/laravel/framework/src/Illuminate/Session/Store.php(116): Illuminate\\Session\\DatabaseSessionHandler->read()
#20 /home/lutxise/Projects/Lutxise/vendor/laravel/framework/src/Illuminate/Session/Store.php(104): Illuminate\\Session\\Store->readFromHandler()
#21 /home/lutxise/Projects/Lutxise/vendor/laravel/framework/src/Illuminate/Session/Store.php(88): Illuminate\\Session\\Store->loadSession()
#22 /home/lutxise/Projects/Lutxise/vendor/laravel/framework/src/Illuminate/Session/Middleware/StartSession.php(147): Illuminate\\Session\\Store->start()
#23 /home/lutxise/Projects/Lutxise/vendor/laravel/framework/src/Illuminate/Support/helpers.php(399): Illuminate\\Session\\Middleware\\StartSession->Illuminate\\Session\\Middleware\\{closure}()
#24 /home/lutxise/Projects/Lutxise/vendor/laravel/framework/src/Illuminate/Session/Middleware/StartSession.php(144): tap()
#25 /home/lutxise/Projects/Lutxise/vendor/laravel/framework/src/Illuminate/Session/Middleware/StartSession.php(116): Illuminate\\Session\\Middleware\\StartSession->startSession()
#26 /home/lutxise/Projects/Lutxise/vendor/laravel/framework/src/Illuminate/Session/Middleware/StartSession.php(64): Illuminate\\Session\\Middleware\\StartSession->handleStatefulRequest()
#27 /home/lutxise/Projects/Lutxise/vendor/laravel/framework/src/Illuminate/Pipeline/Pipeline.php(183): Illuminate\\Session\\Middleware\\StartSession->handle()
#28 /home/lutxise/Projects/Lutxise/vendor/laravel/framework/src/Illuminate/Cookie/Middleware/AddQueuedCookiesToResponse.php(37): Illuminate\\Pipeline\\Pipeline->Illuminate\\Pipeline\\{closure}()
#29 /home/lutxise/Projects/Lutxise/vendor/laravel/framework/src/Illuminate/Pipeline/Pipeline.php(183): Illuminate\\Cookie\\Middleware\\AddQueuedCookiesToResponse->handle()
#30 /home/lutxise/Projects/Lutxise/vendor/laravel/framework/src/Illuminate/Cookie/Middleware/EncryptCookies.php(75): Illuminate\\Pipeline\\Pipeline->Illuminate\\Pipeline\\{closure}()
#31 /home/lutxise/Projects/Lutxise/vendor/laravel/framework/src/Illuminate/Pipeline/Pipeline.php(183): Illuminate\\Cookie\\Middleware\\EncryptCookies->handle()
#32 /home/lutxise/Projects/Lutxise/vendor/laravel/framework/src/Illuminate/Pipeline/Pipeline.php(119): Illuminate\\Pipeline\\Pipeline->Illuminate\\Pipeline\\{closure}()
#33 /home/lutxise/Projects/Lutxise/vendor/laravel/framework/src/Illuminate/Routing/Router.php(807): Illuminate\\Pipeline\\Pipeline->then()
#34 /home/lutxise/Projects/Lutxise/vendor/laravel/framework/src/Illuminate/Routing/Router.php(786): Illuminate\\Routing\\Router->runRouteWithinStack()
#35 /home/lutxise/Projects/Lutxise/vendor/laravel/framework/src/Illuminate/Routing/Router.php(750): Illuminate\\Routing\\Router->runRoute()
#36 /home/lutxise/Projects/Lutxise/vendor/laravel/framework/src/Illuminate/Routing/Router.php(739): Illuminate\\Routing\\Router->dispatchToRoute()
#37 /home/lutxise/Projects/Lutxise/vendor/laravel/framework/src/Illuminate/Foundation/Http/Kernel.php(201): Illuminate\\Routing\\Router->dispatch()
#38 /home/lutxise/Projects/Lutxise/vendor/laravel/framework/src/Illuminate/Pipeline/Pipeline.php(144): Illuminate\\Foundation\\Http\\Kernel->Illuminate\\Foundation\\Http\\{closure}()
#39 /home/lutxise/Projects/Lutxise/vendor/livewire/livewire/src/Features/SupportDisablingBackButtonCache/DisableBackButtonCacheMiddleware.php(19): Illuminate\\Pipeline\\Pipeline->Illuminate\\Pipeline\\{closure}()
#40 /home/lutxise/Projects/Lutxise/vendor/laravel/framework/src/Illuminate/Pipeline/Pipeline.php(183): Livewire\\Features\\SupportDisablingBackButtonCache\\DisableBackButtonCacheMiddleware->handle()
#41 /home/lutxise/Projects/Lutxise/vendor/laravel/framework/src/Illuminate/Foundation/Http/Middleware/TransformsRequest.php(21): Illuminate\\Pipeline\\Pipeline->Illuminate\\Pipeline\\{closure}()
#42 /home/lutxise/Projects/Lutxise/vendor/laravel/framework/src/Illuminate/Foundation/Http/Middleware/ConvertEmptyStringsToNull.php(31): Illuminate\\Foundation\\Http\\Middleware\\TransformsRequest->handle()
#43 /home/lutxise/Projects/Lutxise/vendor/laravel/framework/src/Illuminate/Pipeline/Pipeline.php(183): Illuminate\\Foundation\\Http\\Middleware\\ConvertEmptyStringsToNull->handle()
#44 /home/lutxise/Projects/Lutxise/vendor/laravel/framework/src/Illuminate/Foundation/Http/Middleware/TransformsRequest.php(21): Illuminate\\Pipeline\\Pipeline->Illuminate\\Pipeline\\{closure}()
#45 /home/lutxise/Projects/Lutxise/vendor/laravel/framework/src/Illuminate/Foundation/Http/Middleware/TrimStrings.php(51): Illuminate\\Foundation\\Http\\Middleware\\TransformsRequest->handle()
#46 /home/lutxise/Projects/Lutxise/vendor/laravel/framework/src/Illuminate/Pipeline/Pipeline.php(183): Illuminate\\Foundation\\Http\\Middleware\\TrimStrings->handle()
#47 /home/lutxise/Projects/Lutxise/vendor/laravel/framework/src/Illuminate/Http/Middleware/ValidatePostSize.php(27): Illuminate\\Pipeline\\Pipeline->Illuminate\\Pipeline\\{closure}()
#48 /home/lutxise/Projects/Lutxise/vendor/laravel/framework/src/Illuminate/Pipeline/Pipeline.php(183): Illuminate\\Http\\Middleware\\ValidatePostSize->handle()
#49 /home/lutxise/Projects/Lutxise/vendor/laravel/framework/src/Illuminate/Foundation/Http/Middleware/PreventRequestsDuringMaintenance.php(110): Illuminate\\Pipeline\\Pipeline->Illuminate\\Pipeline\\{closure}()
#50 /home/lutxise/Projects/Lutxise/vendor/laravel/framework/src/Illuminate/Pipeline/Pipeline.php(183): Illuminate\\Foundation\\Http\\Middleware\\PreventRequestsDuringMaintenance->handle()
#51 /home/lutxise/Projects/Lutxise/vendor/laravel/framework/src/Illuminate/Http/Middleware/HandleCors.php(49): Illuminate\\Pipeline\\Pipeline->Illuminate\\Pipeline\\{closure}()
#52 /home/lutxise/Projects/Lutxise/vendor/laravel/framework/src/Illuminate/Pipeline/Pipeline.php(183): Illuminate\\Http\\Middleware\\HandleCors->handle()
#53 /home/lutxise/Projects/Lutxise/vendor/laravel/framework/src/Illuminate/Http/Middleware/TrustProxies.php(58): Illuminate\\Pipeline\\Pipeline->Illuminate\\Pipeline\\{closure}()
#54 /home/lutxise/Projects/Lutxise/vendor/laravel/framework/src/Illuminate/Pipeline/Pipeline.php(183): Illuminate\\Http\\Middleware\\TrustProxies->handle()
#55 /home/lutxise/Projects/Lutxise/vendor/laravel/framework/src/Illuminate/Foundation/Http/Middleware/InvokeDeferredCallbacks.php(22): Illuminate\\Pipeline\\Pipeline->Illuminate\\Pipeline\\{closure}()
#56 /home/lutxise/Projects/Lutxise/vendor/laravel/framework/src/Illuminate/Pipeline/Pipeline.php(183): Illuminate\\Foundation\\Http\\Middleware\\InvokeDeferredCallbacks->handle()
#57 /home/lutxise/Projects/Lutxise/vendor/laravel/framework/src/Illuminate/Pipeline/Pipeline.php(119): Illuminate\\Pipeline\\Pipeline->Illuminate\\Pipeline\\{closure}()
#58 /home/lutxise/Projects/Lutxise/vendor/laravel/framework/src/Illuminate/Foundation/Http/Kernel.php(176): Illuminate\\Pipeline\\Pipeline->then()
#59 /home/lutxise/Projects/Lutxise/vendor/laravel/framework/src/Illuminate/Foundation/Http/Kernel.php(145): Illuminate\\Foundation\\Http\\Kernel->sendRequestThroughRouter()
#60 /home/lutxise/Projects/Lutxise/vendor/laravel/framework/src/Illuminate/Foundation/Application.php(1190): Illuminate\\Foundation\\Http\\Kernel->handle()
#61 /home/lutxise/Projects/Lutxise/public/index.php(17): Illuminate\\Foundation\\Application->handleRequest()
#62 /home/lutxise/Projects/Lutxise/vendor/laravel/framework/src/Illuminate/Foundation/resources/server.php(23): require_once('...')
#63 {main}
"} 
[2025-01-13 01:02:27] local.ERROR: SQLSTATE[HY000] [1045] Access denied for user 'root'@'localhost' (using password: NO) (Connection: mysql, SQL: select * from `sessions` where `id` = 3GMYzUW9GsrA5mkYwEdZNhsxL169x8FyIUHQ7j7T limit 1) {"exception":"[object] (Illuminate\\Database\\QueryException(code: 1045): SQLSTATE[HY000] [1045] Access denied for user 'root'@'localhost' (using password: NO) (Connection: mysql, SQL: select * from `sessions` where `id` = 3GMYzUW9GsrA5mkYwEdZNhsxL169x8FyIUHQ7j7T limit 1) at /home/lutxise/Projects/Lutxise/vendor/laravel/framework/src/Illuminate/Database/Connection.php:825)
[stacktrace]
#0 /home/lutxise/Projects/Lutxise/vendor/laravel/framework/src/Illuminate/Database/Connection.php(779): Illuminate\\Database\\Connection->runQueryCallback()
#1 /home/lutxise/Projects/Lutxise/vendor/laravel/framework/src/Illuminate/Database/Connection.php(398): Illuminate\\Database\\Connection->run()
#2 /home/lutxise/Projects/Lutxise/vendor/laravel/framework/src/Illuminate/Database/Query/Builder.php(3133): Illuminate\\Database\\Connection->select()
#3 /home/lutxise/Projects/Lutxise/vendor/laravel/framework/src/Illuminate/Database/Query/Builder.php(3118): Illuminate\\Database\\Query\\Builder->runSelect()
#4 /home/lutxise/Projects/Lutxise/vendor/laravel/framework/src/Illuminate/Database/Query/Builder.php(3706): Illuminate\\Database\\Query\\Builder->Illuminate\\Database\\Query\\{closure}()
#5 /home/lutxise/Projects/Lutxise/vendor/laravel/framework/src/Illuminate/Database/Query/Builder.php(3117): Illuminate\\Database\\Query\\Builder->onceWithColumns()
#6 /home/lutxise/Projects/Lutxise/vendor/laravel/framework/src/Illuminate/Database/Concerns/BuildsQueries.php(344): Illuminate\\Database\\Query\\Builder->get()
#7 /home/lutxise/Projects/Lutxise/vendor/laravel/framework/src/Illuminate/Database/Query/Builder.php(3038): Illuminate\\Database\\Query\\Builder->first()
#8 /home/lutxise/Projects/Lutxise/vendor/laravel/framework/src/Illuminate/Session/DatabaseSessionHandler.php(97): Illuminate\\Database\\Query\\Builder->find()
#9 /home/lutxise/Projects/Lutxise/vendor/laravel/framework/src/Illuminate/Session/Store.php(116): Illuminate\\Session\\DatabaseSessionHandler->read()
#10 /home/lutxise/Projects/Lutxise/vendor/laravel/framework/src/Illuminate/Session/Store.php(104): Illuminate\\Session\\Store->readFromHandler()
#11 /home/lutxise/Projects/Lutxise/vendor/laravel/framework/src/Illuminate/Session/Store.php(88): Illuminate\\Session\\Store->loadSession()
#12 /home/lutxise/Projects/Lutxise/vendor/laravel/framework/src/Illuminate/Session/Middleware/StartSession.php(147): Illuminate\\Session\\Store->start()
#13 /home/lutxise/Projects/Lutxise/vendor/laravel/framework/src/Illuminate/Support/helpers.php(399): Illuminate\\Session\\Middleware\\StartSession->Illuminate\\Session\\Middleware\\{closure}()
#14 /home/lutxise/Projects/Lutxise/vendor/laravel/framework/src/Illuminate/Session/Middleware/StartSession.php(144): tap()
#15 /home/lutxise/Projects/Lutxise/vendor/laravel/framework/src/Illuminate/Session/Middleware/StartSession.php(116): Illuminate\\Session\\Middleware\\StartSession->startSession()
#16 /home/lutxise/Projects/Lutxise/vendor/laravel/framework/src/Illuminate/Session/Middleware/StartSession.php(64): Illuminate\\Session\\Middleware\\StartSession->handleStatefulRequest()
#17 /home/lutxise/Projects/Lutxise/vendor/laravel/framework/src/Illuminate/Pipeline/Pipeline.php(183): Illuminate\\Session\\Middleware\\StartSession->handle()
#18 /home/lutxise/Projects/Lutxise/vendor/laravel/framework/src/Illuminate/Cookie/Middleware/AddQueuedCookiesToResponse.php(37): Illuminate\\Pipeline\\Pipeline->Illuminate\\Pipeline\\{closure}()
#19 /home/lutxise/Projects/Lutxise/vendor/laravel/framework/src/Illuminate/Pipeline/Pipeline.php(183): Illuminate\\Cookie\\Middleware\\AddQueuedCookiesToResponse->handle()
#20 /home/lutxise/Projects/Lutxise/vendor/laravel/framework/src/Illuminate/Cookie/Middleware/EncryptCookies.php(75): Illuminate\\Pipeline\\Pipeline->Illuminate\\Pipeline\\{closure}()
#21 /home/lutxise/Projects/Lutxise/vendor/laravel/framework/src/Illuminate/Pipeline/Pipeline.php(183): Illuminate\\Cookie\\Middleware\\EncryptCookies->handle()
#22 /home/lutxise/Projects/Lutxise/vendor/laravel/framework/src/Illuminate/Pipeline/Pipeline.php(119): Illuminate\\Pipeline\\Pipeline->Illuminate\\Pipeline\\{closure}()
#23 /home/lutxise/Projects/Lutxise/vendor/laravel/framework/src/Illuminate/Routing/Router.php(807): Illuminate\\Pipeline\\Pipeline->then()
#24 /home/lutxise/Projects/Lutxise/vendor/laravel/framework/src/Illuminate/Routing/Router.php(786): Illuminate\\Routing\\Router->runRouteWithinStack()
#25 /home/lutxise/Projects/Lutxise/vendor/laravel/framework/src/Illuminate/Routing/Router.php(750): Illuminate\\Routing\\Router->runRoute()
#26 /home/lutxise/Projects/Lutxise/vendor/laravel/framework/src/Illuminate/Routing/Router.php(739): Illuminate\\Routing\\Router->dispatchToRoute()
#27 /home/lutxise/Projects/Lutxise/vendor/laravel/framework/src/Illuminate/Foundation/Http/Kernel.php(201): Illuminate\\Routing\\Router->dispatch()
#28 /home/lutxise/Projects/Lutxise/vendor/laravel/framework/src/Illuminate/Pipeline/Pipeline.php(144): Illuminate\\Foundation\\Http\\Kernel->Illuminate\\Foundation\\Http\\{closure}()
#29 /home/lutxise/Projects/Lutxise/vendor/livewire/livewire/src/Features/SupportDisablingBackButtonCache/DisableBackButtonCacheMiddleware.php(19): Illuminate\\Pipeline\\Pipeline->Illuminate\\Pipeline\\{closure}()
#30 /home/lutxise/Projects/Lutxise/vendor/laravel/framework/src/Illuminate/Pipeline/Pipeline.php(183): Livewire\\Features\\SupportDisablingBackButtonCache\\DisableBackButtonCacheMiddleware->handle()
#31 /home/lutxise/Projects/Lutxise/vendor/laravel/framework/src/Illuminate/Foundation/Http/Middleware/TransformsRequest.php(21): Illuminate\\Pipeline\\Pipeline->Illuminate\\Pipeline\\{closure}()
#32 /home/lutxise/Projects/Lutxise/vendor/laravel/framework/src/Illuminate/Foundation/Http/Middleware/ConvertEmptyStringsToNull.php(31): Illuminate\\Foundation\\Http\\Middleware\\TransformsRequest->handle()
#33 /home/lutxise/Projects/Lutxise/vendor/laravel/framework/src/Illuminate/Pipeline/Pipeline.php(183): Illuminate\\Foundation\\Http\\Middleware\\ConvertEmptyStringsToNull->handle()
#34 /home/lutxise/Projects/Lutxise/vendor/laravel/framework/src/Illuminate/Foundation/Http/Middleware/TransformsRequest.php(21): Illuminate\\Pipeline\\Pipeline->Illuminate\\Pipeline\\{closure}()
#35 /home/lutxise/Projects/Lutxise/vendor/laravel/framework/src/Illuminate/Foundation/Http/Middleware/TrimStrings.php(51): Illuminate\\Foundation\\Http\\Middleware\\TransformsRequest->handle()
#36 /home/lutxise/Projects/Lutxise/vendor/laravel/framework/src/Illuminate/Pipeline/Pipeline.php(183): Illuminate\\Foundation\\Http\\Middleware\\TrimStrings->handle()
#37 /home/lutxise/Projects/Lutxise/vendor/laravel/framework/src/Illuminate/Http/Middleware/ValidatePostSize.php(27): Illuminate\\Pipeline\\Pipeline->Illuminate\\Pipeline\\{closure}()
#38 /home/lutxise/Projects/Lutxise/vendor/laravel/framework/src/Illuminate/Pipeline/Pipeline.php(183): Illuminate\\Http\\Middleware\\ValidatePostSize->handle()
#39 /home/lutxise/Projects/Lutxise/vendor/laravel/framework/src/Illuminate/Foundation/Http/Middleware/PreventRequestsDuringMaintenance.php(110): Illuminate\\Pipeline\\Pipeline->Illuminate\\Pipeline\\{closure}()
#40 /home/lutxise/Projects/Lutxise/vendor/laravel/framework/src/Illuminate/Pipeline/Pipeline.php(183): Illuminate\\Foundation\\Http\\Middleware\\PreventRequestsDuringMaintenance->handle()
#41 /home/lutxise/Projects/Lutxise/vendor/laravel/framework/src/Illuminate/Http/Middleware/HandleCors.php(49): Illuminate\\Pipeline\\Pipeline->Illuminate\\Pipeline\\{closure}()
#42 /home/lutxise/Projects/Lutxise/vendor/laravel/framework/src/Illuminate/Pipeline/Pipeline.php(183): Illuminate\\Http\\Middleware\\HandleCors->handle()
#43 /home/lutxise/Projects/Lutxise/vendor/laravel/framework/src/Illuminate/Http/Middleware/TrustProxies.php(58): Illuminate\\Pipeline\\Pipeline->Illuminate\\Pipeline\\{closure}()
#44 /home/lutxise/Projects/Lutxise/vendor/laravel/framework/src/Illuminate/Pipeline/Pipeline.php(183): Illuminate\\Http\\Middleware\\TrustProxies->handle()
#45 /home/lutxise/Projects/Lutxise/vendor/laravel/framework/src/Illuminate/Foundation/Http/Middleware/InvokeDeferredCallbacks.php(22): Illuminate\\Pipeline\\Pipeline->Illuminate\\Pipeline\\{closure}()
#46 /home/lutxise/Projects/Lutxise/vendor/laravel/framework/src/Illuminate/Pipeline/Pipeline.php(183): Illuminate\\Foundation\\Http\\Middleware\\InvokeDeferredCallbacks->handle()
#47 /home/lutxise/Projects/Lutxise/vendor/laravel/framework/src/Illuminate/Pipeline/Pipeline.php(119): Illuminate\\Pipeline\\Pipeline->Illuminate\\Pipeline\\{closure}()
#48 /home/lutxise/Projects/Lutxise/vendor/laravel/framework/src/Illuminate/Foundation/Http/Kernel.php(176): Illuminate\\Pipeline\\Pipeline->then()
#49 /home/lutxise/Projects/Lutxise/vendor/laravel/framework/src/Illuminate/Foundation/Http/Kernel.php(145): Illuminate\\Foundation\\Http\\Kernel->sendRequestThroughRouter()
#50 /home/lutxise/Projects/Lutxise/vendor/laravel/framework/src/Illuminate/Foundation/Application.php(1190): Illuminate\\Foundation\\Http\\Kernel->handle()
#51 /home/lutxise/Projects/Lutxise/public/index.php(17): Illuminate\\Foundation\\Application->handleRequest()
#52 /home/lutxise/Projects/Lutxise/vendor/laravel/framework/src/Illuminate/Foundation/resources/server.php(23): require_once('...')
#53 {main}

[previous exception] [object] (PDOException(code: 1045): SQLSTATE[HY000] [1045] Access denied for user 'root'@'localhost' (using password: NO) at /home/lutxise/Projects/Lutxise/vendor/laravel/framework/src/Illuminate/Database/Connectors/Connector.php:66)
[stacktrace]
#0 /home/lutxise/Projects/Lutxise/vendor/laravel/framework/src/Illuminate/Database/Connectors/Connector.php(66): PDO->__construct()
#1 /home/lutxise/Projects/Lutxise/vendor/laravel/framework/src/Illuminate/Database/Connectors/Connector.php(44): Illuminate\\Database\\Connectors\\Connector->createPdoConnection()
#2 /home/lutxise/Projects/Lutxise/vendor/laravel/framework/src/Illuminate/Database/Connectors/MySqlConnector.php(24): Illuminate\\Database\\Connectors\\Connector->createConnection()
#3 /home/lutxise/Projects/Lutxise/vendor/laravel/framework/src/Illuminate/Database/Connectors/ConnectionFactory.php(185): Illuminate\\Database\\Connectors\\MySqlConnector->connect()
#4 [internal function]: Illuminate\\Database\\Connectors\\ConnectionFactory->Illuminate\\Database\\Connectors\\{closure}()
#5 /home/lutxise/Projects/Lutxise/vendor/laravel/framework/src/Illuminate/Database/Connection.php(1231): call_user_func()
#6 /home/lutxise/Projects/Lutxise/vendor/laravel/framework/src/Illuminate/Database/Connection.php(1267): Illuminate\\Database\\Connection->getPdo()
#7 /home/lutxise/Projects/Lutxise/vendor/laravel/framework/src/Illuminate/Database/Connection.php(512): Illuminate\\Database\\Connection->getReadPdo()
#8 /home/lutxise/Projects/Lutxise/vendor/laravel/framework/src/Illuminate/Database/Connection.php(407): Illuminate\\Database\\Connection->getPdoForSelect()
#9 /home/lutxise/Projects/Lutxise/vendor/laravel/framework/src/Illuminate/Database/Connection.php(812): Illuminate\\Database\\Connection->Illuminate\\Database\\{closure}()
#10 /home/lutxise/Projects/Lutxise/vendor/laravel/framework/src/Illuminate/Database/Connection.php(779): Illuminate\\Database\\Connection->runQueryCallback()
#11 /home/lutxise/Projects/Lutxise/vendor/laravel/framework/src/Illuminate/Database/Connection.php(398): Illuminate\\Database\\Connection->run()
#12 /home/lutxise/Projects/Lutxise/vendor/laravel/framework/src/Illuminate/Database/Query/Builder.php(3133): Illuminate\\Database\\Connection->select()
#13 /home/lutxise/Projects/Lutxise/vendor/laravel/framework/src/Illuminate/Database/Query/Builder.php(3118): Illuminate\\Database\\Query\\Builder->runSelect()
#14 /home/lutxise/Projects/Lutxise/vendor/laravel/framework/src/Illuminate/Database/Query/Builder.php(3706): Illuminate\\Database\\Query\\Builder->Illuminate\\Database\\Query\\{closure}()
#15 /home/lutxise/Projects/Lutxise/vendor/laravel/framework/src/Illuminate/Database/Query/Builder.php(3117): Illuminate\\Database\\Query\\Builder->onceWithColumns()
#16 /home/lutxise/Projects/Lutxise/vendor/laravel/framework/src/Illuminate/Database/Concerns/BuildsQueries.php(344): Illuminate\\Database\\Query\\Builder->get()
#17 /home/lutxise/Projects/Lutxise/vendor/laravel/framework/src/Illuminate/Database/Query/Builder.php(3038): Illuminate\\Database\\Query\\Builder->first()
#18 /home/lutxise/Projects/Lutxise/vendor/laravel/framework/src/Illuminate/Session/DatabaseSessionHandler.php(97): Illuminate\\Database\\Query\\Builder->find()
#19 /home/lutxise/Projects/Lutxise/vendor/laravel/framework/src/Illuminate/Session/Store.php(116): Illuminate\\Session\\DatabaseSessionHandler->read()
#20 /home/lutxise/Projects/Lutxise/vendor/laravel/framework/src/Illuminate/Session/Store.php(104): Illuminate\\Session\\Store->readFromHandler()
#21 /home/lutxise/Projects/Lutxise/vendor/laravel/framework/src/Illuminate/Session/Store.php(88): Illuminate\\Session\\Store->loadSession()
#22 /home/lutxise/Projects/Lutxise/vendor/laravel/framework/src/Illuminate/Session/Middleware/StartSession.php(147): Illuminate\\Session\\Store->start()
#23 /home/lutxise/Projects/Lutxise/vendor/laravel/framework/src/Illuminate/Support/helpers.php(399): Illuminate\\Session\\Middleware\\StartSession->Illuminate\\Session\\Middleware\\{closure}()
#24 /home/lutxise/Projects/Lutxise/vendor/laravel/framework/src/Illuminate/Session/Middleware/StartSession.php(144): tap()
#25 /home/lutxise/Projects/Lutxise/vendor/laravel/framework/src/Illuminate/Session/Middleware/StartSession.php(116): Illuminate\\Session\\Middleware\\StartSession->startSession()
#26 /home/lutxise/Projects/Lutxise/vendor/laravel/framework/src/Illuminate/Session/Middleware/StartSession.php(64): Illuminate\\Session\\Middleware\\StartSession->handleStatefulRequest()
#27 /home/lutxise/Projects/Lutxise/vendor/laravel/framework/src/Illuminate/Pipeline/Pipeline.php(183): Illuminate\\Session\\Middleware\\StartSession->handle()
#28 /home/lutxise/Projects/Lutxise/vendor/laravel/framework/src/Illuminate/Cookie/Middleware/AddQueuedCookiesToResponse.php(37): Illuminate\\Pipeline\\Pipeline->Illuminate\\Pipeline\\{closure}()
#29 /home/lutxise/Projects/Lutxise/vendor/laravel/framework/src/Illuminate/Pipeline/Pipeline.php(183): Illuminate\\Cookie\\Middleware\\AddQueuedCookiesToResponse->handle()
#30 /home/lutxise/Projects/Lutxise/vendor/laravel/framework/src/Illuminate/Cookie/Middleware/EncryptCookies.php(75): Illuminate\\Pipeline\\Pipeline->Illuminate\\Pipeline\\{closure}()
#31 /home/lutxise/Projects/Lutxise/vendor/laravel/framework/src/Illuminate/Pipeline/Pipeline.php(183): Illuminate\\Cookie\\Middleware\\EncryptCookies->handle()
#32 /home/lutxise/Projects/Lutxise/vendor/laravel/framework/src/Illuminate/Pipeline/Pipeline.php(119): Illuminate\\Pipeline\\Pipeline->Illuminate\\Pipeline\\{closure}()
#33 /home/lutxise/Projects/Lutxise/vendor/laravel/framework/src/Illuminate/Routing/Router.php(807): Illuminate\\Pipeline\\Pipeline->then()
#34 /home/lutxise/Projects/Lutxise/vendor/laravel/framework/src/Illuminate/Routing/Router.php(786): Illuminate\\Routing\\Router->runRouteWithinStack()
#35 /home/lutxise/Projects/Lutxise/vendor/laravel/framework/src/Illuminate/Routing/Router.php(750): Illuminate\\Routing\\Router->runRoute()
#36 /home/lutxise/Projects/Lutxise/vendor/laravel/framework/src/Illuminate/Routing/Router.php(739): Illuminate\\Routing\\Router->dispatchToRoute()
#37 /home/lutxise/Projects/Lutxise/vendor/laravel/framework/src/Illuminate/Foundation/Http/Kernel.php(201): Illuminate\\Routing\\Router->dispatch()
#38 /home/lutxise/Projects/Lutxise/vendor/laravel/framework/src/Illuminate/Pipeline/Pipeline.php(144): Illuminate\\Foundation\\Http\\Kernel->Illuminate\\Foundation\\Http\\{closure}()
#39 /home/lutxise/Projects/Lutxise/vendor/livewire/livewire/src/Features/SupportDisablingBackButtonCache/DisableBackButtonCacheMiddleware.php(19): Illuminate\\Pipeline\\Pipeline->Illuminate\\Pipeline\\{closure}()
#40 /home/lutxise/Projects/Lutxise/vendor/laravel/framework/src/Illuminate/Pipeline/Pipeline.php(183): Livewire\\Features\\SupportDisablingBackButtonCache\\DisableBackButtonCacheMiddleware->handle()
#41 /home/lutxise/Projects/Lutxise/vendor/laravel/framework/src/Illuminate/Foundation/Http/Middleware/TransformsRequest.php(21): Illuminate\\Pipeline\\Pipeline->Illuminate\\Pipeline\\{closure}()
#42 /home/lutxise/Projects/Lutxise/vendor/laravel/framework/src/Illuminate/Foundation/Http/Middleware/ConvertEmptyStringsToNull.php(31): Illuminate\\Foundation\\Http\\Middleware\\TransformsRequest->handle()
#43 /home/lutxise/Projects/Lutxise/vendor/laravel/framework/src/Illuminate/Pipeline/Pipeline.php(183): Illuminate\\Foundation\\Http\\Middleware\\ConvertEmptyStringsToNull->handle()
#44 /home/lutxise/Projects/Lutxise/vendor/laravel/framework/src/Illuminate/Foundation/Http/Middleware/TransformsRequest.php(21): Illuminate\\Pipeline\\Pipeline->Illuminate\\Pipeline\\{closure}()
#45 /home/lutxise/Projects/Lutxise/vendor/laravel/framework/src/Illuminate/Foundation/Http/Middleware/TrimStrings.php(51): Illuminate\\Foundation\\Http\\Middleware\\TransformsRequest->handle()
#46 /home/lutxise/Projects/Lutxise/vendor/laravel/framework/src/Illuminate/Pipeline/Pipeline.php(183): Illuminate\\Foundation\\Http\\Middleware\\TrimStrings->handle()
#47 /home/lutxise/Projects/Lutxise/vendor/laravel/framework/src/Illuminate/Http/Middleware/ValidatePostSize.php(27): Illuminate\\Pipeline\\Pipeline->Illuminate\\Pipeline\\{closure}()
#48 /home/lutxise/Projects/Lutxise/vendor/laravel/framework/src/Illuminate/Pipeline/Pipeline.php(183): Illuminate\\Http\\Middleware\\ValidatePostSize->handle()
#49 /home/lutxise/Projects/Lutxise/vendor/laravel/framework/src/Illuminate/Foundation/Http/Middleware/PreventRequestsDuringMaintenance.php(110): Illuminate\\Pipeline\\Pipeline->Illuminate\\Pipeline\\{closure}()
#50 /home/lutxise/Projects/Lutxise/vendor/laravel/framework/src/Illuminate/Pipeline/Pipeline.php(183): Illuminate\\Foundation\\Http\\Middleware\\PreventRequestsDuringMaintenance->handle()
#51 /home/lutxise/Projects/Lutxise/vendor/laravel/framework/src/Illuminate/Http/Middleware/HandleCors.php(49): Illuminate\\Pipeline\\Pipeline->Illuminate\\Pipeline\\{closure}()
#52 /home/lutxise/Projects/Lutxise/vendor/laravel/framework/src/Illuminate/Pipeline/Pipeline.php(183): Illuminate\\Http\\Middleware\\HandleCors->handle()
#53 /home/lutxise/Projects/Lutxise/vendor/laravel/framework/src/Illuminate/Http/Middleware/TrustProxies.php(58): Illuminate\\Pipeline\\Pipeline->Illuminate\\Pipeline\\{closure}()
#54 /home/lutxise/Projects/Lutxise/vendor/laravel/framework/src/Illuminate/Pipeline/Pipeline.php(183): Illuminate\\Http\\Middleware\\TrustProxies->handle()
#55 /home/lutxise/Projects/Lutxise/vendor/laravel/framework/src/Illuminate/Foundation/Http/Middleware/InvokeDeferredCallbacks.php(22): Illuminate\\Pipeline\\Pipeline->Illuminate\\Pipeline\\{closure}()
#56 /home/lutxise/Projects/Lutxise/vendor/laravel/framework/src/Illuminate/Pipeline/Pipeline.php(183): Illuminate\\Foundation\\Http\\Middleware\\InvokeDeferredCallbacks->handle()
#57 /home/lutxise/Projects/Lutxise/vendor/laravel/framework/src/Illuminate/Pipeline/Pipeline.php(119): Illuminate\\Pipeline\\Pipeline->Illuminate\\Pipeline\\{closure}()
#58 /home/lutxise/Projects/Lutxise/vendor/laravel/framework/src/Illuminate/Foundation/Http/Kernel.php(176): Illuminate\\Pipeline\\Pipeline->then()
#59 /home/lutxise/Projects/Lutxise/vendor/laravel/framework/src/Illuminate/Foundation/Http/Kernel.php(145): Illuminate\\Foundation\\Http\\Kernel->sendRequestThroughRouter()
#60 /home/lutxise/Projects/Lutxise/vendor/laravel/framework/src/Illuminate/Foundation/Application.php(1190): Illuminate\\Foundation\\Http\\Kernel->handle()
#61 /home/lutxise/Projects/Lutxise/public/index.php(17): Illuminate\\Foundation\\Application->handleRequest()
#62 /home/lutxise/Projects/Lutxise/vendor/laravel/framework/src/Illuminate/Foundation/resources/server.php(23): require_once('...')
#63 {main}
"} 
[2025-01-13 01:02:30] local.ERROR: SQLSTATE[HY000] [1045] Access denied for user 'root'@'localhost' (using password: NO) (Connection: mysql, SQL: select * from `sessions` where `id` = m12xCHHlX4dYzEq0VDXA6COrpAmAnC7gxiAKa5Fz limit 1) {"exception":"[object] (Illuminate\\Database\\QueryException(code: 1045): SQLSTATE[HY000] [1045] Access denied for user 'root'@'localhost' (using password: NO) (Connection: mysql, SQL: select * from `sessions` where `id` = m12xCHHlX4dYzEq0VDXA6COrpAmAnC7gxiAKa5Fz limit 1) at /home/lutxise/Projects/Lutxise/vendor/laravel/framework/src/Illuminate/Database/Connection.php:825)
[stacktrace]
#0 /home/lutxise/Projects/Lutxise/vendor/laravel/framework/src/Illuminate/Database/Connection.php(779): Illuminate\\Database\\Connection->runQueryCallback()
#1 /home/lutxise/Projects/Lutxise/vendor/laravel/framework/src/Illuminate/Database/Connection.php(398): Illuminate\\Database\\Connection->run()
#2 /home/lutxise/Projects/Lutxise/vendor/laravel/framework/src/Illuminate/Database/Query/Builder.php(3133): Illuminate\\Database\\Connection->select()
#3 /home/lutxise/Projects/Lutxise/vendor/laravel/framework/src/Illuminate/Database/Query/Builder.php(3118): Illuminate\\Database\\Query\\Builder->runSelect()
#4 /home/lutxise/Projects/Lutxise/vendor/laravel/framework/src/Illuminate/Database/Query/Builder.php(3706): Illuminate\\Database\\Query\\Builder->Illuminate\\Database\\Query\\{closure}()
#5 /home/lutxise/Projects/Lutxise/vendor/laravel/framework/src/Illuminate/Database/Query/Builder.php(3117): Illuminate\\Database\\Query\\Builder->onceWithColumns()
#6 /home/lutxise/Projects/Lutxise/vendor/laravel/framework/src/Illuminate/Database/Concerns/BuildsQueries.php(344): Illuminate\\Database\\Query\\Builder->get()
#7 /home/lutxise/Projects/Lutxise/vendor/laravel/framework/src/Illuminate/Database/Query/Builder.php(3038): Illuminate\\Database\\Query\\Builder->first()
#8 /home/lutxise/Projects/Lutxise/vendor/laravel/framework/src/Illuminate/Session/DatabaseSessionHandler.php(97): Illuminate\\Database\\Query\\Builder->find()
#9 /home/lutxise/Projects/Lutxise/vendor/laravel/framework/src/Illuminate/Session/Store.php(116): Illuminate\\Session\\DatabaseSessionHandler->read()
#10 /home/lutxise/Projects/Lutxise/vendor/laravel/framework/src/Illuminate/Session/Store.php(104): Illuminate\\Session\\Store->readFromHandler()
#11 /home/lutxise/Projects/Lutxise/vendor/laravel/framework/src/Illuminate/Session/Store.php(88): Illuminate\\Session\\Store->loadSession()
#12 /home/lutxise/Projects/Lutxise/vendor/laravel/framework/src/Illuminate/Session/Middleware/StartSession.php(147): Illuminate\\Session\\Store->start()
#13 /home/lutxise/Projects/Lutxise/vendor/laravel/framework/src/Illuminate/Support/helpers.php(399): Illuminate\\Session\\Middleware\\StartSession->Illuminate\\Session\\Middleware\\{closure}()
#14 /home/lutxise/Projects/Lutxise/vendor/laravel/framework/src/Illuminate/Session/Middleware/StartSession.php(144): tap()
#15 /home/lutxise/Projects/Lutxise/vendor/laravel/framework/src/Illuminate/Session/Middleware/StartSession.php(116): Illuminate\\Session\\Middleware\\StartSession->startSession()
#16 /home/lutxise/Projects/Lutxise/vendor/laravel/framework/src/Illuminate/Session/Middleware/StartSession.php(64): Illuminate\\Session\\Middleware\\StartSession->handleStatefulRequest()
#17 /home/lutxise/Projects/Lutxise/vendor/laravel/framework/src/Illuminate/Pipeline/Pipeline.php(183): Illuminate\\Session\\Middleware\\StartSession->handle()
#18 /home/lutxise/Projects/Lutxise/vendor/laravel/framework/src/Illuminate/Cookie/Middleware/AddQueuedCookiesToResponse.php(37): Illuminate\\Pipeline\\Pipeline->Illuminate\\Pipeline\\{closure}()
#19 /home/lutxise/Projects/Lutxise/vendor/laravel/framework/src/Illuminate/Pipeline/Pipeline.php(183): Illuminate\\Cookie\\Middleware\\AddQueuedCookiesToResponse->handle()
#20 /home/lutxise/Projects/Lutxise/vendor/laravel/framework/src/Illuminate/Cookie/Middleware/EncryptCookies.php(75): Illuminate\\Pipeline\\Pipeline->Illuminate\\Pipeline\\{closure}()
#21 /home/lutxise/Projects/Lutxise/vendor/laravel/framework/src/Illuminate/Pipeline/Pipeline.php(183): Illuminate\\Cookie\\Middleware\\EncryptCookies->handle()
#22 /home/lutxise/Projects/Lutxise/vendor/laravel/framework/src/Illuminate/Pipeline/Pipeline.php(119): Illuminate\\Pipeline\\Pipeline->Illuminate\\Pipeline\\{closure}()
#23 /home/lutxise/Projects/Lutxise/vendor/laravel/framework/src/Illuminate/Routing/Router.php(807): Illuminate\\Pipeline\\Pipeline->then()
#24 /home/lutxise/Projects/Lutxise/vendor/laravel/framework/src/Illuminate/Routing/Router.php(786): Illuminate\\Routing\\Router->runRouteWithinStack()
#25 /home/lutxise/Projects/Lutxise/vendor/laravel/framework/src/Illuminate/Routing/Router.php(750): Illuminate\\Routing\\Router->runRoute()
#26 /home/lutxise/Projects/Lutxise/vendor/laravel/framework/src/Illuminate/Routing/Router.php(739): Illuminate\\Routing\\Router->dispatchToRoute()
#27 /home/lutxise/Projects/Lutxise/vendor/laravel/framework/src/Illuminate/Foundation/Http/Kernel.php(201): Illuminate\\Routing\\Router->dispatch()
#28 /home/lutxise/Projects/Lutxise/vendor/laravel/framework/src/Illuminate/Pipeline/Pipeline.php(144): Illuminate\\Foundation\\Http\\Kernel->Illuminate\\Foundation\\Http\\{closure}()
#29 /home/lutxise/Projects/Lutxise/vendor/livewire/livewire/src/Features/SupportDisablingBackButtonCache/DisableBackButtonCacheMiddleware.php(19): Illuminate\\Pipeline\\Pipeline->Illuminate\\Pipeline\\{closure}()
#30 /home/lutxise/Projects/Lutxise/vendor/laravel/framework/src/Illuminate/Pipeline/Pipeline.php(183): Livewire\\Features\\SupportDisablingBackButtonCache\\DisableBackButtonCacheMiddleware->handle()
#31 /home/lutxise/Projects/Lutxise/vendor/laravel/framework/src/Illuminate/Foundation/Http/Middleware/TransformsRequest.php(21): Illuminate\\Pipeline\\Pipeline->Illuminate\\Pipeline\\{closure}()
#32 /home/lutxise/Projects/Lutxise/vendor/laravel/framework/src/Illuminate/Foundation/Http/Middleware/ConvertEmptyStringsToNull.php(31): Illuminate\\Foundation\\Http\\Middleware\\TransformsRequest->handle()
#33 /home/lutxise/Projects/Lutxise/vendor/laravel/framework/src/Illuminate/Pipeline/Pipeline.php(183): Illuminate\\Foundation\\Http\\Middleware\\ConvertEmptyStringsToNull->handle()
#34 /home/lutxise/Projects/Lutxise/vendor/laravel/framework/src/Illuminate/Foundation/Http/Middleware/TransformsRequest.php(21): Illuminate\\Pipeline\\Pipeline->Illuminate\\Pipeline\\{closure}()
#35 /home/lutxise/Projects/Lutxise/vendor/laravel/framework/src/Illuminate/Foundation/Http/Middleware/TrimStrings.php(51): Illuminate\\Foundation\\Http\\Middleware\\TransformsRequest->handle()
#36 /home/lutxise/Projects/Lutxise/vendor/laravel/framework/src/Illuminate/Pipeline/Pipeline.php(183): Illuminate\\Foundation\\Http\\Middleware\\TrimStrings->handle()
#37 /home/lutxise/Projects/Lutxise/vendor/laravel/framework/src/Illuminate/Http/Middleware/ValidatePostSize.php(27): Illuminate\\Pipeline\\Pipeline->Illuminate\\Pipeline\\{closure}()
#38 /home/lutxise/Projects/Lutxise/vendor/laravel/framework/src/Illuminate/Pipeline/Pipeline.php(183): Illuminate\\Http\\Middleware\\ValidatePostSize->handle()
#39 /home/lutxise/Projects/Lutxise/vendor/laravel/framework/src/Illuminate/Foundation/Http/Middleware/PreventRequestsDuringMaintenance.php(110): Illuminate\\Pipeline\\Pipeline->Illuminate\\Pipeline\\{closure}()
#40 /home/lutxise/Projects/Lutxise/vendor/laravel/framework/src/Illuminate/Pipeline/Pipeline.php(183): Illuminate\\Foundation\\Http\\Middleware\\PreventRequestsDuringMaintenance->handle()
#41 /home/lutxise/Projects/Lutxise/vendor/laravel/framework/src/Illuminate/Http/Middleware/HandleCors.php(49): Illuminate\\Pipeline\\Pipeline->Illuminate\\Pipeline\\{closure}()
#42 /home/lutxise/Projects/Lutxise/vendor/laravel/framework/src/Illuminate/Pipeline/Pipeline.php(183): Illuminate\\Http\\Middleware\\HandleCors->handle()
#43 /home/lutxise/Projects/Lutxise/vendor/laravel/framework/src/Illuminate/Http/Middleware/TrustProxies.php(58): Illuminate\\Pipeline\\Pipeline->Illuminate\\Pipeline\\{closure}()
#44 /home/lutxise/Projects/Lutxise/vendor/laravel/framework/src/Illuminate/Pipeline/Pipeline.php(183): Illuminate\\Http\\Middleware\\TrustProxies->handle()
#45 /home/lutxise/Projects/Lutxise/vendor/laravel/framework/src/Illuminate/Foundation/Http/Middleware/InvokeDeferredCallbacks.php(22): Illuminate\\Pipeline\\Pipeline->Illuminate\\Pipeline\\{closure}()
#46 /home/lutxise/Projects/Lutxise/vendor/laravel/framework/src/Illuminate/Pipeline/Pipeline.php(183): Illuminate\\Foundation\\Http\\Middleware\\InvokeDeferredCallbacks->handle()
#47 /home/lutxise/Projects/Lutxise/vendor/laravel/framework/src/Illuminate/Pipeline/Pipeline.php(119): Illuminate\\Pipeline\\Pipeline->Illuminate\\Pipeline\\{closure}()
#48 /home/lutxise/Projects/Lutxise/vendor/laravel/framework/src/Illuminate/Foundation/Http/Kernel.php(176): Illuminate\\Pipeline\\Pipeline->then()
#49 /home/lutxise/Projects/Lutxise/vendor/laravel/framework/src/Illuminate/Foundation/Http/Kernel.php(145): Illuminate\\Foundation\\Http\\Kernel->sendRequestThroughRouter()
#50 /home/lutxise/Projects/Lutxise/vendor/laravel/framework/src/Illuminate/Foundation/Application.php(1190): Illuminate\\Foundation\\Http\\Kernel->handle()
#51 /home/lutxise/Projects/Lutxise/public/index.php(17): Illuminate\\Foundation\\Application->handleRequest()
#52 /home/lutxise/Projects/Lutxise/vendor/laravel/framework/src/Illuminate/Foundation/resources/server.php(23): require_once('...')
#53 {main}

[previous exception] [object] (PDOException(code: 1045): SQLSTATE[HY000] [1045] Access denied for user 'root'@'localhost' (using password: NO) at /home/lutxise/Projects/Lutxise/vendor/laravel/framework/src/Illuminate/Database/Connectors/Connector.php:66)
[stacktrace]
#0 /home/lutxise/Projects/Lutxise/vendor/laravel/framework/src/Illuminate/Database/Connectors/Connector.php(66): PDO->__construct()
#1 /home/lutxise/Projects/Lutxise/vendor/laravel/framework/src/Illuminate/Database/Connectors/Connector.php(44): Illuminate\\Database\\Connectors\\Connector->createPdoConnection()
#2 /home/lutxise/Projects/Lutxise/vendor/laravel/framework/src/Illuminate/Database/Connectors/MySqlConnector.php(24): Illuminate\\Database\\Connectors\\Connector->createConnection()
#3 /home/lutxise/Projects/Lutxise/vendor/laravel/framework/src/Illuminate/Database/Connectors/ConnectionFactory.php(185): Illuminate\\Database\\Connectors\\MySqlConnector->connect()
#4 [internal function]: Illuminate\\Database\\Connectors\\ConnectionFactory->Illuminate\\Database\\Connectors\\{closure}()
#5 /home/lutxise/Projects/Lutxise/vendor/laravel/framework/src/Illuminate/Database/Connection.php(1231): call_user_func()
#6 /home/lutxise/Projects/Lutxise/vendor/laravel/framework/src/Illuminate/Database/Connection.php(1267): Illuminate\\Database\\Connection->getPdo()
#7 /home/lutxise/Projects/Lutxise/vendor/laravel/framework/src/Illuminate/Database/Connection.php(512): Illuminate\\Database\\Connection->getReadPdo()
#8 /home/lutxise/Projects/Lutxise/vendor/laravel/framework/src/Illuminate/Database/Connection.php(407): Illuminate\\Database\\Connection->getPdoForSelect()
#9 /home/lutxise/Projects/Lutxise/vendor/laravel/framework/src/Illuminate/Database/Connection.php(812): Illuminate\\Database\\Connection->Illuminate\\Database\\{closure}()
#10 /home/lutxise/Projects/Lutxise/vendor/laravel/framework/src/Illuminate/Database/Connection.php(779): Illuminate\\Database\\Connection->runQueryCallback()
#11 /home/lutxise/Projects/Lutxise/vendor/laravel/framework/src/Illuminate/Database/Connection.php(398): Illuminate\\Database\\Connection->run()
#12 /home/lutxise/Projects/Lutxise/vendor/laravel/framework/src/Illuminate/Database/Query/Builder.php(3133): Illuminate\\Database\\Connection->select()
#13 /home/lutxise/Projects/Lutxise/vendor/laravel/framework/src/Illuminate/Database/Query/Builder.php(3118): Illuminate\\Database\\Query\\Builder->runSelect()
#14 /home/lutxise/Projects/Lutxise/vendor/laravel/framework/src/Illuminate/Database/Query/Builder.php(3706): Illuminate\\Database\\Query\\Builder->Illuminate\\Database\\Query\\{closure}()
#15 /home/lutxise/Projects/Lutxise/vendor/laravel/framework/src/Illuminate/Database/Query/Builder.php(3117): Illuminate\\Database\\Query\\Builder->onceWithColumns()
#16 /home/lutxise/Projects/Lutxise/vendor/laravel/framework/src/Illuminate/Database/Concerns/BuildsQueries.php(344): Illuminate\\Database\\Query\\Builder->get()
#17 /home/lutxise/Projects/Lutxise/vendor/laravel/framework/src/Illuminate/Database/Query/Builder.php(3038): Illuminate\\Database\\Query\\Builder->first()
#18 /home/lutxise/Projects/Lutxise/vendor/laravel/framework/src/Illuminate/Session/DatabaseSessionHandler.php(97): Illuminate\\Database\\Query\\Builder->find()
#19 /home/lutxise/Projects/Lutxise/vendor/laravel/framework/src/Illuminate/Session/Store.php(116): Illuminate\\Session\\DatabaseSessionHandler->read()
#20 /home/lutxise/Projects/Lutxise/vendor/laravel/framework/src/Illuminate/Session/Store.php(104): Illuminate\\Session\\Store->readFromHandler()
#21 /home/lutxise/Projects/Lutxise/vendor/laravel/framework/src/Illuminate/Session/Store.php(88): Illuminate\\Session\\Store->loadSession()
#22 /home/lutxise/Projects/Lutxise/vendor/laravel/framework/src/Illuminate/Session/Middleware/StartSession.php(147): Illuminate\\Session\\Store->start()
#23 /home/lutxise/Projects/Lutxise/vendor/laravel/framework/src/Illuminate/Support/helpers.php(399): Illuminate\\Session\\Middleware\\StartSession->Illuminate\\Session\\Middleware\\{closure}()
#24 /home/lutxise/Projects/Lutxise/vendor/laravel/framework/src/Illuminate/Session/Middleware/StartSession.php(144): tap()
#25 /home/lutxise/Projects/Lutxise/vendor/laravel/framework/src/Illuminate/Session/Middleware/StartSession.php(116): Illuminate\\Session\\Middleware\\StartSession->startSession()
#26 /home/lutxise/Projects/Lutxise/vendor/laravel/framework/src/Illuminate/Session/Middleware/StartSession.php(64): Illuminate\\Session\\Middleware\\StartSession->handleStatefulRequest()
#27 /home/lutxise/Projects/Lutxise/vendor/laravel/framework/src/Illuminate/Pipeline/Pipeline.php(183): Illuminate\\Session\\Middleware\\StartSession->handle()
#28 /home/lutxise/Projects/Lutxise/vendor/laravel/framework/src/Illuminate/Cookie/Middleware/AddQueuedCookiesToResponse.php(37): Illuminate\\Pipeline\\Pipeline->Illuminate\\Pipeline\\{closure}()
#29 /home/lutxise/Projects/Lutxise/vendor/laravel/framework/src/Illuminate/Pipeline/Pipeline.php(183): Illuminate\\Cookie\\Middleware\\AddQueuedCookiesToResponse->handle()
#30 /home/lutxise/Projects/Lutxise/vendor/laravel/framework/src/Illuminate/Cookie/Middleware/EncryptCookies.php(75): Illuminate\\Pipeline\\Pipeline->Illuminate\\Pipeline\\{closure}()
#31 /home/lutxise/Projects/Lutxise/vendor/laravel/framework/src/Illuminate/Pipeline/Pipeline.php(183): Illuminate\\Cookie\\Middleware\\EncryptCookies->handle()
#32 /home/lutxise/Projects/Lutxise/vendor/laravel/framework/src/Illuminate/Pipeline/Pipeline.php(119): Illuminate\\Pipeline\\Pipeline->Illuminate\\Pipeline\\{closure}()
#33 /home/lutxise/Projects/Lutxise/vendor/laravel/framework/src/Illuminate/Routing/Router.php(807): Illuminate\\Pipeline\\Pipeline->then()
#34 /home/lutxise/Projects/Lutxise/vendor/laravel/framework/src/Illuminate/Routing/Router.php(786): Illuminate\\Routing\\Router->runRouteWithinStack()
#35 /home/lutxise/Projects/Lutxise/vendor/laravel/framework/src/Illuminate/Routing/Router.php(750): Illuminate\\Routing\\Router->runRoute()
#36 /home/lutxise/Projects/Lutxise/vendor/laravel/framework/src/Illuminate/Routing/Router.php(739): Illuminate\\Routing\\Router->dispatchToRoute()
#37 /home/lutxise/Projects/Lutxise/vendor/laravel/framework/src/Illuminate/Foundation/Http/Kernel.php(201): Illuminate\\Routing\\Router->dispatch()
#38 /home/lutxise/Projects/Lutxise/vendor/laravel/framework/src/Illuminate/Pipeline/Pipeline.php(144): Illuminate\\Foundation\\Http\\Kernel->Illuminate\\Foundation\\Http\\{closure}()
#39 /home/lutxise/Projects/Lutxise/vendor/livewire/livewire/src/Features/SupportDisablingBackButtonCache/DisableBackButtonCacheMiddleware.php(19): Illuminate\\Pipeline\\Pipeline->Illuminate\\Pipeline\\{closure}()
#40 /home/lutxise/Projects/Lutxise/vendor/laravel/framework/src/Illuminate/Pipeline/Pipeline.php(183): Livewire\\Features\\SupportDisablingBackButtonCache\\DisableBackButtonCacheMiddleware->handle()
#41 /home/lutxise/Projects/Lutxise/vendor/laravel/framework/src/Illuminate/Foundation/Http/Middleware/TransformsRequest.php(21): Illuminate\\Pipeline\\Pipeline->Illuminate\\Pipeline\\{closure}()
#42 /home/lutxise/Projects/Lutxise/vendor/laravel/framework/src/Illuminate/Foundation/Http/Middleware/ConvertEmptyStringsToNull.php(31): Illuminate\\Foundation\\Http\\Middleware\\TransformsRequest->handle()
#43 /home/lutxise/Projects/Lutxise/vendor/laravel/framework/src/Illuminate/Pipeline/Pipeline.php(183): Illuminate\\Foundation\\Http\\Middleware\\ConvertEmptyStringsToNull->handle()
#44 /home/lutxise/Projects/Lutxise/vendor/laravel/framework/src/Illuminate/Foundation/Http/Middleware/TransformsRequest.php(21): Illuminate\\Pipeline\\Pipeline->Illuminate\\Pipeline\\{closure}()
#45 /home/lutxise/Projects/Lutxise/vendor/laravel/framework/src/Illuminate/Foundation/Http/Middleware/TrimStrings.php(51): Illuminate\\Foundation\\Http\\Middleware\\TransformsRequest->handle()
#46 /home/lutxise/Projects/Lutxise/vendor/laravel/framework/src/Illuminate/Pipeline/Pipeline.php(183): Illuminate\\Foundation\\Http\\Middleware\\TrimStrings->handle()
#47 /home/lutxise/Projects/Lutxise/vendor/laravel/framework/src/Illuminate/Http/Middleware/ValidatePostSize.php(27): Illuminate\\Pipeline\\Pipeline->Illuminate\\Pipeline\\{closure}()
#48 /home/lutxise/Projects/Lutxise/vendor/laravel/framework/src/Illuminate/Pipeline/Pipeline.php(183): Illuminate\\Http\\Middleware\\ValidatePostSize->handle()
#49 /home/lutxise/Projects/Lutxise/vendor/laravel/framework/src/Illuminate/Foundation/Http/Middleware/PreventRequestsDuringMaintenance.php(110): Illuminate\\Pipeline\\Pipeline->Illuminate\\Pipeline\\{closure}()
#50 /home/lutxise/Projects/Lutxise/vendor/laravel/framework/src/Illuminate/Pipeline/Pipeline.php(183): Illuminate\\Foundation\\Http\\Middleware\\PreventRequestsDuringMaintenance->handle()
#51 /home/lutxise/Projects/Lutxise/vendor/laravel/framework/src/Illuminate/Http/Middleware/HandleCors.php(49): Illuminate\\Pipeline\\Pipeline->Illuminate\\Pipeline\\{closure}()
#52 /home/lutxise/Projects/Lutxise/vendor/laravel/framework/src/Illuminate/Pipeline/Pipeline.php(183): Illuminate\\Http\\Middleware\\HandleCors->handle()
#53 /home/lutxise/Projects/Lutxise/vendor/laravel/framework/src/Illuminate/Http/Middleware/TrustProxies.php(58): Illuminate\\Pipeline\\Pipeline->Illuminate\\Pipeline\\{closure}()
#54 /home/lutxise/Projects/Lutxise/vendor/laravel/framework/src/Illuminate/Pipeline/Pipeline.php(183): Illuminate\\Http\\Middleware\\TrustProxies->handle()
#55 /home/lutxise/Projects/Lutxise/vendor/laravel/framework/src/Illuminate/Foundation/Http/Middleware/InvokeDeferredCallbacks.php(22): Illuminate\\Pipeline\\Pipeline->Illuminate\\Pipeline\\{closure}()
#56 /home/lutxise/Projects/Lutxise/vendor/laravel/framework/src/Illuminate/Pipeline/Pipeline.php(183): Illuminate\\Foundation\\Http\\Middleware\\InvokeDeferredCallbacks->handle()
#57 /home/lutxise/Projects/Lutxise/vendor/laravel/framework/src/Illuminate/Pipeline/Pipeline.php(119): Illuminate\\Pipeline\\Pipeline->Illuminate\\Pipeline\\{closure}()
#58 /home/lutxise/Projects/Lutxise/vendor/laravel/framework/src/Illuminate/Foundation/Http/Kernel.php(176): Illuminate\\Pipeline\\Pipeline->then()
#59 /home/lutxise/Projects/Lutxise/vendor/laravel/framework/src/Illuminate/Foundation/Http/Kernel.php(145): Illuminate\\Foundation\\Http\\Kernel->sendRequestThroughRouter()
#60 /home/lutxise/Projects/Lutxise/vendor/laravel/framework/src/Illuminate/Foundation/Application.php(1190): Illuminate\\Foundation\\Http\\Kernel->handle()
#61 /home/lutxise/Projects/Lutxise/public/index.php(17): Illuminate\\Foundation\\Application->handleRequest()
#62 /home/lutxise/Projects/Lutxise/vendor/laravel/framework/src/Illuminate/Foundation/resources/server.php(23): require_once('...')
#63 {main}
"} 
